heures_etude,absences,notes_precedentes,heures_sommeil,participation,reseaux_sociaux,motivation,soutien_famille,activite_extra,stress,note_finale,reussite,risque_abandon,niveau
6.241785382528082,2,12.34824428290774,6.4316242356904425,7.0,4.584879996622064,10.0,0.0,3.0,7.0,13.49100641817525,1,0,Bien
4.654339247072039,3,14.922399972479084,10.135583019591328,8.0,2.468374946307242,10.0,7.0,4.0,2.0,13.334428944818145,1,0,Bien
6.619221345251731,3,10.533524496697956,8.29119615791909,1.0,1.7188680305073047,6.0,5.0,1.0,9.0,11.009921438372928,1,1,Assez Bien
8.807574641020064,3,11.71920249646007,8.407929353588468,7.0,1.9602647706086622,3.0,9.0,1.0,3.0,12.152345334276411,1,0,Bien
4.41461656319166,2,11.400080635707367,8.77971390357099,7.0,4.824982569546637,1.0,6.0,4.0,2.0,11.435142016422056,1,0,Assez Bien
4.414657607627048,5,11.006312272247449,7.841533125037173,4.0,3.5173189194166468,7.0,4.0,3.0,5.0,11.103258772194,1,0,Assez Bien
8.948032038768478,5,7.187300768007628,7.2412170952271575,4.0,9.200785645272834,10.0,5.0,1.0,1.0,7.315228958815383,0,0,Insuffisant
6.918586822882272,4,14.879556106030126,8.324613793295935,3.0,3.9993916359436974,5.0,5.0,5.0,5.0,12.643346515813214,1,0,Bien
3.8263140351626195,3,12.033183788555926,5.907667791563961,4.0,4.471825998595572,10.0,8.0,2.0,10.0,11.312161552139903,1,0,Assez Bien
6.356400108964912,7,12.382085215009022,4.171073977267358,1.0,0.0,5.0,9.0,3.0,4.0,10.725542827547716,1,0,Assez Bien
3.8414557679688444,4,8.177216298410462,8.445993869248646,1.0,0.6548512488887859,8.0,3.0,4.0,6.0,9.519445830763894,0,0,Passable
3.835675616074358,3,9.392728607037657,9.47547621149845,4.0,1.1964964486051457,5.0,10.0,3.0,5.0,10.192601506017683,1,0,Assez Bien
5.6049056789150855,0,10.383530308012276,4.763536121287937,10.0,2.6674233496525597,5.0,4.0,5.0,9.0,14.874722313988167,1,0,Très Bien
0.21679938835550505,2,5.63056357292902,8.643842964831801,2.0,0.29440694489401853,1.0,3.0,3.0,5.0,9.14954991595748,0,0,Passable
0.6877054187174183,3,5.091879861808127,10.36153142677638,0.0,1.1126767124080779,2.0,0.0,0.0,8.0,6.183283451763243,0,1,Insuffisant
3.594281176897568,3,8.897382242765012,6.9955075964857585,8.0,5.662343294926668,5.0,9.0,4.0,2.0,10.700710788603095,1,1,Assez Bien
2.4679221991639406,5,12.828822682548365,5.3639956305165075,1.0,1.8503438271235133,7.0,5.0,2.0,3.0,4.420125994885442,0,0,Insuffisant
5.785618331488185,4,8.714019135245207,7.2460373470535115,9.0,3.897468455020279,3.0,4.0,4.0,3.0,12.27788307648146,1,0,Bien
2.7299398111969726,5,7.434181808432503,5.898932063598597,1.0,5.480350785629878,1.0,3.0,0.0,3.0,2.8312029522175726,0,1,Insuffisant
1.4692407466617712,7,8.148600213668153,5.7665397800871965,3.0,6.366549872793112,2.0,5.0,4.0,6.0,7.766405767471246,0,1,Insuffisant
8.664121922303885,3,9.406301518991405,7.866368134543086,1.0,4.731310326342619,3.0,4.0,4.0,7.0,11.169446172850044,1,0,Assez Bien
4.435559248783661,5,9.761493630129637,3.7925410499402092,6.0,4.881853073967327,9.0,2.0,2.0,7.0,8.99402888242458,0,0,Passable
5.16882051171981,2,18.57932508272295,4.112142155015546,9.0,6.4431925606762865,8.0,1.0,0.0,7.0,10.30190920055303,1,0,Assez Bien
1.4381295344663583,6,14.691172199705614,7.038581760747886,0.0,5.035664466658682,4.0,5.0,4.0,3.0,8.341893253031193,0,1,Passable
3.6390431886870434,5,14.586709392986048,6.955382922175137,10.0,6.588563586032779,8.0,3.0,5.0,1.0,11.171011458680534,1,0,Assez Bien
5.277306474274665,6,15.090031274956836,7.687109154079872,1.0,0.0,9.0,10.0,4.0,6.0,13.534316843652167,1,0,Bien
2.122516056444243,3,7.504126957330827,10.750450776966776,10.0,3.7908011225729954,3.0,9.0,1.0,3.0,9.641458846790988,0,0,Passable
5.93924504586418,2,6.721723847544663,7.209028072151642,4.0,4.139218695203902,6.0,2.0,4.0,3.0,9.685099834027508,0,0,Passable
3.4984032752029877,1,7.125953979630801,8.196344300669589,1.0,3.705289338662017,8.0,7.0,2.0,3.0,8.162890634381847,0,0,Passable
4.270765625516808,2,15.670771466682432,5.048934128770736,8.0,4.3080012331160695,10.0,8.0,1.0,9.0,10.846148795487615,1,0,Assez Bien
3.495733469426508,3,9.084828738911282,8.535875327033075,3.0,2.9791681890772526,7.0,6.0,5.0,4.0,11.679050013688672,1,1,Assez Bien
9.630695461272344,2,6.6202533621624955,5.947218269778644,8.0,5.972443798621937,9.0,1.0,5.0,5.0,14.450273017453801,1,0,Très Bien
4.966256938155166,7,9.491513299230654,7.142841665162186,10.0,2.6610782651929363,7.0,7.0,5.0,3.0,14.548731169529802,1,0,Très Bien
2.355722677610249,2,10.164880638998804,6.782302749861676,0.0,3.4556425321111974,1.0,10.0,0.0,10.0,5.450395965857128,0,1,Insuffisant
7.056362280257972,4,11.939446457930968,9.065948469828061,0.0,7.61009416058971,9.0,10.0,5.0,1.0,15.093493304683696,1,0,Très Bien
1.9478908750724444,4,11.878328572492151,4.380046891250001,0.0,7.261097596705295,5.0,4.0,3.0,4.0,6.3653363008400925,0,1,Insuffisant
5.522158987511888,0,8.10136802644272,3.0,3.0,4.394086088846638,6.0,10.0,2.0,1.0,9.511119116432639,0,0,Passable
0.10082469030056096,4,13.399797373797988,6.573134605824151,8.0,2.4077794701968984,2.0,9.0,0.0,7.0,4.4175304001769975,0,1,Insuffisant
1.6795348777539236,6,8.762822631874446,7.937062513810249,7.0,0.0,2.0,6.0,1.0,7.0,3.7660344249117745,0,1,Insuffisant
5.492153089672809,4,10.45303282153235,7.304538751615,6.0,3.6716235720853514,4.0,4.0,3.0,4.0,9.22818142565123,0,0,Passable
6.846166449988527,7,13.403709246761743,9.464408474827822,0.0,5.270448594549179,4.0,1.0,0.0,5.0,7.723229880930315,0,0,Insuffisant
5.428420702974926,2,8.753625086194806,7.874745348359337,2.0,2.1970963466024958,5.0,3.0,2.0,10.0,9.219193363444411,0,0,Passable
4.710879294029398,4,9.007270017466018,5.872303336280281,8.0,4.0148218686943045,7.0,10.0,1.0,7.0,11.716405565238498,1,1,Assez Bien
4.247240761026778,5,13.070838173925958,3.0,8.0,3.1289024869820627,1.0,4.0,2.0,6.0,9.394217372938485,0,1,Passable
1.3036950240814313,5,7.997933881882432,6.525375531609564,4.0,0.0,10.0,5.0,2.0,4.0,8.407243323620117,0,0,Passable
3.2003894790132286,1,9.653227917385752,9.055918004515597,5.0,4.292915547619825,4.0,4.0,1.0,4.0,11.001762944788386,1,0,Assez Bien
3.848403072600531,5,12.945097623150124,6.215904434665771,10.0,5.087724516830275,9.0,9.0,5.0,2.0,14.172264991931591,1,0,Très Bien
7.642805565547289,3,18.189323545025914,7.056640527355529,5.0,4.398548453622684,8.0,10.0,4.0,10.0,17.779502350492415,1,0,Très Bien
5.859045723921153,4,13.118915766669613,7.842720508613417,9.0,8.03124441734752,3.0,0.0,2.0,2.0,10.817328247293926,1,1,Assez Bien
0.5923996115931649,2,12.65423917046504,4.969415251500369,3.0,3.1953323274771495,6.0,0.0,5.0,4.0,5.305820532498002,0,0,Insuffisant
5.810209923486988,5,12.857805542854553,8.246471793277635,0.0,2.9967092593475457,9.0,2.0,1.0,5.0,12.983624175493306,1,0,Bien
4.037294298959209,8,7.243834040765327,10.27424358000341,4.0,9.416150474283079,8.0,8.0,2.0,4.0,9.420497156569423,0,1,Passable
3.3076949992351032,4,11.404588585379678,6.654373296213187,0.0,0.878142616395758,7.0,10.0,4.0,3.0,12.57774571555216,1,0,Bien
6.52919072210217,9,10.895817290822594,4.741871156335396,0.0,2.4504491872569494,7.0,1.0,1.0,2.0,11.759507890015207,1,0,Assez Bien
7.577498806239877,3,12.125545891304647,6.866797945956052,10.0,4.902458127569628,1.0,9.0,0.0,4.0,12.833487563971842,1,1,Bien
7.328200297790497,3,11.407778183665547,3.0,4.0,6.81317737855839,5.0,4.0,0.0,5.0,11.66204417087582,1,0,Assez Bien
2.9019561919434036,0,12.328948870959893,7.673806527953232,4.0,6.3370893075322385,7.0,8.0,5.0,1.0,13.870258530195928,1,0,Bien
4.226969060371964,4,9.909864817852794,7.904548755297157,6.0,1.4002982533689692,2.0,6.0,0.0,1.0,8.916740142879421,0,0,Passable
5.82815857850891,4,11.205131210801275,10.351272587691124,1.0,8.069113051953899,6.0,10.0,3.0,6.0,11.34597579742668,1,1,Assez Bien
7.438862817805898,1,6.702600018800528,6.61201041486675,5.0,5.160150667843297,2.0,7.0,2.0,5.0,11.226066039560203,1,0,Assez Bien
3.8020644053867754,3,9.880324526989801,7.81697067629294,1.0,1.9515743623019435,3.0,1.0,2.0,4.0,10.917046386247577,1,0,Assez Bien
4.535852558340457,4,15.867917418618251,5.277423795228198,9.0,2.161998857116265,1.0,4.0,1.0,1.0,7.8554903938831355,0,0,Insuffisant
2.2341625649849295,7,12.115829188698896,6.287145758949842,4.0,4.178866767582503,3.0,8.0,3.0,7.0,6.280408825871867,0,1,Insuffisant
2.009483439798323,4,10.926776369159231,3.949629126675604,3.0,9.380809784858645,7.0,0.0,2.0,4.0,1.3569132780702136,0,1,Insuffisant
7.031314555985495,3,17.636431466890215,6.610420757433529,10.0,4.53112014375287,5.0,0.0,1.0,3.0,14.76971910922778,1,0,Très Bien
8.390600071427057,1,6.237077575946223,6.38938169296287,9.0,9.357903795054632,4.0,9.0,4.0,7.0,12.541637896619182,1,0,Bien
4.819974696049165,5,7.116905555938231,7.598399532177792,4.0,6.19521846269675,8.0,7.0,2.0,2.0,9.213034013975854,0,0,Passable
7.50883224473006,7,16.994489939466956,5.7528062393347215,1.0,0.8442538194456954,8.0,1.0,5.0,10.0,12.11458611417642,1,0,Bien
5.904090062619085,4,11.160863276171268,7.166690701950184,7.0,7.518776035555613,1.0,8.0,2.0,1.0,9.6253971860727,0,1,Passable
3.387200613487189,4,10.150959372985723,6.333239888784669,7.0,1.639621494950119,9.0,9.0,4.0,4.0,12.945074350492186,1,0,Bien
5.9034890137710345,1,6.8027848621652485,6.337001223400971,5.0,2.462220422224397,9.0,8.0,4.0,8.0,11.658822108717482,1,0,Assez Bien
8.845091416164923,8,12.566936932382541,7.16072465192606,2.0,4.689382671550921,2.0,3.0,2.0,6.0,8.642256448425929,0,1,Passable
4.910434902225121,4,12.905609543346118,7.08104588463402,3.0,3.928912112618877,2.0,1.0,4.0,9.0,10.162621989656591,1,1,Assez Bien
8.911609139535015,1,7.1692697370778635,8.522348078103278,0.0,6.2335360896181395,8.0,2.0,1.0,1.0,10.915952181013457,1,0,Assez Bien
0.0,1,10.509035450573501,6.75871393174033,8.0,5.254304831659557,6.0,9.0,2.0,1.0,9.251663671133008,0,0,Passable
7.05475626093806,2,9.825694587884268,6.300229301753994,9.0,3.7051792729950703,3.0,0.0,2.0,5.0,9.396503345854232,0,0,Passable
5.217617670595428,4,11.895920012465698,6.638385109825547,4.0,8.247315386566896,2.0,2.0,0.0,6.0,5.611992326010539,0,1,Insuffisant
4.252481623835331,0,7.082624152227746,5.570671766318015,7.0,2.8136534521354517,5.0,4.0,5.0,8.0,13.338571102792871,1,1,Bien
5.229401941338756,7,15.38181609079605,6.280177812866657,2.0,1.4999383991095576,8.0,2.0,2.0,3.0,18.241147232451645,1,0,Très Bien
0.031077713497768222,4,14.205383235591615,11.062317426146462,3.0,5.1582478148307205,6.0,2.0,0.0,6.0,4.602380757462121,0,1,Insuffisant
4.45082028040622,7,9.728885544435144,5.174642478608266,3.0,3.9545415517716176,3.0,9.0,4.0,3.0,12.101888707093218,1,1,Bien
5.892781428779366,6,10.2425345092657,6.442687332241381,7.0,4.613440654447711,9.0,5.0,5.0,8.0,10.308980775601484,1,1,Assez Bien
8.69473511185379,5,10.522522474028344,6.225022673460619,8.0,5.845403621020243,8.0,2.0,5.0,4.0,12.331811429572124,1,0,Bien
3.7043244543158815,7,8.275920064477239,6.505656775511201,2.0,3.5372679258201964,10.0,2.0,4.0,2.0,7.508465418090101,0,0,Insuffisant
2.978765992767031,6,9.447997036177375,6.33752138224321,6.0,8.646522241696285,6.0,8.0,1.0,9.0,4.919160281186118,0,1,Insuffisant
3.745607391038659,8,10.054053713138869,7.5584802024419995,8.0,4.662466324533187,1.0,1.0,0.0,10.0,2.5334890291530927,0,1,Insuffisant
7.288505294255185,4,16.64503929747495,3.5796497972164114,1.0,2.8740159224215533,2.0,0.0,2.0,8.0,6.92842029138782,0,0,Insuffisant
5.821877774149211,2,14.313164079156529,9.074342945064009,3.0,5.473948112401629,4.0,9.0,0.0,6.0,10.2807444706809,1,0,Assez Bien
3.675599490582403,8,14.271291475678183,8.265165599284394,2.0,3.7862968473824683,2.0,7.0,4.0,3.0,9.77188425321867,0,1,Passable
6.28316858278339,6,12.294739645515365,4.51425682787373,7.0,4.283242049085145,3.0,2.0,4.0,2.0,11.312118595822135,1,0,Assez Bien
5.242693873370101,2,7.0893554687406795,3.0,3.0,1.234668927286228,8.0,6.0,1.0,4.0,10.88810195347721,1,0,Assez Bien
7.421612476332223,5,10.854781133979174,5.045855707717198,8.0,1.5180163120108658,9.0,1.0,5.0,4.0,12.656273998806697,1,0,Bien
3.244867265306619,4,14.39670960864683,6.514667077145755,0.0,6.653975842283478,6.0,10.0,5.0,1.0,7.203066181115829,0,0,Insuffisant
4.180844633505579,3,6.596073797214492,12.0,0.0,0.9141063719266977,4.0,10.0,4.0,9.0,8.665232441087394,0,0,Passable
4.019729617169606,4,13.227936224056425,8.086513929948547,3.0,3.694059417478419,2.0,7.0,0.0,10.0,8.938123082260676,0,1,Passable
1.3412126296697036,3,19.129132288419683,3.384820701637085,2.0,4.814626594631597,7.0,8.0,5.0,8.0,10.413766921174181,1,0,Assez Bien
5.740300692661441,3,14.71635826096406,5.620688990198112,2.0,7.532565037806014,10.0,7.0,2.0,7.0,8.547689919981028,0,0,Passable
5.652638180449723,6,15.949101974466956,6.893575127454033,9.0,2.7968059697690997,7.0,7.0,2.0,6.0,13.510308329780269,1,0,Bien
5.012783641606152,3,11.764185626547562,7.507367108596194,1.0,5.897248637188802,10.0,7.0,0.0,3.0,9.138534224232778,0,0,Passable
4.413532166562133,3,14.387761820677465,4.370502279379155,9.0,3.698688129822712,9.0,6.0,1.0,4.0,12.972092811651743,1,0,Bien
1.4615731448739644,3,8.487513749760875,6.730019544045877,9.0,0.0,5.0,1.0,2.0,2.0,9.570438979253574,0,0,Passable
3.9483866930866025,5,13.785523343194292,5.564721724778918,1.0,4.115189469589705,10.0,7.0,0.0,7.0,5.073396680550323,0,0,Insuffisant
4.143213708683076,3,13.290358469212672,4.7924828747953665,7.0,3.8327312658189046,4.0,4.0,0.0,2.0,9.726359256553849,0,0,Passable
2.9943068269459525,4,12.01468910913182,7.519191293397908,0.0,5.062804181052559,10.0,5.0,4.0,10.0,6.239615855874814,0,1,Insuffisant
4.596785720834977,3,15.606025969014745,8.547754346885645,7.0,2.3933756800742376,6.0,3.0,5.0,1.0,12.34251486562307,1,0,Bien
6.010127142036346,3,9.11425306753414,8.68208255392324,9.0,2.6599376927545517,2.0,0.0,4.0,6.0,5.032613952386916,0,1,Insuffisant
9.715464753026325,6,10.345298692342181,8.148772702267753,2.0,7.0026736452627105,2.0,4.0,5.0,4.0,9.353557712659011,0,0,Passable
5.436444532079597,4,11.334117144754037,6.005260933719474,1.0,3.1596335037587195,9.0,2.0,1.0,8.0,9.818954098738706,0,0,Passable
5.64387597680691,7,7.396361601187098,8.429099522927011,8.0,0.0,7.0,8.0,1.0,1.0,10.902214786798996,1,0,Assez Bien
4.813885210584582,0,11.794261803300868,7.618108876208575,4.0,5.226111120856672,7.0,3.0,1.0,9.0,10.45610358622789,1,0,Assez Bien
0.2030719617523964,6,4.983743554661536,7.267883765904027,4.0,6.156411491659554,5.0,9.0,0.0,6.0,1.8129943513426585,0,1,Insuffisant
4.933715311376957,3,14.664340870498732,5.7766137565964035,5.0,6.134409045304864,7.0,1.0,0.0,2.0,6.699101311948019,0,0,Insuffisant
5.150575524852566,4,11.16323078298088,6.006247745316943,3.0,2.461667635877129,9.0,3.0,4.0,8.0,9.743521469483518,0,0,Passable
11.158105281213215,3,9.176874836336829,7.147773872249108,6.0,4.000572354632406,10.0,2.0,2.0,5.0,14.495588463257176,1,0,Très Bien
4.5190975880471935,5,8.079692356967074,11.879748933971003,6.0,5.3281939752420255,5.0,2.0,5.0,5.0,7.008026110627406,0,0,Insuffisant
5.753868355834031,3,10.178973396332843,7.60248496018278,10.0,6.409781701692605,9.0,4.0,5.0,5.0,9.304070576523058,0,0,Passable
4.913220575736892,2,13.408908987703448,5.777622995499428,8.0,5.255200961883269,1.0,0.0,1.0,7.0,13.716902255390838,1,0,Bien
2.07830490595117,1,12.917086425581463,5.335221110061115,5.0,5.939059215158089,3.0,4.0,5.0,7.0,9.272733198874514,0,0,Passable
7.857057036287552,4,8.530617184525386,6.016466774687594,0.0,2.1696312747502677,7.0,7.0,3.0,10.0,11.654877935215827,1,0,Assez Bien
6.8798325817169355,9,8.03886114580328,11.35458689509813,8.0,0.0,4.0,9.0,1.0,7.0,6.923354219592573,0,1,Insuffisant
6.977579867607617,2,13.299145472118767,6.201486708108076,9.0,6.6342380057777195,2.0,8.0,5.0,10.0,15.536463454553461,1,1,Très Bien
2.7265313630131525,6,8.471784083847396,8.813741069220569,8.0,1.634955308700997,3.0,0.0,4.0,2.0,4.859627775625421,0,0,Insuffisant
8.506985777340248,5,11.209684209278262,6.248143509057288,4.0,3.5714477157227376,7.0,1.0,5.0,8.0,8.473516366955574,0,0,Passable
1.495372343019298,3,11.43314124883497,7.5223690825592575,6.0,6.019607369320961,8.0,1.0,0.0,1.0,11.653631487243063,1,0,Assez Bien
6.467142734500676,3,12.092217461043585,8.583490548017444,0.0,4.066715126436372,9.0,5.0,4.0,2.0,12.821433344383493,1,0,Bien
10.476139064524947,2,14.003946505636552,5.856194300380152,3.0,5.756675479329498,6.0,0.0,4.0,7.0,16.571830111036252,1,0,Très Bien
2.523659187173279,4,6.579629720964371,5.717776691694461,9.0,10.0,10.0,10.0,4.0,4.0,6.173056459782273,0,1,Insuffisant
3.58425567599307,3,4.310942361588293,10.31773938891066,3.0,5.378789672450194,9.0,0.0,3.0,10.0,3.312663418680876,0,1,Insuffisant
5.249128412719103,1,9.01393451570077,8.969185789791593,4.0,2.178411071097309,4.0,1.0,3.0,10.0,14.333449412509744,1,0,Très Bien
3.7413108647095017,5,17.30534942741265,8.581344637381456,5.0,0.38196634775935134,5.0,3.0,5.0,9.0,8.370703862404927,0,0,Passable
1.1233414223346685,4,18.077609350305824,8.574552586245828,3.0,5.691699886955004,1.0,1.0,1.0,9.0,6.22260033181157,0,1,Insuffisant
5.171407437015068,7,17.409119974480607,7.919150976622131,5.0,4.203767602701067,9.0,3.0,5.0,3.0,11.837848220229475,1,0,Assez Bien
2.344240715684738,4,10.324565212837586,11.03555162635013,9.0,0.552600681952216,9.0,2.0,5.0,3.0,10.564817702393363,1,0,Assez Bien
6.183981076587954,7,4.762597213053099,7.087816603754313,6.0,6.947675883440562,9.0,2.0,5.0,9.0,8.832150450165635,0,1,Passable
2.7014394144154923,4,2.7993631442185567,8.15452473440184,2.0,5.8103715472690975,3.0,8.0,0.0,10.0,0.8490267746890205,0,1,Insuffisant
8.874836012543849,3,8.85086643457706,4.098174142811975,8.0,3.9710360384241508,10.0,7.0,4.0,8.0,15.979975559679556,1,0,Très Bien
3.041866769159407,0,10.306742294477239,5.350078626817519,7.0,9.467016234145117,10.0,9.0,2.0,1.0,9.441108388003853,0,0,Passable
4.194846209485811,4,15.552188903695857,4.598362000329919,0.0,6.557924922911033,10.0,8.0,1.0,6.0,9.955531104316044,0,0,Passable
7.033793043424174,1,14.03731910839856,9.548127167032298,1.0,1.5233901241342824,8.0,0.0,1.0,7.0,10.881131053485621,1,0,Assez Bien
1.922839208915112,3,11.795917776470672,3.0,1.0,6.931580151290432,3.0,4.0,4.0,8.0,3.506051316831892,0,1,Insuffisant
5.568649836510324,3,7.885543301706004,6.1953799544945545,9.0,4.637304538230913,6.0,3.0,1.0,2.0,8.495005680890563,0,0,Passable
8.26785688570607,2,7.637271546142884,3.0,8.0,8.733271419499477,5.0,10.0,4.0,1.0,13.811494956192705,1,0,Bien
0.9812919135969311,5,11.889446904750024,5.33742420903622,8.0,6.3574598856518065,8.0,8.0,1.0,4.0,9.425013377361937,0,1,Passable
5.461584646330761,5,13.439678425939043,6.018102100536267,8.0,5.210763225531636,3.0,2.0,5.0,1.0,11.433473561668933,1,0,Assez Bien
5.649706985621059,5,12.371584417859546,9.769742187588088,0.0,5.068445261284778,1.0,4.0,0.0,2.0,10.766896593005534,1,0,Assez Bien
6.954557179443276,3,7.3789071413767084,7.793255878442914,6.0,1.028787453882507,9.0,7.0,1.0,3.0,11.200042504427067,1,0,Assez Bien
1.9076232228047951,4,13.277336700772302,5.333716953342067,10.0,2.7199421791787355,10.0,9.0,1.0,4.0,10.867867852818609,1,0,Assez Bien
1.698858467289309,0,12.49068838485494,9.131927439463652,2.0,4.52088168040279,9.0,4.0,2.0,6.0,7.6346708941862325,0,0,Insuffisant
6.304853914042244,3,7.252667578334377,7.035664509059515,10.0,0.5706254236468054,3.0,8.0,0.0,8.0,10.760761100322298,1,0,Assez Bien
5.742461683082965,3,8.254876603949105,7.075133717414505,8.0,5.167972359386113,2.0,1.0,5.0,9.0,8.35392495949264,0,1,Passable
5.626232125864691,8,13.409735910965484,4.594656984456016,7.0,2.1418048046043103,4.0,5.0,0.0,4.0,10.672266923411444,1,0,Assez Bien
5.866120523742439,4,10.179223626989382,5.019972572193721,2.0,3.017050458602416,8.0,4.0,0.0,1.0,11.64014383398617,1,0,Assez Bien
3.2999381960537733,4,16.5620155557276,5.349805400108951,0.0,5.776751258176492,6.0,8.0,1.0,5.0,9.407971273807455,0,1,Passable
5.580634242902509,4,12.753952466226018,7.09292254630838,8.0,2.610125184451324,10.0,6.0,3.0,5.0,13.505120508820863,1,0,Bien
5.732681183246703,2,9.296790841337558,7.15577145396135,9.0,5.17371899572675,1.0,7.0,1.0,9.0,8.775567551674097,0,1,Passable
3.21412145493408,5,10.964280398631736,10.088185327048091,0.0,4.362425064829759,8.0,6.0,4.0,6.0,9.373286624705127,0,0,Passable
9.664436277861892,2,11.221841874232014,7.7701103358756685,2.0,1.3534385259571837,5.0,9.0,2.0,5.0,12.48554809292477,1,0,Bien
6.184582302279469,5,8.450633903654015,3.0,5.0,6.203484099763303,6.0,9.0,0.0,10.0,9.107153465917031,0,1,Passable
2.0217412569933786,3,7.8059413063783065,7.525283975743381,5.0,6.331883080790648,5.0,4.0,4.0,10.0,4.905835888024451,0,1,Insuffisant
6.6413840215845745,4,13.454864628333247,4.099967287664935,10.0,6.467760496088649,10.0,10.0,5.0,5.0,12.370108472691264,1,0,Bien
2.5632958244316963,6,13.958456539647335,5.068058150776928,9.0,8.769201585784948,5.0,4.0,4.0,8.0,4.944237114188684,0,1,Insuffisant
6.96771150935613,3,13.113235143435356,5.37566105654734,3.0,2.972162246614973,3.0,10.0,3.0,1.0,15.684166605167173,1,0,Très Bien
7.89648894751851,9,16.303613330133306,5.673323352975396,1.0,0.0,4.0,3.0,0.0,5.0,9.395624831118429,0,0,Passable
2.9482942041207236,4,9.103793673959393,4.249701215919394,9.0,2.357484300860785,5.0,1.0,1.0,1.0,15.413480943724984,1,0,Très Bien
7.4084403231108045,4,16.859947681248954,7.406964006904575,5.0,6.398730013550306,2.0,8.0,0.0,7.0,14.150343466376468,1,0,Très Bien
6.031952317341245,1,7.8467760850604655,4.178395429818082,9.0,3.7965751913488814,6.0,9.0,2.0,7.0,12.197413108496947,1,0,Bien
7.055150399986225,7,7.455600528210275,7.713335214499693,4.0,0.4880682927188671,2.0,9.0,0.0,10.0,10.83645259311946,1,1,Assez Bien
9.741982456634869,4,4.840143912477624,11.47394215412326,5.0,0.0,4.0,9.0,4.0,8.0,12.261284255488018,1,0,Bien
4.386529709992824,4,9.439716401606141,4.341281882131872,6.0,7.550887529208497,1.0,9.0,4.0,7.0,4.737962604181211,0,1,Insuffisant
3.115659589106276,4,9.236971821096912,6.430979391321555,10.0,5.521456392070981,4.0,2.0,1.0,9.0,7.382862932079463,0,1,Insuffisant
2.776213925936192,3,12.840780480891276,3.0,8.0,2.758335685634745,7.0,10.0,1.0,8.0,8.216297447333021,0,0,Passable
2.960474287586404,1,11.853618295671579,6.398129414059734,6.0,8.706288827040252,8.0,10.0,1.0,8.0,6.1238224820764895,0,1,Insuffisant
4.80724572646474,3,6.8245932014330215,8.285434305262967,3.0,10.0,2.0,2.0,5.0,3.0,7.84691897199399,0,1,Insuffisant
5.852879937041609,9,9.625458165509638,8.441278462714534,9.0,6.587112758472686,3.0,2.0,2.0,10.0,6.854743162848073,0,1,Insuffisant
5.691726998325048,2,9.699882926193101,7.154727460568194,4.0,5.888358044046957,1.0,7.0,5.0,4.0,12.190156786255717,1,1,Bien
7.06795812259006,7,4.784062135633375,8.778526849517952,5.0,5.320633998356014,7.0,5.0,5.0,4.0,7.870517695261568,0,0,Insuffisant
5.032504729694767,2,7.5666864554532065,12.0,8.0,6.139224041945484,4.0,0.0,5.0,1.0,15.417662593312508,1,0,Très Bien
8.633835192893292,5,8.302152292850687,10.4246093748752,4.0,8.895924516960925,10.0,2.0,0.0,6.0,9.399334726690643,0,0,Passable
4.33835791690511,0,16.01768756937331,5.954958141180726,4.0,1.5682042966109004,8.0,3.0,3.0,2.0,13.007047465661048,1,0,Bien
11.800422916474048,3,11.670077505850735,4.097792027066523,6.0,3.152308974259972,5.0,1.0,0.0,9.0,13.227654501987125,1,0,Bien
6.564168369412515,9,13.317590638816249,6.187697166852393,1.0,3.880531171914717,9.0,5.0,1.0,1.0,9.2331419429348,0,0,Passable
2.8571061089592935,6,5.7547757599777585,5.106034468765303,2.0,5.435771212444026,6.0,9.0,2.0,1.0,6.855324962250794,0,1,Insuffisant
2.3227687548472193,8,15.179750690548971,7.902695095729265,1.0,7.9135641593620445,10.0,0.0,5.0,10.0,5.227902380268563,0,1,Insuffisant
6.206181038107963,5,15.553857220584325,4.637612921141004,9.0,5.032073233949174,2.0,0.0,0.0,6.0,10.93755244158329,1,1,Assez Bien
4.441343036685373,5,4.005792614993808,6.854355134819316,9.0,5.5630846711676805,1.0,7.0,4.0,1.0,9.580387205008678,0,1,Passable
6.78500123523023,5,8.531391466294531,8.676028109072622,1.0,5.691793118375815,1.0,3.0,5.0,3.0,6.4990115702675695,0,1,Insuffisant
6.183094061433862,2,12.735179505554287,6.798608254365646,2.0,4.057714151738846,9.0,0.0,0.0,10.0,6.455118275472574,0,0,Insuffisant
4.817927718357818,9,13.255359587383637,5.107372354504407,5.0,2.959669777157525,1.0,6.0,4.0,2.0,8.076379551365298,0,1,Passable
2.8830157048289875,5,8.625268443294724,9.349628115171384,4.0,4.18669151802207,3.0,8.0,0.0,9.0,4.848258361218813,0,1,Insuffisant
1.2128819382853386,1,9.930751879312215,3.2420381104923455,10.0,2.3642599533197632,2.0,9.0,0.0,5.0,6.976920575266737,0,0,Insuffisant
3.883712619832447,4,8.909166286342,6.344409888245074,4.0,2.407259936505898,4.0,6.0,5.0,6.0,3.8986172098255656,0,0,Insuffisant
7.14099698580868,5,11.386463164311419,6.91667995323733,1.0,4.920088936375532,1.0,0.0,0.0,2.0,7.798280524136031,0,0,Insuffisant
5.53523436032551,3,15.190124860116695,7.031817316799263,1.0,2.8044381336982855,1.0,0.0,1.0,8.0,10.255868864527576,1,1,Assez Bien
1.8856530532200297,5,8.301352450005783,7.360992112156162,0.0,8.616761413319797,4.0,0.0,4.0,6.0,3.597280249718121,0,1,Insuffisant
5.432952314627955,3,14.502871742189448,8.220879639618985,2.0,4.366357161085754,4.0,7.0,2.0,8.0,14.096544881188963,1,0,Très Bien
5.963293449322092,4,8.264147746785893,6.929185121909298,10.0,7.39813192428495,7.0,6.0,3.0,8.0,8.340828533985913,0,1,Passable
2.7903564094971673,3,8.033304756260906,6.263883435712638,6.0,0.8872640255518935,8.0,2.0,5.0,1.0,9.617569008147473,0,0,Passable
5.38431276486382,1,13.865081164201246,6.184821310680609,10.0,0.9637810979024479,8.0,2.0,4.0,7.0,13.125347486376526,1,0,Bien
5.145521796115,5,14.226777323026658,5.776968395923291,4.0,3.722328105365332,8.0,2.0,1.0,2.0,16.501308577417266,1,0,Très Bien
2.142574255423442,3,13.97993477866929,8.57508664865373,6.0,6.341916954573181,9.0,1.0,4.0,8.0,10.797901451539232,1,0,Assez Bien
5.894468400870708,2,6.394709071236506,5.706943041046971,8.0,2.774855373033554,1.0,3.0,2.0,2.0,10.267348039196442,1,0,Assez Bien
6.401961315920586,2,9.369171576747823,8.69354221801649,5.0,3.749057841318555,9.0,6.0,5.0,4.0,13.932761070592758,1,0,Bien
7.707628107938192,4,13.880460072011624,7.037998164519742,1.0,6.4998135395035295,10.0,8.0,4.0,2.0,13.236566973005438,1,0,Bien
7.634505130087257,2,11.14539644197363,5.957490386287741,0.0,3.029928650218677,8.0,2.0,1.0,7.0,13.442816290067814,1,0,Bien
1.5558265801072722,4,7.242075038308876,8.23681443148827,0.0,2.106204009524502,1.0,9.0,5.0,5.0,7.921856992887142,0,1,Insuffisant
2.655437400212193,3,12.604112786939046,5.545092150553764,9.0,5.770980864941575,7.0,6.0,1.0,9.0,9.556919997815324,0,1,Passable
6.287588168021649,2,8.498174593529853,8.276368081456425,8.0,0.7399099482768121,9.0,3.0,5.0,5.0,14.095857263864072,1,0,Très Bien
6.284464877280522,3,17.280836969372743,7.42545224238357,5.0,3.0658396442776015,4.0,0.0,3.0,8.0,14.880915822302647,1,0,Très Bien
6.28761921576512,10,16.406945118463906,5.807350621816159,5.0,4.285690851015794,9.0,4.0,2.0,2.0,7.981170327116682,0,0,Insuffisant
12.0,4,13.114340992244486,8.057269630669118,3.0,5.322547846366193,1.0,7.0,3.0,3.0,14.21717714198564,1,0,Très Bien
6.427226276732918,5,15.763523466694208,8.093179451377278,1.0,6.0566200542441555,9.0,2.0,0.0,6.0,13.741797947298878,1,0,Bien
7.838914100451497,3,11.226769725431835,9.315039211619915,9.0,6.446632388536479,6.0,9.0,1.0,7.0,14.768765171566999,1,0,Très Bien
7.385004408733006,4,13.679031230312555,8.932294024818592,2.0,3.243815354018825,4.0,3.0,3.0,10.0,11.602088266053526,1,0,Assez Bien
6.628478128264495,4,16.172021033557265,7.982548041452565,2.0,6.393783154804494,5.0,2.0,1.0,8.0,9.137196798216438,0,0,Passable
4.211826888399136,3,11.859245386280094,4.744818097582474,7.0,5.265373140443143,7.0,9.0,5.0,3.0,10.069946851395216,1,0,Assez Bien
6.897423051233169,6,10.106844899700008,11.897173976348114,5.0,5.803018278218672,10.0,7.0,1.0,7.0,8.27878196569196,0,0,Passable
3.0679369636560705,3,5.033823146380095,4.1927675778563795,6.0,2.4155447605260183,4.0,9.0,0.0,8.0,7.373301482320695,0,1,Insuffisant
4.407953483149978,5,10.70903265997477,8.898526348564618,8.0,5.662770138144253,8.0,7.0,1.0,10.0,6.927137059355683,0,1,Insuffisant
3.786591130427241,3,13.88198114596809,7.862567633772597,0.0,3.618124513313941,3.0,3.0,5.0,6.0,12.515562461844254,1,1,Bien
5.204685348465806,0,14.309716996486703,4.651715255037771,1.0,4.119670817912972,2.0,10.0,5.0,4.0,12.447529615831497,1,0,Bien
10.786646416683771,6,12.765277730014434,6.7513981222430015,8.0,4.412853975108428,1.0,1.0,3.0,6.0,15.682555350202854,1,0,Très Bien
0.33183701852062963,3,9.105453167632161,6.842494227510719,4.0,9.282962840002108,6.0,2.0,2.0,9.0,2.535966211852883,0,1,Insuffisant
6.715650475936283,2,4.081124508683433,9.611165431621046,3.0,1.7128608116018773,2.0,2.0,4.0,3.0,11.118931473172648,1,0,Assez Bien
0.9682103220258709,5,9.266747156983428,5.573378199439577,0.0,6.973291008919315,8.0,3.0,3.0,2.0,6.32194564128693,0,1,Insuffisant
3.8201703355264165,6,9.93479295131117,6.476109987151292,8.0,7.575931335056268,10.0,10.0,0.0,5.0,9.64157965922998,0,0,Passable
7.722376492418415,1,9.90474861483495,3.0,10.0,6.063972291947251,4.0,1.0,4.0,7.0,7.57259652888641,0,0,Insuffisant
5.160700047738657,6,13.164947249422735,10.469525586247155,8.0,2.6613727771757567,9.0,1.0,1.0,3.0,11.373486026590971,1,0,Assez Bien
2.305638055176735,2,17.94986743855194,4.859063513959858,3.0,8.241263954767085,4.0,2.0,3.0,5.0,10.775550677513284,1,1,Assez Bien
3.2117407268500795,2,11.432352206443825,7.65382172847835,8.0,3.16996526865296,4.0,0.0,4.0,4.0,11.167406404183003,1,1,Assez Bien
6.698994372336689,2,10.241438737952384,6.797184340556272,9.0,5.717796665891743,8.0,7.0,3.0,7.0,12.577801127656045,1,0,Bien
3.1740834207071584,3,10.092723654485676,6.80399806643332,0.0,4.302286073616345,8.0,5.0,1.0,2.0,10.354087887473957,1,0,Assez Bien
5.541146473954937,4,11.435346684177,8.61972396974175,4.0,3.0771251643518704,5.0,2.0,5.0,7.0,10.06523951265398,1,0,Assez Bien
5.113929599759534,3,8.100971838780604,10.34252492060727,0.0,5.36671015930826,3.0,0.0,3.0,2.0,9.565644526603359,0,0,Passable
3.3709991309854574,3,11.420694955611193,7.502987339883983,3.0,8.698527018303814,2.0,2.0,0.0,3.0,7.79507110481517,0,1,Insuffisant
10.359860223313314,1,12.577843177161299,8.310156035261052,4.0,4.640863387201412,9.0,0.0,4.0,5.0,15.77122085694732,1,0,Très Bien
6.584797555795028,4,11.733901222510708,7.657783073454082,10.0,8.946092300340311,9.0,2.0,4.0,7.0,11.394759813652819,1,1,Assez Bien
0.0,7,12.601396769016734,9.035062847861253,2.0,3.5417958087431463,5.0,3.0,4.0,6.0,5.226756563910804,0,1,Insuffisant
5.466135786923569,6,12.518116632719874,6.074167241027346,1.0,4.193537389338369,8.0,5.0,3.0,7.0,8.557054354693767,0,0,Passable
3.34553383807903,6,4.798361612137447,9.150781108832827,5.0,0.9355212870476315,7.0,6.0,1.0,6.0,4.797391982166395,0,0,Insuffisant
7.13108333699056,5,13.22904555438391,9.220999731294768,10.0,2.605404387170754,3.0,6.0,3.0,1.0,15.784250710457332,1,0,Très Bien
3.0186981539182485,3,8.651448040181412,9.16507401736582,2.0,3.4540747995757055,5.0,8.0,3.0,5.0,9.443525768815208,0,1,Passable
4.713158896332753,2,7.164562929486147,5.679704265327048,9.0,3.17739037035531,9.0,7.0,5.0,1.0,13.457141713983606,1,0,Bien
6.262468197451143,5,7.134418602507513,6.663324731525618,0.0,1.5993948289895847,4.0,3.0,4.0,7.0,7.79791638358468,0,1,Insuffisant
7.164387985425304,6,12.517395636653852,7.47893397756087,10.0,2.0953872575546453,3.0,5.0,1.0,4.0,8.34871162364856,0,1,Passable
1.9992589823605593,0,10.220987754713015,4.258315910341988,4.0,3.283524686074447,7.0,10.0,2.0,5.0,9.528082793623371,0,0,Passable
4.163746910397629,6,5.113109256051063,10.189840416172029,1.0,6.966346391120341,8.0,0.0,1.0,1.0,7.0405660314441025,0,0,Insuffisant
3.8126367220976096,3,12.673132353172992,6.9754469329956486,1.0,0.2610485595333474,5.0,7.0,3.0,8.0,10.517798992935177,1,0,Assez Bien
3.3666769185657204,4,5.9613715422041045,7.567855775209443,3.0,0.0,8.0,5.0,0.0,4.0,12.847169830677355,1,0,Bien
9.413635600702742,4,11.489374754813738,5.8459911205455946,3.0,0.0,5.0,1.0,1.0,3.0,16.986189068674882,1,0,Très Bien
6.012454277402389,3,11.83474623985569,4.346244881265955,3.0,1.8815013519952255,9.0,7.0,4.0,1.0,15.225532647311985,1,0,Très Bien
1.847790114162387,10,14.099519785932657,5.791940229050458,6.0,5.5924251956602085,7.0,3.0,0.0,4.0,4.6475336284271505,0,1,Insuffisant
7.29465486763694,1,17.23589675263398,7.438408375267177,0.0,3.1092293874441834,5.0,8.0,2.0,3.0,15.2082134895475,1,0,Très Bien
10.305390492531583,5,6.223632859348104,8.346857625507386,7.0,3.0751032599004575,9.0,3.0,2.0,8.0,8.503943601814525,0,0,Passable
7.581163151377867,2,10.816341503779327,7.32358308120544,9.0,3.018975101790246,5.0,0.0,0.0,9.0,12.839724611690523,1,0,Bien
1.2015750851149667,2,10.03282646734524,7.693448032483901,8.0,0.0,8.0,6.0,2.0,5.0,10.75218413046092,1,0,Assez Bien
3.7894148178343716,3,12.518123900863367,6.325947250637247,9.0,6.15356143131139,4.0,9.0,0.0,9.0,10.795435406657473,1,1,Assez Bien
8.167277872966556,7,11.754840698267666,7.992497132490856,5.0,7.276309608167544,9.0,4.0,3.0,1.0,11.088104700811428,1,0,Assez Bien
3.230826335953048,1,9.76608815042183,9.965665732771814,3.0,3.1613213479029048,6.0,9.0,0.0,7.0,10.65708059772863,1,0,Assez Bien
6.109548570365571,2,9.456842339862005,8.409578884877973,5.0,4.213653031883462,6.0,10.0,3.0,7.0,10.84308538635799,1,0,Assez Bien
6.936585133573342,4,7.092422006855834,8.61908377650588,9.0,4.2968022980935,3.0,4.0,4.0,6.0,9.136507394638645,0,1,Passable
2.6826738210547925,6,14.457515538422783,7.588032798613262,6.0,1.3304438274295292,3.0,3.0,4.0,4.0,8.113970100676873,0,0,Passable
4.8511866098455,1,12.607214635598352,3.9936898608007962,5.0,2.8962778438299575,4.0,5.0,2.0,9.0,9.831172139723567,0,0,Passable
0.0,4,14.21218869228298,4.9106669387375135,10.0,8.464392289300145,1.0,0.0,5.0,3.0,9.627936711123677,0,1,Passable
2.4390308966642755,6,9.913613522335702,7.909751601327686,0.0,3.9900264262968324,6.0,2.0,5.0,1.0,8.445254391793677,0,0,Passable
4.3685796215170996,3,8.701075859569492,6.978121896079828,4.0,4.5587978374896805,1.0,10.0,0.0,2.0,7.599808394801029,0,0,Insuffisant
1.8805420450878763,5,7.225897266797703,7.879685772945656,7.0,2.265897083113639,4.0,6.0,3.0,3.0,10.83511842464775,1,1,Assez Bien
9.081028259829088,3,12.25621154309231,10.352846835688148,7.0,2.925103385512777,7.0,10.0,4.0,2.0,16.806670078082536,1,0,Très Bien
1.4246465550984184,4,7.360723714151179,8.452071998458667,9.0,5.615729759229255,6.0,7.0,4.0,6.0,3.640258849019645,0,1,Insuffisant
3.8998887832575404,6,17.470320741382928,9.517772411485643,8.0,1.900999283130524,8.0,8.0,4.0,7.0,11.888931061880312,1,0,Assez Bien
5.3268514432152285,2,6.423250966172958,7.18936277894146,3.0,8.049957160570697,4.0,0.0,2.0,5.0,4.190956003813793,0,1,Insuffisant
8.603183222665288,3,11.957810417243756,5.38556864503112,9.0,0.0,9.0,3.0,4.0,5.0,17.961304758840786,1,0,Très Bien
1.4103446220514018,3,16.483991475248253,6.884267681571318,5.0,2.417092320962989,10.0,1.0,5.0,7.0,9.170096714017362,0,0,Passable
7.907909380387399,4,13.096814157423331,5.390496372561724,6.0,0.3003082590592441,8.0,1.0,1.0,6.0,14.069616823758475,1,0,Très Bien
5.025582652548968,9,11.614857993721227,10.116589913544896,4.0,7.310908116290809,5.0,0.0,2.0,8.0,5.781852475525138,0,1,Insuffisant
2.5462283723801225,6,7.610307235633366,8.580782153070938,10.0,3.909316284252242,6.0,4.0,0.0,9.0,8.221465298209452,0,1,Passable
6.155258685658177,6,6.163807840013036,8.04102499325656,7.0,3.2840266369180586,5.0,1.0,1.0,2.0,8.286675296106008,0,0,Passable
5.4976492389336755,5,13.69517538121155,9.471886404456207,2.0,4.994008686363491,6.0,3.0,2.0,2.0,12.256677225682242,1,0,Bien
3.4994578071030134,1,16.271515342712313,3.0,7.0,7.497536951792579,1.0,8.0,2.0,1.0,11.083301441981055,1,0,Assez Bien
5.174505212475047,0,9.4640250333264,8.176275902685319,4.0,4.540171885134468,4.0,10.0,3.0,7.0,12.496972389861273,1,1,Bien
4.0367160078456,9,7.013284723342771,4.378708431391255,0.0,6.856626714906145,9.0,2.0,1.0,4.0,3.6089873587443124,0,1,Insuffisant
5.28379336312812,2,2.396406993078436,6.985488603068678,5.0,3.2659072677668153,4.0,7.0,1.0,9.0,7.7470563606542395,0,1,Insuffisant
6.655326686302617,5,7.567323047181118,6.376584815065571,1.0,1.5966510404818397,2.0,9.0,5.0,6.0,8.710031660606147,0,1,Passable
8.96504204036338,4,10.60220105125336,8.323473224193895,6.0,4.58053503470088,6.0,5.0,1.0,7.0,8.434966059716597,0,0,Passable
1.9054612529328772,2,16.59693134292857,7.456374577921911,8.0,2.2566033200201048,2.0,9.0,4.0,7.0,7.763196689019079,0,1,Insuffisant
10.332583436640666,4,13.35596792281539,9.690234347223576,2.0,5.721868903708834,3.0,4.0,5.0,8.0,10.685891259816188,1,1,Assez Bien
0.11978050119374561,0,12.067798916473635,5.796205678134773,9.0,2.976679240985764,7.0,1.0,4.0,4.0,12.782634293354574,1,0,Bien
4.620537262411042,3,9.599581185446041,8.418228779266567,3.0,3.7886435638750315,4.0,10.0,5.0,3.0,11.31933446091245,1,0,Assez Bien
6.4707930162114415,3,8.958919989604153,7.324446433797664,3.0,0.0,1.0,2.0,0.0,3.0,11.360034617290198,1,0,Assez Bien
5.702479669337581,4,15.919766591277874,3.729419459856895,3.0,3.688196881163162,9.0,7.0,5.0,10.0,10.20150004276225,1,0,Assez Bien
3.4432512004485156,2,11.702584892654363,5.162767082953935,2.0,3.393537039995584,6.0,8.0,0.0,8.0,9.530786382263598,0,0,Passable
4.479694374106812,1,3.640897578276423,6.700243932955663,4.0,6.9074095194776515,9.0,10.0,5.0,3.0,7.682544606386372,0,0,Insuffisant
3.767497663352918,0,8.64261123235965,9.224584899783455,8.0,6.175268042779502,3.0,10.0,0.0,8.0,7.539628291470287,0,0,Insuffisant
3.526588107639471,2,7.996243888799306,7.927446115114229,10.0,4.060545917547792,5.0,6.0,4.0,2.0,13.092178644063742,1,0,Bien
7.1240052425525615,6,9.088075967878872,4.664998352238571,7.0,0.0,9.0,0.0,5.0,5.0,10.627120901469198,1,0,Assez Bien
5.892538714912618,3,12.970187310997797,6.719367543905681,9.0,2.899419118208299,6.0,5.0,3.0,5.0,13.28039794415765,1,0,Bien
3.2677260118483646,4,10.623942913720127,11.03561289758606,1.0,6.910060221172142,2.0,6.0,5.0,7.0,8.415770632494958,0,1,Passable
7.248999688583127,4,10.730971075487183,7.222446669681716,8.0,3.5038766192631927,1.0,5.0,0.0,5.0,13.845399886480818,1,1,Bien
5.768248802191524,2,15.597156064638328,6.345348849855209,9.0,1.3331032435324133,9.0,9.0,2.0,9.0,14.291736280685326,1,0,Très Bien
7.0321552970974,3,8.56238618574659,7.983479281512441,1.0,6.879559747670257,1.0,10.0,4.0,3.0,9.37661577931987,0,0,Passable
6.57407210480903,3,17.524698340605724,8.52678615916394,6.0,0.0,5.0,1.0,3.0,9.0,13.278543454108412,1,0,Bien
2.9275124726948194,4,8.650423430201199,6.087663305039882,4.0,3.717658122387654,1.0,8.0,2.0,1.0,5.957580474341762,0,1,Insuffisant
3.599547399507576,4,11.312193688144,8.005149548742875,6.0,5.395209404365184,5.0,2.0,2.0,3.0,13.842537055485165,1,1,Bien
6.868234012808155,1,10.015787416090316,6.342221006658382,4.0,4.315134803567762,5.0,5.0,4.0,4.0,13.628055154925192,1,0,Bien
6.525925663583662,5,11.431966967253363,8.438655203658877,5.0,0.8962019683294686,7.0,5.0,5.0,6.0,11.819618171912657,1,0,Assez Bien
4.9477460150896295,3,12.556071982755952,7.339386315942567,7.0,1.6770188766159393,7.0,7.0,1.0,10.0,10.761172362245352,1,0,Assez Bien
5.293318458271955,6,12.518423340311069,7.963935654105784,0.0,2.2550586468881093,10.0,3.0,3.0,8.0,7.726544729976341,0,0,Insuffisant
8.194162239471062,3,8.36408934282797,5.4816329076649914,10.0,5.961173793810141,1.0,5.0,5.0,7.0,8.76536870443722,0,0,Passable
3.521071527910425,8,7.069798628933503,5.357427231854281,0.0,4.426312868490367,9.0,0.0,4.0,8.0,8.956145465027632,0,1,Passable
6.367743452925095,4,19.761101268169988,8.89099460931879,4.0,3.031141213710823,1.0,8.0,1.0,6.0,16.46959260217591,1,0,Très Bien
4.494518368915265,8,9.306054811398065,6.841207237229012,0.0,5.022276639631992,5.0,8.0,4.0,6.0,5.093798954906412,0,1,Insuffisant
4.455796991931949,4,13.447243535351953,7.570069484198723,2.0,2.1245329347945603,7.0,6.0,4.0,6.0,10.979278300144305,1,0,Assez Bien
7.746942129967975,4,5.3732554131688115,6.387209145826961,9.0,5.84594693879065,8.0,10.0,2.0,3.0,12.636265021384254,1,0,Bien
7.063540872470075,5,10.02135548033363,8.797453548027288,8.0,5.12639476844723,2.0,0.0,5.0,10.0,7.824401316723808,0,1,Insuffisant
7.033774090001597,5,10.55480215606145,5.784380039940684,6.0,3.4387521503091523,1.0,2.0,4.0,4.0,10.323044968472608,1,0,Assez Bien
8.263697017885823,4,12.654852744747414,6.728797520198234,5.0,3.5943336522820157,4.0,4.0,5.0,6.0,13.652739446664361,1,0,Bien
5.052509604081898,2,1.4714105065282137,8.571985625406263,7.0,3.145441428759903,4.0,3.0,1.0,7.0,10.61128457399065,1,1,Assez Bien
6.7048824282374095,3,11.581492145774158,9.345935398328532,7.0,6.489855056859618,10.0,4.0,2.0,3.0,15.02292733870456,1,0,Très Bien
4.22433310851636,5,6.975904906212375,5.952481417946633,5.0,4.540229615289888,6.0,6.0,1.0,4.0,11.092911679252975,1,0,Assez Bien
5.810415881221106,0,12.135209989182233,10.919367963911766,3.0,3.4587828782075656,1.0,8.0,1.0,6.0,13.202553694424456,1,0,Bien
4.674642364080788,2,7.37284781106643,7.626483387387233,3.0,1.5742227423435953,1.0,0.0,2.0,1.0,11.237035355298937,1,0,Assez Bien
5.242489912481796,4,8.005810564260464,4.914143476382525,3.0,5.4737288617952355,3.0,4.0,5.0,7.0,9.661263676002445,0,1,Passable
6.487892563592284,4,10.042303363623562,7.738104097179936,5.0,5.356887968625595,5.0,2.0,1.0,1.0,8.761005381453389,0,1,Passable
2.954448291916319,3,7.316846856388817,6.234001571033085,0.0,2.6858939552494885,6.0,2.0,0.0,10.0,3.8550655707716746,0,1,Insuffisant
10.230968189213652,4,9.335629436426258,7.868136974366354,1.0,2.949607645193488,5.0,10.0,5.0,9.0,13.489750495197903,1,0,Bien
2.484956546250745,9,6.823184810098397,6.914287504679324,5.0,3.707464361628567,5.0,1.0,4.0,10.0,4.020742413227418,0,1,Insuffisant
1.9645284680306698,0,4.583903419054454,7.14854738038029,10.0,1.115935847773931,9.0,5.0,2.0,9.0,9.741747719875494,0,0,Passable
7.895277183750169,4,14.562849683502758,5.176813246827708,0.0,4.184267047261146,2.0,5.0,2.0,9.0,12.313312224515423,1,0,Bien
6.97915673490734,0,6.463829575116251,8.98012246143272,8.0,0.0,1.0,2.0,5.0,4.0,12.848929743471265,1,0,Bien
6.560299542630387,5,10.374616893372057,4.687745265697936,5.0,0.8013264064267775,6.0,0.0,0.0,2.0,9.489748713465655,0,0,Passable
6.5708637731607,4,13.635118785228247,4.782470209190009,6.0,2.7260139872095848,9.0,6.0,0.0,7.0,15.029564055134923,1,0,Très Bien
4.969383067882713,4,8.847695641193848,7.734720698294973,0.0,2.429262280954935,7.0,1.0,0.0,4.0,9.873825869982907,0,0,Passable
2.7568640712854213,3,8.111919350890616,10.20568849435594,7.0,5.128477315890146,8.0,7.0,0.0,5.0,7.301366601811733,0,0,Insuffisant
5.189511395484316,5,11.791833310335974,6.294813805871185,4.0,4.70749345255615,5.0,2.0,3.0,1.0,12.171593597255105,1,0,Bien
3.3070957212197207,4,14.912768379545032,8.401944645407932,4.0,7.441560234939364,10.0,0.0,2.0,10.0,10.30865426513074,1,0,Assez Bien
7.437799333544378,2,6.907396572197359,9.14668035372709,5.0,4.232119546965505,4.0,9.0,1.0,6.0,15.20931019898872,1,0,Très Bien
4.632356546244654,7,10.474482587938963,8.629368874588138,6.0,4.515324920577685,6.0,8.0,2.0,7.0,5.716928006254909,0,1,Insuffisant
2.936257008018721,5,4.936268917614354,6.377583421652637,6.0,1.0923643293663958,3.0,4.0,2.0,3.0,7.40956255340063,0,1,Insuffisant
4.1965353958675164,2,9.623796487112335,4.817906565611851,4.0,1.097558185879632,1.0,0.0,2.0,10.0,5.256851152472581,0,1,Insuffisant
6.032328635689061,8,11.119716395883264,3.0,0.0,4.161066684330551,4.0,9.0,0.0,2.0,9.868259211802526,0,0,Passable
3.5906886179900632,1,8.00881375385727,6.474319001075213,10.0,4.2042798156505485,9.0,10.0,0.0,10.0,8.131958530195496,0,0,Passable
2.9444490110839214,4,9.40052858161169,9.356174737124348,8.0,4.723975915723682,4.0,5.0,3.0,7.0,5.314518844560947,0,1,Insuffisant
5.609218028729781,4,6.071206310923925,4.751668030476132,5.0,7.174084868418241,1.0,9.0,5.0,1.0,6.989974449655504,0,0,Insuffisant
5.612416427771807,1,11.269775139835227,8.400419695037531,8.0,1.2079814089012113,4.0,2.0,2.0,2.0,17.039198384084465,1,0,Très Bien
3.7326420615721756,3,14.694929871091023,5.099694939896255,10.0,8.22477998732999,7.0,10.0,4.0,3.0,11.989068677341754,1,0,Assez Bien
3.8224042359541928,3,7.159996455803377,7.212145152773677,3.0,0.27497426683762694,3.0,3.0,5.0,4.0,11.229704646457098,1,0,Assez Bien
5.580124843394091,6,8.82064881706666,8.415583228310036,1.0,4.932351221268059,10.0,7.0,3.0,5.0,7.735990207205145,0,0,Insuffisant
1.3797891462566896,4,12.758911862589636,5.681009126323144,2.0,0.8841152620981201,6.0,4.0,0.0,4.0,7.157824933463212,0,0,Insuffisant
1.4813405640586117,4,15.242317517629576,7.340969361393828,3.0,5.810342830691523,1.0,5.0,2.0,10.0,11.68524550230548,1,1,Assez Bien
3.20388944686891,1,5.773835657268741,6.169817326549342,9.0,0.2904133653066445,4.0,9.0,0.0,3.0,8.529073464827574,0,0,Passable
4.4663821207203815,6,10.409253419044177,8.410297317876353,7.0,0.0,3.0,3.0,5.0,1.0,15.191130462264292,1,0,Très Bien
5.7772689139950115,3,11.990957878118337,7.470634336969274,2.0,4.364674884948141,1.0,5.0,1.0,7.0,13.462931546310386,1,1,Bien
8.688390542373881,3,10.642802632799032,7.113015348858535,7.0,3.6875494761173058,3.0,2.0,0.0,10.0,10.157591372238,1,1,Assez Bien
7.144149058005048,3,2.331227765930196,10.116699920283956,5.0,6.765176102327698,4.0,9.0,0.0,6.0,10.227313127790222,1,1,Assez Bien
4.600153675091432,4,12.753815032580702,8.324612284736604,3.0,4.194664464564439,5.0,0.0,3.0,2.0,8.528368073231649,0,0,Passable
4.952459480243278,6,16.317677228817253,5.619296267747422,6.0,2.1378637932595677,6.0,5.0,1.0,2.0,12.296078694499863,1,0,Bien
2.493676588405478,7,11.408316129093262,6.828272198404476,10.0,2.6504748595104752,2.0,0.0,5.0,3.0,6.833170261088389,0,0,Insuffisant
4.953717160019025,2,7.391128813470079,6.848202429840678,4.0,10.0,2.0,9.0,4.0,8.0,6.088927525660164,0,1,Insuffisant
4.278353402699654,3,9.20405463772501,7.160639145250424,4.0,1.8135631847302425,6.0,2.0,4.0,8.0,7.277924005373167,0,0,Insuffisant
5.806796400845224,3,17.194695736794575,12.0,8.0,5.3113729601635775,5.0,7.0,4.0,10.0,13.850384120415217,1,0,Bien
2.9319226411191925,4,14.184868893011956,7.7417037854219934,2.0,5.005499505971129,1.0,6.0,2.0,10.0,6.252750925192254,0,1,Insuffisant
6.298366285602931,4,13.240093164345152,3.0,9.0,5.369652468917864,3.0,7.0,4.0,10.0,8.9152012154799,0,1,Passable
8.831847282506445,3,12.247444042370317,5.91440205656607,3.0,5.1655348267762875,5.0,9.0,2.0,10.0,13.946102433860908,1,0,Bien
4.728099628857856,5,8.686020107331597,3.135255825008383,4.0,3.330955695248015,2.0,9.0,5.0,8.0,7.929727635770366,0,1,Insuffisant
6.004279305247353,5,10.29800086770481,6.34040348590832,0.0,0.0,1.0,1.0,5.0,7.0,7.854619538065731,0,1,Insuffisant
6.725359979277782,4,10.727270425125194,3.025379540547143,6.0,4.389077216249572,9.0,9.0,0.0,2.0,12.735102025274543,1,0,Bien
3.996948820285409,8,12.923510106225553,5.256819057863144,7.0,3.9679484710590107,5.0,6.0,4.0,1.0,8.291726614153035,0,0,Passable
5.560231204526042,4,16.281216129934162,3.9585569407317602,5.0,4.30982979675902,2.0,3.0,3.0,6.0,8.308689378656922,0,0,Passable
5.0314810019544876,3,14.914183478775948,7.768320355934955,8.0,5.413079872191376,10.0,0.0,5.0,8.0,9.972775413717894,0,0,Passable
5.24419024637208,5,6.032154754713858,7.0010787252577575,2.0,2.965956047755606,4.0,10.0,1.0,1.0,6.9369701309000025,0,0,Insuffisant
3.067475540361334,9,11.783982391153671,7.605924614997463,1.0,2.4492727869815965,3.0,2.0,1.0,3.0,7.546212963335425,0,1,Insuffisant
5.061275435647357,5,13.57867170808764,6.790897222862947,4.0,6.252107806534816,7.0,4.0,5.0,1.0,14.059980200444663,1,0,Très Bien
6.244995728113624,2,13.166011155506224,4.211404499591165,8.0,3.177882958351746,1.0,9.0,0.0,10.0,12.145978045541767,1,1,Bien
8.627859019487605,5,8.797681828144032,8.02704273850947,10.0,2.7657037696965903,10.0,7.0,1.0,9.0,15.114017700595992,1,0,Très Bien
7.398177065213018,2,20.0,10.844449120538906,0.0,2.5493928853888965,4.0,1.0,1.0,7.0,15.028357808656713,1,0,Très Bien
10.382956143778891,2,6.530204031841084,7.818425157213094,0.0,5.486422217288329,7.0,1.0,0.0,8.0,14.36016487825282,1,0,Très Bien
3.081631092779876,5,7.208840436668825,6.148150801364868,9.0,3.475585388880302,10.0,7.0,0.0,9.0,8.110511437952802,0,1,Passable
7.180801591801695,2,11.817582784415517,4.143865647789109,2.0,9.532019473614579,5.0,8.0,0.0,3.0,11.12581196923392,1,0,Assez Bien
5.458355014345879,5,18.408810692373486,5.183866058480069,9.0,4.1436197877498016,4.0,9.0,3.0,10.0,11.49272027538923,1,1,Assez Bien
10.47450733304418,1,8.073318022535402,7.906079313144118,2.0,0.9834947025483061,4.0,0.0,0.0,2.0,13.722142624146102,1,0,Bien
2.979254286612121,3,10.069600720235528,9.14623605359875,4.0,2.9078149370552397,2.0,1.0,0.0,6.0,7.8089819896098875,0,1,Insuffisant
2.90069539454806,3,14.770527855554924,7.521732349443952,3.0,5.638301988883266,8.0,3.0,0.0,5.0,12.438610152051494,1,0,Bien
3.501518386389945,2,10.937482457892933,8.599774579411967,5.0,2.499571811264033,4.0,2.0,5.0,4.0,8.67256966893983,0,0,Passable
0.0,6,9.828886509143965,8.415356488054485,7.0,3.956953804412508,2.0,0.0,4.0,6.0,6.789704360614801,0,1,Insuffisant
3.6856124457980974,2,12.97971515660352,8.013068782771835,7.0,6.446138510781453,9.0,3.0,5.0,6.0,6.90543331880691,0,0,Insuffisant
3.102168346115755,0,11.953812965803575,5.683052809477488,10.0,6.822168882375177,10.0,10.0,4.0,3.0,14.459542926903298,1,0,Très Bien
5.375984466190519,5,14.60653574972877,7.347847023950305,3.0,2.6889553961683585,7.0,10.0,3.0,2.0,15.331070248792273,1,0,Très Bien
5.854389939442899,2,15.520141111728773,5.303244392235723,0.0,3.357942465587277,3.0,1.0,3.0,9.0,13.443760323135491,1,0,Bien
9.690427098039716,5,12.074510710018766,7.034857905916204,6.0,4.242061654226336,7.0,9.0,1.0,8.0,10.955083088825576,1,0,Assez Bien
7.376059595465126,1,12.021064538824081,7.661727062133824,5.0,7.355816148707975,1.0,4.0,5.0,4.0,13.160505628304534,1,0,Bien
3.5577408608439924,5,11.749388438001468,10.35756761477371,4.0,1.2504917758894982,1.0,0.0,4.0,6.0,4.837712474259124,0,1,Insuffisant
2.7539633216291053,5,12.711956948272507,4.380536051264736,3.0,4.8993119911541125,4.0,7.0,3.0,3.0,7.155461768643391,0,0,Insuffisant
6.229797928766264,5,11.193097232550123,7.963015261982611,5.0,4.1386021270805395,4.0,9.0,3.0,8.0,11.10603629655686,1,0,Assez Bien
1.6994169824483945,8,10.997870311871987,9.96247318324719,7.0,1.7574495706338182,4.0,1.0,5.0,3.0,8.391245018808322,0,1,Passable
9.578646914635884,4,15.188194922895349,8.517695531677592,5.0,7.093345902120111,9.0,10.0,1.0,2.0,17.829388459950298,1,0,Très Bien
7.948600301803218,5,16.306406631242652,8.665890885650082,2.0,6.4758509032013025,6.0,2.0,0.0,7.0,11.323247484771226,1,0,Assez Bien
3.8270608697382382,6,5.723564693783027,8.175389803735625,8.0,7.84569176078125,3.0,2.0,2.0,3.0,4.3505910349752845,0,1,Insuffisant
0.717163677272806,5,11.035074031091991,9.596668979550834,2.0,6.950506766669807,6.0,3.0,1.0,9.0,5.196673844124713,0,1,Insuffisant
8.384680935413531,4,8.589569482941679,4.825043663775264,3.0,4.0254988571091745,2.0,6.0,2.0,3.0,9.878537929286718,0,0,Passable
4.713650386868455,2,9.911599867298747,4.228146668059507,4.0,5.54856142514306,2.0,8.0,1.0,8.0,7.584540352307123,0,1,Insuffisant
8.094540779933654,7,12.408806734073625,6.987331719069488,10.0,4.829584968097102,7.0,2.0,1.0,2.0,16.86930330985403,1,0,Très Bien
1.0139308530140823,2,13.343034300398639,3.0,1.0,1.7322945530255307,3.0,0.0,0.0,9.0,7.316866700034598,0,1,Insuffisant
3.501562442615568,4,10.607557447360293,9.461291608356023,10.0,0.7389853465164817,7.0,10.0,3.0,1.0,9.777301993535707,0,0,Passable
5.013109249295458,3,4.30330882847019,9.441430390990883,9.0,4.922524089292797,3.0,9.0,4.0,3.0,4.995337979175492,0,0,Insuffisant
5.1174514844118555,4,7.6223404679833715,6.1332988898309475,10.0,4.241182497337275,2.0,0.0,1.0,2.0,11.246674620070511,1,1,Assez Bien
3.874836321301891,5,14.137748845700582,6.258458806678981,9.0,3.1589664157304167,4.0,10.0,0.0,7.0,8.601524692802043,0,0,Passable
6.557124830868747,2,1.4085075228777413,6.855305049698657,1.0,3.7690778256604576,4.0,5.0,2.0,5.0,7.829529282465101,0,0,Insuffisant
2.330948926543514,7,15.155995030886999,7.104041300879239,5.0,8.423659571840233,3.0,4.0,5.0,8.0,5.4840970707405425,0,1,Insuffisant
4.644051287446766,2,12.824304967255895,7.254347838388571,1.0,0.0,9.0,9.0,5.0,2.0,13.124923087577923,1,0,Bien
5.300739079279747,5,15.606616285355077,8.116464213756606,9.0,5.599740817134069,6.0,6.0,3.0,8.0,13.143243711417192,1,0,Bien
6.2860970851468725,1,10.305007845916638,6.654747293983044,0.0,6.106302852676218,5.0,6.0,5.0,7.0,5.82674825568554,0,0,Insuffisant
6.779037195222225,3,3.7850810159198325,8.886386606955588,7.0,6.4193102416841405,6.0,2.0,1.0,5.0,9.562697828200113,0,0,Passable
2.188394770405327,1,12.506269245272744,7.891895554250606,9.0,0.5541150588221098,8.0,6.0,2.0,2.0,14.024676771392352,1,0,Très Bien
1.1647145731609445,4,15.461285934134194,5.786073108254729,9.0,3.2670181114923897,5.0,8.0,1.0,10.0,9.647909954548624,0,0,Passable
8.194192054746273,5,14.236526319296974,9.670225335608194,0.0,3.142143032925533,4.0,7.0,5.0,7.0,10.610599471700407,1,0,Assez Bien
5.830785029948979,5,8.680579807791876,4.283486027755027,9.0,4.729964607190144,7.0,2.0,4.0,10.0,9.511408378061827,0,0,Passable
3.128783658608616,3,11.303663764119264,6.815668378357047,5.0,1.1764818640928327,5.0,9.0,5.0,4.0,10.158110062799903,1,0,Assez Bien
8.877879938806307,4,9.135073059270265,8.933834802150935,0.0,4.946193831089265,4.0,4.0,4.0,4.0,11.68101745503774,1,0,Assez Bien
5.289186585732146,4,8.132567375337198,5.553853790175711,7.0,1.788084460183958,5.0,7.0,5.0,8.0,11.40568043557816,1,1,Assez Bien
7.9482429601595666,9,14.343859999129478,7.619111293534303,4.0,3.2560500014662694,4.0,1.0,3.0,6.0,11.710883407302862,1,0,Assez Bien
5.168796203525273,5,6.808636910571932,8.086679193998096,2.0,7.362632610152785,8.0,6.0,2.0,9.0,9.703341977606435,0,1,Passable
10.151869812204968,5,7.871642492964355,5.278952264037522,4.0,6.105384418065075,8.0,10.0,4.0,2.0,12.311147464459262,1,0,Bien
9.38835210610801,7,7.135910282846651,6.85504456081193,0.0,4.309567699407319,1.0,9.0,0.0,5.0,9.010079310438371,0,1,Passable
4.377589628802316,3,5.784133668453337,6.68699233958158,0.0,0.5193517815096644,3.0,9.0,3.0,6.0,7.8073906101012405,0,0,Insuffisant
7.428927377385889,2,11.512450021449112,5.896524296335414,3.0,4.830950928456771,4.0,6.0,1.0,8.0,12.912198567252016,1,0,Bien
6.613439873962869,7,15.065260669686916,11.60334970410155,8.0,4.998983324219687,2.0,10.0,5.0,4.0,15.709421452457196,1,1,Très Bien
8.421578893830873,7,10.352931353141571,5.473787293109049,8.0,0.0,5.0,7.0,2.0,7.0,11.606943228049738,1,1,Assez Bien
2.587691348549739,5,5.729882698025417,9.009860588135766,0.0,4.877122440767627,8.0,0.0,2.0,7.0,8.64939017226835,0,1,Passable
6.715128649996098,6,13.939805889097096,6.2143979662377165,2.0,1.3098344531175758,2.0,7.0,5.0,4.0,11.848384124484108,1,0,Assez Bien
7.64606121712397,5,16.899956139122402,4.826727622229436,3.0,0.3010619324520767,9.0,0.0,0.0,1.0,13.951234757686953,1,0,Bien
0.6031512839422142,2,8.73815186548692,7.205628486310138,1.0,1.195046444408943,7.0,2.0,4.0,3.0,7.458960931795333,0,0,Insuffisant
2.0418537183355623,5,9.325060066487985,8.298186768775002,6.0,0.0,6.0,8.0,5.0,2.0,6.498821278558237,0,0,Insuffisant
0.0,7,12.80481220529188,8.841019150131357,2.0,2.9810335135294563,8.0,3.0,2.0,3.0,6.824043701813441,0,0,Insuffisant
4.326482913888606,6,16.67655811724768,10.124530221310138,0.0,1.486800039033957,2.0,9.0,0.0,5.0,13.378697641281052,1,0,Bien
6.793855639489905,2,9.18058048996171,12.0,0.0,6.851460314092417,5.0,8.0,0.0,1.0,12.04242976449785,1,0,Bien
8.75589263024007,6,6.336425766506283,7.501028407511194,2.0,3.102346480334033,4.0,0.0,1.0,5.0,10.067108438422041,1,1,Assez Bien
5.185236951049438,3,13.209965121953422,5.673815652349225,5.0,2.20043187079633,8.0,7.0,0.0,2.0,10.849100000938291,1,0,Assez Bien
9.071538863928229,5,13.796738255998047,7.905748653589782,3.0,0.01750414848967674,1.0,2.0,3.0,4.0,17.37913543449677,1,0,Très Bien
1.5497463544627714,4,11.021460076523294,6.467574099187017,0.0,2.930179276746312,3.0,10.0,2.0,6.0,4.90444029391999,0,1,Insuffisant
0.741543901612113,2,9.046533591198923,8.85193225970446,6.0,7.383622381748695,10.0,6.0,3.0,9.0,7.934674600122042,0,1,Insuffisant
4.861130752758453,5,14.480325558472162,4.4056714072685565,1.0,7.868297554259103,8.0,1.0,0.0,10.0,10.554079084627496,1,1,Assez Bien
5.960163622348269,6,12.848126015917876,11.736669084800875,4.0,3.088148980494409,5.0,6.0,0.0,6.0,15.618345075007717,1,1,Très Bien
4.918263129764767,6,8.310475690837775,8.712096189551026,7.0,3.826229101082466,4.0,6.0,3.0,10.0,10.407628342832158,1,1,Assez Bien
0.0,3,11.171831559569851,3.631991964407671,6.0,5.75725671575728,6.0,8.0,1.0,2.0,8.573205704552414,0,0,Passable
4.777199901218029,4,6.269023637913737,5.581942195370056,10.0,1.4361476009399006,5.0,1.0,0.0,8.0,7.802265932773047,0,1,Insuffisant
1.7388262487378672,4,13.400616597532721,8.632162088227878,7.0,4.922653455543582,3.0,7.0,3.0,5.0,3.1225492421046694,0,1,Insuffisant
6.674181372075096,5,10.082182507160004,9.352688112342909,9.0,9.916823259383358,5.0,4.0,3.0,9.0,8.102895597485984,0,1,Passable
5.916495615242121,2,9.47501208665342,4.455524745536073,10.0,5.912784668492387,4.0,9.0,2.0,10.0,13.161007740982466,1,1,Bien
2.650300534181612,1,10.884939301966481,8.426051700865898,5.0,5.833043833868942,1.0,8.0,1.0,9.0,6.145433967603432,0,1,Insuffisant
3.715332706658266,1,11.141076947655867,3.1053202546761534,6.0,7.359532783653214,1.0,7.0,4.0,4.0,9.522299151273577,0,1,Passable
2.351966195277621,7,14.132255215479463,6.821328269057908,8.0,6.259460344560667,7.0,2.0,3.0,1.0,9.89667368847205,0,0,Passable
4.84330225681707,7,13.068816859638275,9.224093684206412,5.0,3.367951711680398,4.0,2.0,2.0,9.0,1.7521425632126681,0,1,Insuffisant
7.387855801253096,5,10.452567524225191,5.896968539794039,8.0,1.0505059767438185,1.0,10.0,4.0,9.0,11.021684671985035,1,0,Assez Bien
2.5356848841611406,5,13.672838524016484,3.986155401723973,1.0,3.6662647998303877,6.0,9.0,2.0,8.0,11.041557345040015,1,1,Assez Bien
6.260116288794611,2,12.402580387920645,7.292429592755118,1.0,1.575796585132832,1.0,7.0,2.0,5.0,13.936408644226868,1,0,Bien
3.674355954068898,1,9.50690127299887,5.790562266729044,1.0,3.2953036788873664,8.0,8.0,5.0,5.0,9.776463857070048,0,0,Passable
3.0178179193441395,6,10.5634864461723,8.259116732131671,5.0,1.821881314633083,9.0,1.0,1.0,10.0,8.270941690858132,0,1,Passable
4.732424100113605,3,10.481219889049077,5.229347135563879,1.0,3.0253221677842967,3.0,2.0,0.0,6.0,8.58103595541038,0,0,Passable
2.411894193951565,3,12.768414701109705,5.454726220693799,2.0,0.28668517056090836,7.0,7.0,1.0,1.0,10.7764726122752,1,0,Assez Bien
3.615876736632045,3,9.715420848474254,3.0,7.0,2.266715584970845,5.0,1.0,4.0,9.0,9.079250063497573,0,0,Passable
2.005305268527879,2,9.633567847524283,7.339889422102965,7.0,5.013782798304302,3.0,7.0,5.0,5.0,11.214788137987389,1,0,Assez Bien
9.911812832290973,4,17.890650583018854,6.678190123446803,10.0,5.644844768707769,5.0,4.0,1.0,7.0,15.657611426424323,1,0,Très Bien
5.088158879929321,3,14.289074186114865,4.623230658519859,3.0,5.102360467985185,10.0,5.0,0.0,8.0,10.581251316109999,1,0,Assez Bien
3.2506862300185357,7,8.337897674512014,7.387597427534184,8.0,3.0600441974884838,7.0,9.0,1.0,5.0,8.58297163895395,0,1,Passable
5.534949776835555,4,12.998293478797695,9.054140601288278,7.0,4.312056463544581,7.0,3.0,1.0,3.0,9.894762829695797,0,0,Passable
4.719179875772926,3,11.41422522979312,6.568864113162101,0.0,8.859917059437823,9.0,2.0,1.0,6.0,10.010010775513148,1,0,Assez Bien
4.447576001166943,5,12.370429113410328,7.536333899643948,7.0,2.1981297941304767,8.0,7.0,3.0,7.0,8.666467599800043,0,0,Passable
6.535416750108563,2,11.480694635977866,7.546622499170328,0.0,8.01230198164409,4.0,8.0,3.0,4.0,10.931712109928448,1,1,Assez Bien
6.893769275118263,4,15.163749259198326,4.591340345642079,3.0,0.3903513347358998,5.0,7.0,1.0,9.0,10.88394589694953,1,0,Assez Bien
3.6737471309736813,3,12.20967120628006,11.113171641415192,9.0,0.0,5.0,8.0,0.0,4.0,13.324828903706658,1,0,Bien
3.5604543983883,5,10.782689556249995,6.058300339755432,5.0,3.6317961865508877,10.0,0.0,0.0,10.0,4.6898330979849145,0,0,Insuffisant
4.31237075712089,2,14.647667019440561,8.312232403720541,6.0,3.906379087275761,2.0,4.0,0.0,2.0,13.501871267383276,1,0,Bien
0.0,6,11.816497643807551,8.538430554458099,9.0,1.1734215837469764,7.0,6.0,0.0,9.0,6.083345652645503,0,1,Insuffisant
1.2120223445036196,3,11.425175027651703,6.720809745768497,3.0,3.177217195813709,7.0,7.0,5.0,4.0,8.165307978109526,0,0,Passable
8.417185668611312,4,12.099079108701401,8.213590050119269,7.0,5.006545995022817,9.0,10.0,5.0,4.0,14.92882723620794,1,0,Très Bien
9.112419283753209,5,10.672368418217717,7.4916384436327785,7.0,1.5628308104825264,9.0,1.0,2.0,10.0,10.62093546455639,1,0,Assez Bien
4.377409901109054,4,11.032294475484141,4.164720485545188,8.0,6.539780292776287,4.0,10.0,1.0,1.0,11.814151062654945,1,1,Assez Bien
6.441392407639416,4,8.946568939333446,6.335454597499823,5.0,6.812904685035831,5.0,3.0,1.0,2.0,8.28361473667934,0,0,Passable
5.77812538635884,2,8.370914731316425,5.774898195291876,3.0,7.112629216334179,7.0,6.0,2.0,3.0,6.606819342710908,0,0,Insuffisant
12.0,3,7.505003647311462,6.076509917307746,1.0,1.730250110486355,10.0,4.0,0.0,7.0,16.207085372216422,1,0,Très Bien
7.7989372785864415,2,6.128058496210234,4.391993644326725,6.0,2.0553332681416405,7.0,0.0,4.0,9.0,7.941951147512012,0,0,Insuffisant
4.680206021298083,1,7.920989235154052,9.25286743349206,9.0,3.5678173115506873,10.0,1.0,4.0,5.0,16.60051568234799,1,0,Très Bien
2.6111488984989357,3,10.39006537936576,10.203985309226827,2.0,3.3193937063599037,8.0,4.0,2.0,4.0,9.716912480883328,0,0,Passable
0.9838841993560692,4,11.36091153855973,8.956005951996817,10.0,3.185773542944195,8.0,5.0,4.0,2.0,7.525360713138756,0,0,Insuffisant
5.508659089668058,4,10.050462028983258,9.541058448294287,2.0,5.889395117394607,2.0,0.0,3.0,7.0,8.079385133727254,0,1,Passable
3.1091231367892416,7,2.755037784554247,6.3107303259836875,2.0,5.529177652444659,9.0,2.0,1.0,6.0,2.474065105570335,0,1,Insuffisant
1.4443657260058145,2,16.5110522521682,5.7274863300279275,3.0,1.8135875057486817,4.0,5.0,4.0,7.0,9.31982491998744,0,0,Passable
3.3835677893936835,5,14.802680430116336,5.4428259063765765,1.0,1.1470925854820355,1.0,5.0,5.0,8.0,9.608860257596488,0,1,Passable
2.2961299909640127,8,12.560159479259951,8.288129845914446,4.0,0.9023175678246762,1.0,6.0,5.0,9.0,7.864288628250598,0,1,Insuffisant
9.217854087681411,9,17.676217353936437,7.4541261062882995,2.0,1.8023547700042757,5.0,9.0,3.0,10.0,11.668474685126535,1,0,Assez Bien
7.204099392373626,2,7.579225588807013,6.8455565768031486,9.0,6.114724100582571,7.0,2.0,1.0,5.0,12.291444729440986,1,0,Bien
4.9800683967084565,4,17.606687922191014,9.590297088390686,4.0,4.358322429181496,5.0,0.0,3.0,5.0,11.397842178338859,1,0,Assez Bien
8.699860347225066,4,7.621750731373082,7.8098827076306865,6.0,6.314622926776372,3.0,6.0,1.0,4.0,12.213906863073097,1,0,Bien
5.1934207691190455,6,11.835582738519747,5.3226847249588305,8.0,0.0,7.0,10.0,1.0,3.0,11.257140729603709,1,0,Assez Bien
2.846789496679341,5,6.541569362030285,5.63818234172861,1.0,4.683477759963225,1.0,2.0,4.0,7.0,6.737855504487665,0,1,Insuffisant
8.807810193174143,1,11.051429334405285,8.36398659850829,8.0,4.6514778628501485,1.0,4.0,5.0,5.0,14.62652686911037,1,0,Très Bien
6.347275109211647,2,12.35158274299436,9.083465705309195,9.0,7.000795770500674,2.0,3.0,2.0,7.0,10.596916912698049,1,0,Assez Bien
2.406884614183859,6,10.458583841029059,8.103360464511939,5.0,2.9772688946087724,1.0,0.0,4.0,2.0,6.095678320554744,0,0,Insuffisant
4.524153304790979,5,13.498571054315482,10.793777495744163,5.0,2.8004364071744354,9.0,6.0,0.0,9.0,11.983504477328784,1,0,Assez Bien
2.810954366538107,4,11.3465505732054,10.270014331462837,10.0,7.76624894576315,4.0,3.0,3.0,9.0,8.573965134079218,0,1,Passable
1.5430006725891596,5,9.171548450678717,7.882071669701526,2.0,3.572466847392947,7.0,0.0,0.0,9.0,3.6742826485588376,0,1,Insuffisant
7.315443868829103,4,9.016153387691812,5.322838681036996,9.0,4.44317678676574,5.0,10.0,1.0,5.0,12.293426183648592,1,0,Bien
9.773541601175326,4,13.838198204154939,4.380024976536465,8.0,5.190746780900199,7.0,5.0,4.0,10.0,12.767211811828345,1,0,Bien
1.5035810654521469,1,8.711902895675614,6.22523650997057,3.0,0.0,7.0,3.0,0.0,9.0,11.081731112059053,1,0,Assez Bien
6.407423091726427,8,14.203910396697278,8.506426892832314,4.0,4.102755339297321,1.0,3.0,0.0,1.0,9.475491855114306,0,1,Passable
3.373393577195433,2,15.27949127491176,10.653294158623876,2.0,0.8871558056168354,1.0,1.0,5.0,2.0,11.991965896748686,1,0,Assez Bien
3.7821865405882598,4,5.159501481788546,7.834894068821599,4.0,3.780926595071027,3.0,0.0,0.0,10.0,6.805874451471371,0,1,Insuffisant
3.519015189402827,7,14.96524235555362,9.337445588462472,7.0,3.263590609867123,10.0,2.0,5.0,5.0,11.594371371568785,1,0,Assez Bien
2.84002307580046,6,18.211479444556446,6.509385027624395,7.0,2.73407780198881,2.0,9.0,5.0,5.0,11.045338820229574,1,1,Assez Bien
5.1213040698620675,3,11.88201316420675,8.2455382504551,7.0,5.566681708921769,7.0,4.0,1.0,6.0,13.857623553214765,1,0,Bien
2.9226247089724056,5,13.096794648531878,8.646713658954345,5.0,4.243492055187013,3.0,8.0,5.0,8.0,5.397557769079284,0,1,Insuffisant
5.676142064449597,5,14.629518635292055,3.0408114482949435,0.0,1.347743833088693,7.0,6.0,1.0,1.0,14.767148549412536,1,0,Très Bien
4.874404726377158,3,10.035811896873422,6.173122395246979,10.0,1.2628906369332347,9.0,3.0,5.0,10.0,12.477334144589753,1,0,Bien
4.402629882833976,3,11.637980782382543,8.89940076855574,9.0,6.100376645259108,1.0,7.0,5.0,9.0,7.661178247593808,0,1,Insuffisant
2.731090844896005,5,6.400301646319118,7.54893667127313,5.0,3.9055536294860156,3.0,3.0,1.0,4.0,7.16553942093513,0,1,Insuffisant
3.5580716735791684,1,11.485222599856579,4.606969903698134,10.0,0.4397478756805846,6.0,5.0,0.0,8.0,12.76674666036401,1,0,Bien
6.88847806456439,4,12.743391984755895,3.0,9.0,2.958760722351266,9.0,0.0,3.0,5.0,13.142538500900821,1,0,Bien
6.252292969060952,2,12.806570580242642,6.268438509395987,6.0,3.6063776769600406,5.0,5.0,4.0,1.0,14.76720153326255,1,0,Très Bien
2.556111888003622,1,14.72898653259153,6.856828614212242,8.0,0.9151952788480751,3.0,9.0,4.0,9.0,11.821834594087294,1,0,Assez Bien
5.2483307635730645,2,8.288192376525648,5.232154100343309,7.0,2.4076944044511093,8.0,4.0,1.0,8.0,9.837302481030859,0,0,Passable
6.878467808429472,4,9.135876351642763,7.286169874055989,10.0,6.294636383112796,5.0,1.0,0.0,5.0,7.429934332109123,0,0,Insuffisant
0.826486797196571,4,17.634275710969742,8.01277349446579,7.0,10.0,6.0,0.0,3.0,4.0,8.394991476795225,0,1,Passable
6.358400480949838,2,10.473850691827016,8.341374341452466,6.0,4.756655649833204,2.0,5.0,2.0,8.0,11.382105704676784,1,0,Assez Bien
3.3434406026353836,9,11.700118255593148,3.0,1.0,0.6128219659196636,4.0,10.0,1.0,9.0,8.255546963389893,0,1,Passable
6.426496671482898,4,10.765464853961726,4.37142980438376,0.0,3.455853961918693,1.0,1.0,2.0,7.0,7.13439232327909,0,1,Insuffisant
3.0918521086437076,5,8.124117107932422,6.390754703290529,1.0,4.305074795422732,4.0,8.0,4.0,4.0,6.0410999898594895,0,1,Insuffisant
0.4877947483387022,4,16.68235223812132,8.144346262074928,5.0,5.965859126625929,1.0,8.0,4.0,7.0,9.12187903931941,0,1,Passable
0.9311439052920933,3,9.153045058277879,7.978468027100071,1.0,6.0249803478308745,4.0,0.0,3.0,6.0,5.368647718389965,0,0,Insuffisant
5.120212366653455,6,7.054500667025746,7.943739895753351,9.0,7.410631975854438,2.0,4.0,3.0,3.0,6.7300484442408655,0,1,Insuffisant
5.6493062543037045,5,9.42240902944037,6.233164116062136,3.0,3.9961230075470433,6.0,7.0,2.0,10.0,13.606177312840252,1,1,Bien
2.7392084372389784,5,3.994028993960633,6.3447331253800785,9.0,4.044196254592193,6.0,3.0,4.0,3.0,7.114594783561193,0,0,Insuffisant
6.596481146943435,4,8.720493872558864,5.543341463156518,2.0,0.0,8.0,2.0,3.0,1.0,14.318458279369857,1,0,Très Bien
0.8461998443276002,4,7.6115499075168565,8.536388256211696,5.0,1.4680521151986632,9.0,4.0,3.0,5.0,9.450380431628576,0,0,Passable
4.834800503381708,3,13.161000208245635,5.159022424520844,7.0,0.5943705469101674,8.0,4.0,4.0,8.0,14.821578258597118,1,0,Très Bien
1.9724595005938586,1,8.643050161540447,8.70007279037914,10.0,1.8983961236927254,1.0,7.0,4.0,6.0,10.716418886827608,1,1,Assez Bien
3.370409730494602,1,14.10731377452597,7.415706476275292,5.0,1.1203202956891332,3.0,5.0,0.0,8.0,13.322896999059191,1,0,Bien
5.118496678291035,5,15.894693975742625,6.909911043089693,1.0,1.2895187276363185,6.0,1.0,5.0,7.0,7.97129817382137,0,0,Insuffisant
2.848966586790119,6,13.734113677006597,5.686579200447067,4.0,6.723195584238287,1.0,10.0,3.0,2.0,4.4054315301740825,0,1,Insuffisant
4.038611139425437,6,10.246140988989731,4.288916277671747,10.0,0.0,8.0,0.0,2.0,8.0,11.271878785856524,1,0,Assez Bien
7.515732023036101,3,11.493900738469575,5.704694487243909,5.0,3.5041214461936447,6.0,2.0,1.0,4.0,10.197305231583991,1,0,Assez Bien
3.557770326192128,6,5.662552709495792,6.3399862627502275,8.0,6.1603931461695165,1.0,1.0,1.0,5.0,5.1021098527303375,0,1,Insuffisant
7.089230280162854,5,10.53177219617566,3.0,5.0,3.2462677775078324,10.0,3.0,4.0,8.0,11.178306206675858,1,0,Assez Bien
2.1757328633559547,6,7.988465361766084,6.605289689330672,9.0,7.317771069797467,2.0,2.0,5.0,5.0,5.702956191558503,0,1,Insuffisant
6.324510444788207,1,13.430142334022547,8.848714736052012,4.0,2.5010715767090734,6.0,8.0,2.0,5.0,12.411863262352375,1,0,Bien
8.603921551644751,3,20.0,8.134435810867744,0.0,8.37685810158793,10.0,4.0,0.0,6.0,16.245158191289633,1,0,Très Bien
0.0,3,12.749375725908333,6.007588248516985,9.0,0.07845727515850331,8.0,3.0,3.0,7.0,9.16897894875045,0,0,Passable
3.007761861323808,6,4.031009478658667,7.0938725968304555,4.0,7.3224389670193935,5.0,9.0,0.0,9.0,3.8410196820960305,0,1,Insuffisant
6.44268031795135,2,9.735694324799695,5.887670861156001,4.0,1.7644042790475059,1.0,8.0,2.0,7.0,14.36086306344006,1,1,Très Bien
4.4923865348925185,9,11.42871823881059,7.297521466671392,5.0,7.612246060398451,10.0,3.0,0.0,6.0,6.062706565565423,0,0,Insuffisant
5.927864683428272,4,11.305750988410923,10.080215647488064,6.0,2.829823052658437,2.0,5.0,4.0,10.0,9.009984414772198,0,1,Passable
3.4900370332104487,3,8.442154060369365,8.936997605249752,3.0,6.761477747257696,4.0,9.0,1.0,4.0,7.494222930129964,0,1,Insuffisant
5.21647446868225,5,11.858521099229273,8.041588611385505,6.0,7.184502016216976,4.0,0.0,4.0,10.0,8.385494054356421,0,1,Passable
4.610806911519801,5,6.651247070782144,6.014230175232563,4.0,2.5551186045564664,7.0,1.0,3.0,2.0,3.7722903951575315,0,0,Insuffisant
7.919455154149518,2,7.692819470602266,8.499876785889677,5.0,6.554742004712347,2.0,3.0,4.0,9.0,8.830964398456132,0,1,Passable
5.636052108253033,3,13.26029174561299,3.626246097253894,3.0,3.9300848530573638,7.0,8.0,2.0,10.0,9.717861121731852,0,0,Passable
5.844006655188005,5,7.445178691920609,6.495293036018219,7.0,0.34349443206702457,7.0,5.0,2.0,5.0,12.983729080911525,1,0,Bien
3.9703075846938316,4,12.8837406192229,8.1674228396479,8.0,5.270774264151126,7.0,5.0,3.0,5.0,9.380793866407812,0,1,Passable
3.7809844398187664,3,6.206876788703797,8.480842428095503,1.0,1.4585721560538398,3.0,10.0,3.0,3.0,9.742925254201655,0,0,Passable
3.918604530450948,1,17.176890593271075,8.339768980431483,10.0,2.3674632547991,6.0,8.0,1.0,3.0,14.771363556141557,1,0,Très Bien
5.986130355945742,4,8.290055271585809,7.589661378419389,3.0,1.7680392401286942,6.0,3.0,0.0,1.0,12.383142639107742,1,0,Bien
3.947538797949343,2,10.217166998687945,6.608550041832234,10.0,4.945543202528636,4.0,2.0,1.0,5.0,9.58120856651294,0,0,Passable
5.724437142241032,8,12.15714641381642,8.075951939652978,7.0,1.5360531470311227,1.0,6.0,4.0,3.0,8.560483772602243,0,1,Passable
10.188501996613597,7,9.02127516624617,5.094277918827399,7.0,0.9341140363827702,9.0,6.0,0.0,2.0,13.697764038390185,1,0,Bien
7.177811758579231,5,11.501920863749566,5.3106454734135005,8.0,1.391570680508512,2.0,8.0,3.0,9.0,10.366329844646788,1,0,Assez Bien
4.184941169580397,2,13.01374853582044,7.123469352920593,2.0,2.225551606968012,9.0,5.0,2.0,10.0,11.224488444991385,1,0,Assez Bien
8.003034805409861,4,14.3621463137622,7.346395285417495,0.0,5.241671982951598,8.0,1.0,4.0,6.0,15.569393575613114,1,0,Très Bien
3.9798115674461214,6,13.77024102590535,3.348769642870707,8.0,6.272680607213694,1.0,5.0,1.0,3.0,2.313698871581088,0,1,Insuffisant
0.0,3,10.39866337669064,7.910292761899037,0.0,6.236868874912133,7.0,7.0,5.0,7.0,7.03708448863511,0,1,Insuffisant
2.4797842227064897,2,10.486788790847392,8.545456755838787,2.0,3.913110314883842,10.0,5.0,5.0,9.0,5.516832150290216,0,0,Insuffisant
0.32302019743536103,5,19.221879953087615,6.845429525067409,2.0,3.848605518641516,3.0,8.0,3.0,9.0,7.457963620940001,0,1,Insuffisant
4.121216289896728,5,14.324611738872523,11.748932566567984,8.0,3.540688860798874,10.0,3.0,0.0,1.0,15.056898547578708,1,0,Très Bien
5.046045947973879,5,7.773617202879253,5.634129787369628,0.0,5.110380052052662,10.0,2.0,5.0,2.0,8.053213749221769,0,0,Passable
9.191093280688207,5,11.349958573179432,6.2778256732262605,6.0,6.798983889739093,9.0,10.0,0.0,8.0,15.38524406724577,1,0,Très Bien
5.8173184344104065,6,9.826999014276327,6.209866187745582,1.0,3.622255487476808,5.0,4.0,2.0,1.0,11.190225722070235,1,0,Assez Bien
4.452248677977839,4,10.526330181269117,6.847624777417965,6.0,5.331589358255867,3.0,2.0,3.0,3.0,10.722213807112023,1,0,Assez Bien
7.073513952958723,0,6.6967669480216925,6.342550374067418,0.0,0.898923855419405,8.0,10.0,3.0,7.0,13.858198607959217,1,0,Bien
0.0,6,9.558268679649164,4.186378910790257,9.0,6.1316871090377045,3.0,1.0,4.0,8.0,4.687404844859775,0,1,Insuffisant
5.589036395271415,5,17.340445206178696,5.906903407527049,9.0,4.540170230633881,7.0,1.0,4.0,5.0,16.92738348982732,1,0,Très Bien
6.927162984717417,6,13.02676705306426,6.804758608451848,7.0,1.418543905015349,7.0,3.0,0.0,2.0,10.267325522113934,1,0,Assez Bien
1.303534385550396,6,2.280935071469889,9.457144164123996,9.0,6.673211375418377,7.0,2.0,5.0,3.0,6.376955136122835,0,1,Insuffisant
7.859385108017323,2,15.258532223742815,11.404486546745826,9.0,0.8969549399424093,1.0,8.0,5.0,9.0,13.765399681995548,1,0,Bien
5.846241018736035,2,14.813703330182065,9.67094779570131,1.0,0.0,5.0,6.0,1.0,10.0,10.279814019586025,1,0,Assez Bien
3.961780215247997,3,9.742501434927542,5.449241940654787,2.0,6.116958370487689,1.0,5.0,0.0,7.0,4.916988340201524,0,1,Insuffisant
6.581954665265712,6,13.510422403241254,5.608380778747669,7.0,4.963422277923242,7.0,9.0,5.0,1.0,14.330985116065635,1,0,Très Bien
10.67673214451099,4,7.9921027621397975,6.681342844981298,2.0,0.9724541207444926,8.0,7.0,4.0,3.0,16.71113401369138,1,0,Très Bien
5.454665637646238,3,9.354104993067748,10.569117777707172,0.0,4.888382203098802,7.0,8.0,4.0,9.0,4.480727971316162,0,1,Insuffisant
5.62055146575084,3,16.24491226234449,6.6691518956362135,8.0,6.924695629115325,1.0,2.0,4.0,7.0,11.712968447447393,1,0,Assez Bien
3.8515977511493897,3,10.04894486045602,4.344985018925138,7.0,4.652943866083329,3.0,9.0,0.0,2.0,6.504447530146978,0,0,Insuffisant
2.8753890763380205,4,4.455939183157531,5.99764572609393,3.0,10.0,10.0,6.0,3.0,6.0,2.481232100287556,0,1,Insuffisant
7.075839541360613,2,10.77843872026532,8.514112003638834,7.0,1.8724643653271658,3.0,8.0,1.0,9.0,15.197620301073329,1,0,Très Bien
2.859790435227832,4,10.724940624799752,8.379880553792173,4.0,0.0,7.0,0.0,1.0,4.0,7.346430119864593,0,0,Insuffisant
5.178915593048481,4,15.194289992807109,6.5995666670166875,2.0,0.4725808603676289,4.0,9.0,4.0,10.0,14.461856071854514,1,0,Très Bien
3.8058563830872085,6,11.05017747761516,8.366829347120062,0.0,0.0,3.0,8.0,2.0,2.0,9.08582488624987,0,1,Passable
6.1974495643659795,2,9.524461909958976,3.0,9.0,9.34724464290849,6.0,6.0,0.0,3.0,10.864797948843638,1,0,Assez Bien
5.8341552632173705,1,14.657696508309222,7.207658470065395,4.0,3.9876486549331336,10.0,9.0,5.0,7.0,16.125698214928654,1,0,Très Bien
7.593849860644748,5,11.422765813753886,8.72137084273726,10.0,8.847755134736113,6.0,3.0,5.0,4.0,13.412266874457565,1,0,Bien
3.7249590028631325,5,8.37492061451999,5.334273449690929,5.0,3.1136162515933483,10.0,10.0,3.0,7.0,10.46552532255571,1,0,Assez Bien
4.325312661766572,6,15.042491461895661,5.327322927007424,3.0,1.7372791029222525,5.0,5.0,4.0,5.0,11.991251914586071,1,0,Assez Bien
2.5530907105442315,6,11.677816175808797,3.2671036944730494,6.0,0.0,6.0,10.0,2.0,8.0,12.285374837032919,1,0,Bien
3.889266849809721,1,11.010240883378032,10.179791189621389,2.0,3.0081164240439806,3.0,10.0,4.0,8.0,13.257774365965842,1,0,Bien
5.9432512326121305,3,11.62267936994079,5.559692045956867,6.0,6.110521622087006,10.0,5.0,2.0,5.0,12.672891478941391,1,0,Bien
6.8924715416133795,3,7.25266070004191,7.482086555724224,0.0,3.438469418826251,5.0,5.0,1.0,7.0,8.455166794445427,0,0,Passable
2.6945866895559365,7,9.15321178337582,8.207834082966748,6.0,0.006231063117988711,9.0,1.0,2.0,6.0,9.723233710329543,0,0,Passable
7.174014800264151,6,11.012539106414742,10.024135898282907,0.0,5.632811537620076,4.0,4.0,1.0,8.0,8.17840780432682,0,1,Passable
8.389094647012378,3,10.31867706741362,6.692204452028729,10.0,6.096994052502735,2.0,6.0,1.0,9.0,9.87522638058782,0,1,Passable
6.033587258059252,4,15.453499339858084,5.921140412443163,0.0,2.6753632235156473,5.0,5.0,0.0,5.0,11.692393037606731,1,0,Assez Bien
9.691989531395166,1,11.760920484544512,7.346135297141107,1.0,2.362363224315844,3.0,2.0,2.0,7.0,14.439884625292219,1,0,Très Bien
3.0655270022410672,4,13.992163729227409,9.568160553084574,1.0,0.0,3.0,10.0,3.0,1.0,13.65870534215117,1,0,Bien
1.8883632417214575,4,11.032883741015473,6.659654937198432,3.0,5.570169992329923,4.0,4.0,3.0,8.0,3.9347962840829007,0,1,Insuffisant
0.5531993777393032,1,14.697009693111431,5.090261836831847,0.0,2.84417745730389,4.0,7.0,2.0,3.0,7.729072875786599,0,0,Insuffisant
8.740110778722958,2,12.391347148006039,3.9184843833692753,3.0,0.0,5.0,10.0,0.0,1.0,17.636182216223567,1,0,Très Bien
6.635914140885144,6,11.046971698859611,4.557405230789549,1.0,0.2872823654390606,7.0,4.0,3.0,6.0,11.393352827804648,1,0,Assez Bien
4.8610383227238625,4,10.953509188643432,8.72878299481333,3.0,5.405545963493212,4.0,9.0,4.0,8.0,10.52808543837855,1,0,Assez Bien
5.699921565799551,2,7.659464807981628,6.358751047386377,3.0,3.1452157361541775,7.0,2.0,3.0,3.0,11.186480731147451,1,0,Assez Bien
2.1862773817540586,7,12.774205020477087,5.784958180158579,8.0,1.1613552725331786,9.0,8.0,0.0,1.0,13.075178047868837,1,0,Bien
11.114379949042066,5,10.859283429122673,5.568065553632115,8.0,4.134482194618497,3.0,10.0,1.0,3.0,12.490290025228541,1,0,Bien
5.323052954938069,4,9.243028139365784,7.170091720400364,0.0,1.899881514544766,5.0,2.0,1.0,5.0,10.390396410352789,1,0,Assez Bien
5.273486986512232,6,14.872616197842252,6.521089812468833,4.0,2.393064629932711,4.0,1.0,1.0,8.0,12.061041251955013,1,0,Bien
6.81441655974673,7,6.624243909368196,6.453735712561495,6.0,3.3261764483870904,9.0,5.0,0.0,9.0,9.412249602808458,0,0,Passable
6.202523079341783,3,9.52126436598648,9.698647855621479,3.0,8.21372942927351,5.0,7.0,1.0,9.0,6.7804000623266605,0,0,Insuffisant
5.559710060697828,5,14.597015620728367,10.076032563723267,4.0,8.201905006484584,10.0,5.0,1.0,4.0,10.415475801258703,1,0,Assez Bien
3.0238138613867203,6,12.104330293220887,3.779956654182007,1.0,0.0,2.0,0.0,0.0,8.0,7.926188357740663,0,1,Insuffisant
6.178670892839989,2,10.83249375321535,7.655185462285916,2.0,3.8384771373001128,10.0,7.0,4.0,5.0,12.117539370904657,1,0,Bien
9.705061241187584,5,11.878512401025514,5.446275802757215,6.0,0.3694835376985055,1.0,0.0,3.0,3.0,17.673639449630674,1,0,Très Bien
8.363550115387444,2,11.627949598670945,6.503497772277813,9.0,1.3419038284698135,7.0,8.0,0.0,5.0,14.797530994440661,1,0,Très Bien
8.982966566598492,3,5.691681087999275,7.618556770253389,6.0,0.0,1.0,7.0,0.0,2.0,11.580281334827438,1,0,Assez Bien
3.721960808922037,1,9.777583401282135,6.574560166138161,3.0,1.8306681696989813,8.0,5.0,2.0,6.0,12.094428856883196,1,0,Bien
2.525987949353548,2,16.65782579079812,7.4609197612552665,0.0,1.0169716126712505,9.0,1.0,1.0,1.0,8.767548756128305,0,0,Passable
4.68553269975088,3,8.692365528279915,8.345940412063834,0.0,6.563851443359075,7.0,8.0,5.0,6.0,6.9543351827542175,0,1,Insuffisant
5.139312280721737,3,9.885946450634831,7.58915360108064,3.0,1.8951743903133647,9.0,7.0,4.0,5.0,12.337484413120507,1,0,Bien
7.735478796177372,6,9.104327328417844,5.706327391664753,3.0,0.0,10.0,3.0,5.0,9.0,11.81338562391728,1,0,Assez Bien
0.7688384257129517,1,10.695446718386519,5.741600786059353,5.0,3.992939992276753,6.0,1.0,2.0,7.0,8.315420881817797,0,1,Passable
8.823875798651535,5,8.959070090364957,4.120589406763929,6.0,3.557680314438343,7.0,5.0,4.0,6.0,13.629612078606199,1,0,Bien
4.604980253552527,6,12.70359525755321,5.292159404958563,8.0,3.3411269897805718,3.0,0.0,1.0,7.0,7.76111303854826,0,0,Insuffisant
3.9327973251314496,6,11.690596943015933,10.924136723797057,8.0,5.524996675094269,9.0,6.0,5.0,10.0,8.046135116839332,0,1,Passable
2.469739061849581,3,13.707416652874564,5.415992851809511,9.0,7.079734600530608,3.0,0.0,1.0,5.0,9.403546016353305,0,1,Passable
0.8628583203355769,4,7.321705918338639,4.61324237511236,4.0,3.3045898007709313,6.0,5.0,1.0,1.0,4.486949100552407,0,0,Insuffisant
7.057926459904786,5,9.808808309909839,7.639855723689546,9.0,4.6642083691882394,4.0,4.0,3.0,9.0,7.961796437736932,0,1,Insuffisant
5.1832949179710095,4,10.209970789357527,6.7792704814162805,10.0,3.3682101383755922,9.0,9.0,4.0,5.0,10.532516729575615,1,0,Assez Bien
1.7750977506473653,4,12.594764185310082,6.6088135263015495,2.0,5.2662305845161725,1.0,2.0,4.0,4.0,10.370320838677308,1,1,Assez Bien
1.7623030698409599,4,8.22372580977538,9.81809193282418,2.0,0.32576730998759373,9.0,5.0,2.0,6.0,8.484778993770428,0,0,Passable
4.160538251774679,4,14.204788314904205,8.09825335111673,5.0,5.543361050637812,4.0,3.0,0.0,5.0,8.757213274543501,0,0,Passable
9.172553813223482,5,15.152454566811631,5.940014136593049,0.0,4.707552870259821,10.0,5.0,1.0,1.0,10.938523240620771,1,0,Assez Bien
4.351021621590988,2,7.538946783275456,6.15104816481644,6.0,1.6012083723252548,5.0,3.0,1.0,2.0,13.990327718928734,1,0,Bien
1.2421426172047347,3,9.28194486787252,5.99482697218863,2.0,9.520869466198889,1.0,0.0,5.0,4.0,1.5861486815304264,0,1,Insuffisant
4.385642339785139,2,9.138239720977676,8.749479243160515,4.0,0.6014195066245134,1.0,4.0,2.0,8.0,5.006540726839419,0,0,Insuffisant
4.318191075630824,1,20.0,6.383704741093725,6.0,4.8244335442510735,6.0,7.0,4.0,5.0,13.11021808196694,1,0,Bien
0.0,8,9.495349631772397,3.413692995091699,6.0,1.60697596348952,10.0,5.0,3.0,7.0,5.84389761602379,0,1,Insuffisant
4.864262833705469,1,16.87168904754647,6.903360642531311,8.0,5.445006563699326,1.0,9.0,4.0,2.0,13.482044681019035,1,0,Bien
4.422663674478305,10,6.566788017126866,3.925947997744142,0.0,8.999101179520625,2.0,8.0,3.0,8.0,1.3582077860563415,0,1,Insuffisant
6.740515912033546,5,7.536221618424728,11.368461203509803,2.0,5.938885542725166,3.0,3.0,3.0,5.0,6.246029788160669,0,1,Insuffisant
9.622390237363362,6,8.596884138531298,5.068664172305538,8.0,3.7098848827133457,7.0,9.0,4.0,4.0,13.225442746637787,1,0,Bien
7.8164125738693935,3,8.040087409937172,6.676270469284539,7.0,6.321513795163918,2.0,8.0,5.0,9.0,11.257489969447409,1,1,Assez Bien
4.327778273612924,6,10.062354430445254,7.516405469402274,1.0,2.5238778355606013,5.0,7.0,1.0,6.0,3.6555915594304427,0,1,Insuffisant
2.2336852281458244,4,8.519276290474757,6.42268367864154,7.0,5.222444356783346,9.0,2.0,3.0,4.0,5.281091285336547,0,0,Insuffisant
11.433399508124651,3,8.132304425428993,6.419939197067615,7.0,4.219375507205218,10.0,5.0,5.0,8.0,13.687258767492821,1,0,Bien
5.148046085036221,0,15.054651987656648,7.843654572321754,1.0,0.9585438290127999,8.0,3.0,2.0,3.0,11.701068689505467,1,0,Assez Bien
5.034823229782366,5,15.283277678796079,10.052431917592557,7.0,8.271523233542137,8.0,0.0,2.0,10.0,7.627646858126945,0,1,Insuffisant
4.939687282224992,8,14.322537744313605,8.535018163634595,2.0,7.109555540941889,2.0,8.0,3.0,2.0,7.345834516973466,0,1,Insuffisant
5.495211901919637,2,12.833996344545149,9.957027757147085,6.0,1.8596417348170187,1.0,3.0,1.0,7.0,9.542887123329802,0,0,Passable
4.639098970190144,3,11.324600730228433,4.906761783812996,8.0,6.564169704289885,9.0,10.0,3.0,4.0,11.757733212369805,1,0,Assez Bien
3.565844982799409,6,9.260392582669319,7.634725266510722,3.0,1.0563035433138133,10.0,4.0,2.0,4.0,7.943052462192227,0,0,Insuffisant
3.6328526468990194,1,7.663948733357178,7.310492104116559,10.0,5.157310648621926,4.0,2.0,2.0,10.0,8.619455784391983,0,1,Passable
4.918116824460004,5,12.270484962014406,7.702182583353469,5.0,4.118794912735443,9.0,3.0,4.0,9.0,10.76306689412524,1,0,Assez Bien
3.6414380721655877,5,6.892293626086207,9.752463941271145,8.0,8.195987035272335,7.0,8.0,1.0,2.0,9.091614963596708,0,0,Passable
3.217885543307089,7,7.521276747886123,6.558421700415892,10.0,4.829751250154347,6.0,6.0,4.0,1.0,9.401405016549488,0,0,Passable
5.266075569229742,5,15.035196396716834,6.188993266891824,10.0,0.13709951137088794,10.0,7.0,5.0,7.0,15.967548086950407,1,0,Très Bien
4.362556956447862,1,17.652271646027305,8.067961594837328,4.0,6.54816869530632,9.0,2.0,5.0,8.0,10.378585384810393,1,0,Assez Bien
8.759982471456722,4,12.376532983582683,3.443594544868305,0.0,2.898547902827546,10.0,2.0,5.0,3.0,12.72230408373411,1,0,Bien
0.0,6,14.872600033031254,6.526295901755644,2.0,2.780666896708974,4.0,6.0,0.0,2.0,5.014223559156035,0,0,Insuffisant
7.728767129806155,1,10.139530888946059,6.731604621429094,10.0,4.0729953754998265,1.0,7.0,5.0,4.0,18.406343538986423,1,0,Très Bien
8.115212981244072,1,6.318140348693105,5.159282767386149,8.0,2.5632879819859298,5.0,4.0,3.0,2.0,13.06912048587387,1,0,Bien
0.0,2,13.142600665165045,9.114118022713154,2.0,8.48703881672945,6.0,0.0,4.0,2.0,5.9666162072249405,0,0,Insuffisant
4.143281014799128,6,12.992512631445223,4.875519365313432,10.0,6.012969072222324,6.0,2.0,5.0,5.0,10.657406585472852,1,1,Assez Bien
4.071397835010521,4,11.250839938580855,6.728253903272408,10.0,1.1403119612534436,1.0,4.0,1.0,10.0,10.282802775232312,1,1,Assez Bien
1.4812207632054468,5,10.15168589663211,7.586314450645936,9.0,2.1811202221192625,7.0,2.0,5.0,5.0,7.221753679801939,0,0,Insuffisant
3.055458281022812,8,14.367737025033843,9.706903122952237,1.0,0.7259560203648974,8.0,0.0,3.0,8.0,11.421363960296008,1,0,Assez Bien
2.223560386335428,5,7.54993438300384,6.978887130238293,3.0,6.419316714587048,5.0,6.0,3.0,9.0,5.501648083272968,0,1,Insuffisant
9.380676108559058,6,8.291767973882697,8.872307188256421,4.0,3.8327713048559566,2.0,0.0,3.0,2.0,8.084848534124463,0,0,Passable
7.339195982868652,3,7.4716272263385015,8.401190794554255,6.0,1.5584074430100867,2.0,9.0,3.0,1.0,13.543574258468965,1,0,Bien
8.178887737485397,3,11.297405369225395,7.246915112338285,6.0,7.9295532644431335,5.0,5.0,3.0,3.0,10.2393385960846,1,0,Assez Bien
6.804180160108087,4,7.192374457617596,4.82097318345309,8.0,5.262196805668691,7.0,5.0,1.0,6.0,9.865046514897198,0,0,Passable
2.177370571956927,4,8.605152368196649,4.130838278191302,7.0,4.4638144340957,7.0,6.0,0.0,5.0,7.405993032484249,0,0,Insuffisant
3.6886993343005656,5,8.529855532204808,7.213010802838373,1.0,4.345896705895185,4.0,10.0,2.0,8.0,7.413071718783331,0,0,Insuffisant
6.223436403069795,4,10.087870836831147,5.914606252194773,7.0,0.605033875205979,3.0,0.0,0.0,8.0,11.228682967962824,1,0,Assez Bien
1.9446804777701363,5,5.7941894375860805,8.838522183362583,7.0,5.3983863876708975,9.0,10.0,2.0,2.0,7.6225807370383825,0,1,Insuffisant
6.78249607543097,3,11.305217472130435,8.491713036197154,4.0,2.9528132304384815,7.0,2.0,4.0,9.0,9.71716430013799,0,0,Passable
4.399186504604662,1,15.365562777326371,6.6307780111259005,2.0,6.1766261460298155,2.0,8.0,3.0,4.0,9.303754205796299,0,0,Passable
4.0629479811260065,3,11.474219803108667,4.684574152117461,8.0,5.598081164457524,1.0,1.0,4.0,1.0,10.201722184945208,1,0,Assez Bien
6.777399920508729,3,16.394624006804623,8.021471099214548,6.0,3.8473104636959174,2.0,4.0,4.0,2.0,14.649418225532106,1,0,Très Bien
6.1106582787151,3,15.668993650569238,4.964101107729699,0.0,3.6704586973051323,3.0,2.0,2.0,6.0,9.414732618121665,0,0,Passable
4.0975845854523,6,13.722072665367492,5.48307215413827,7.0,8.147326679990087,5.0,4.0,1.0,5.0,4.794483887463844,0,1,Insuffisant
7.89832450841062,7,11.2614004492291,5.0411685235696915,9.0,0.6578548864209348,3.0,6.0,3.0,7.0,14.250928762260372,1,0,Très Bien
2.2973416810002565,5,11.078751358859039,6.722997956120093,4.0,2.566502283853987,10.0,0.0,5.0,9.0,11.018897866485855,1,0,Assez Bien
6.539839017360659,4,13.673299203271409,9.340384668141123,5.0,6.8413325754320695,9.0,2.0,4.0,6.0,10.35397978242737,1,0,Assez Bien
6.482753144920959,2,9.629152866735886,6.989918259552943,8.0,7.712938289848427,10.0,10.0,0.0,6.0,12.967891086947118,1,0,Bien
4.226133901715024,0,4.411177369863877,6.113562615144609,9.0,3.6552877878979775,4.0,5.0,3.0,2.0,8.857118374515174,0,0,Passable
5.815332555605295,4,12.72201418936036,3.9487701399095116,7.0,2.2517023881698863,7.0,6.0,1.0,7.0,11.654475197257058,1,0,Assez Bien
1.8722160590367425,3,7.0412597952276,8.104249169459687,10.0,2.302363613192735,4.0,9.0,3.0,2.0,10.48881013440279,1,1,Assez Bien
7.310067548017253,5,7.6325057013336535,5.439190788142745,2.0,0.4139318687974338,3.0,2.0,5.0,7.0,11.556066790009329,1,0,Assez Bien
4.537744658892527,3,11.000783817985258,7.235035238316193,4.0,9.00437472325828,10.0,3.0,5.0,8.0,7.575981507214957,0,0,Insuffisant
3.6931924487024013,4,10.667062928562856,6.2915627681667186,3.0,3.6298540157227706,1.0,5.0,4.0,1.0,5.547959559930925,0,1,Insuffisant
7.622523064592223,6,6.057735377895294,8.676354439198875,0.0,5.16218773203097,9.0,4.0,0.0,9.0,8.611831585589416,0,1,Passable
3.239140773643102,3,11.579220474465991,6.685527215942896,4.0,5.187566536387405,1.0,10.0,4.0,8.0,3.860820884527918,0,1,Insuffisant
1.478846759091101,3,14.38148881301367,6.882147290953897,9.0,7.709584449934125,1.0,8.0,1.0,9.0,6.809194779008585,0,1,Insuffisant
1.1084270661902407,4,7.05080450406976,7.9714942949109195,6.0,2.9518609491677097,1.0,0.0,2.0,5.0,6.048813669038701,0,1,Insuffisant
6.515024878364099,5,15.453691657970658,11.213880364526371,0.0,3.1281054685106064,5.0,4.0,5.0,4.0,10.915165693430811,1,0,Assez Bien
1.7989266187592925,5,5.539402112045196,8.77689386071711,3.0,6.077293866750029,7.0,10.0,0.0,1.0,5.091871791119018,0,1,Insuffisant
9.38698545496091,4,18.410634505298336,6.822787787302781,5.0,0.0,7.0,0.0,5.0,9.0,15.379978384160832,1,0,Très Bien
0.0,8,9.560588493307808,7.006395981230577,10.0,7.7257798608883705,10.0,7.0,1.0,4.0,7.410776422990415,0,1,Insuffisant
9.241140920725096,6,11.509659488894119,5.9502810793511305,8.0,8.34533354737254,1.0,6.0,1.0,4.0,14.08119424501091,1,1,Très Bien
5.527543668006546,4,4.377882496300154,5.100008592960609,10.0,4.614460465938932,6.0,4.0,5.0,4.0,14.051178119377402,1,0,Très Bien
4.758217220324019,3,10.78252376735742,5.894498425867356,7.0,1.6556406751838226,9.0,5.0,4.0,2.0,17.26163782413933,1,0,Très Bien
3.6377022829776258,3,11.799687622013671,5.4557020725761145,1.0,6.1328071910632715,6.0,3.0,5.0,4.0,7.656287995642672,0,0,Insuffisant
5.997840285880177,4,10.69843263565177,8.30673676759177,10.0,3.5224135570330066,4.0,8.0,4.0,2.0,10.003622399769863,1,0,Assez Bien
4.905913243937879,4,9.029216230316692,4.857610284262028,2.0,4.355532156645173,10.0,2.0,5.0,8.0,10.274963806713979,1,0,Assez Bien
7.7582547050413035,3,7.687024185152648,9.666421122760088,9.0,4.546189132463623,9.0,1.0,4.0,7.0,12.96601270335071,1,0,Bien
5.285569121655099,4,14.956843168380589,8.50409276723766,4.0,2.3541617615962775,3.0,6.0,2.0,10.0,11.676838025204596,1,0,Assez Bien
5.375754403654694,3,11.107824972492825,7.041003458735337,10.0,4.868157057085278,10.0,1.0,3.0,2.0,10.654833301940274,1,0,Assez Bien
4.09096946946536,5,16.392633317808702,7.000637222930137,6.0,0.3418079697855938,4.0,5.0,3.0,2.0,15.180796851590928,1,0,Très Bien
4.857635940697332,2,9.15731175821777,5.8854373807708935,2.0,0.0,4.0,10.0,4.0,2.0,13.10991235044139,1,0,Bien
5.769504422230148,6,9.47821857319724,7.540168822695528,6.0,4.9109550763899765,4.0,7.0,4.0,1.0,10.368534388478231,1,0,Assez Bien
0.724579018358436,5,13.85457985608657,9.176184926417179,4.0,6.60908654046061,6.0,2.0,2.0,6.0,5.784699304310237,0,1,Insuffisant
1.6295364447357175,1,5.319587632987526,5.593687075488372,9.0,2.716158118458761,7.0,2.0,3.0,6.0,4.92795042725617,0,0,Insuffisant
6.858160235056787,5,6.75287823946477,3.933215822162539,5.0,2.5757465312115064,9.0,2.0,2.0,1.0,9.762310151171166,0,0,Passable
5.427163595319855,4,14.841197399736073,8.406436509713489,5.0,5.61881545237915,3.0,0.0,1.0,1.0,6.695054266461062,0,0,Insuffisant
4.540041659118302,0,6.898231247718819,7.648731948487601,10.0,3.9482356942440586,8.0,8.0,5.0,6.0,11.815073486802625,1,0,Assez Bien
5.046084832663483,5,4.633321446441084,4.759602397117641,10.0,2.5847638268179924,8.0,4.0,3.0,6.0,9.49837143528977,0,0,Passable
5.868954263404177,4,17.53984515825582,5.533217258171764,3.0,4.763212016075535,1.0,8.0,4.0,4.0,8.261363730930377,0,0,Passable
3.6506007992265963,6,6.121638232440281,5.281791451899719,7.0,4.0159147226457605,5.0,4.0,0.0,3.0,6.540265980934041,0,0,Insuffisant
3.054238186494218,1,11.644417894148594,5.550935461931502,8.0,0.8767669738333472,10.0,6.0,1.0,9.0,11.078407274628015,1,0,Assez Bien
5.489613137744204,2,11.24179817453495,6.352634491917625,1.0,3.7279367219624073,5.0,0.0,5.0,6.0,10.77759618846734,1,0,Assez Bien
2.55406805596242,2,1.1628008918367065,6.466905391438505,8.0,4.457341869552389,8.0,8.0,0.0,1.0,11.280469363775854,1,0,Assez Bien
6.02063188928618,3,10.06439041891267,5.69841268986308,10.0,2.6655416444516096,8.0,0.0,2.0,3.0,12.367958659201593,1,0,Bien
0.7435409894053988,3,12.569446373176884,5.483672361000144,3.0,6.314381409259047,2.0,3.0,5.0,1.0,8.644482320400794,0,1,Passable
7.572889093314109,1,12.240082835316013,6.542431312161237,5.0,5.208322952666251,3.0,6.0,2.0,3.0,10.9240149628919,1,0,Assez Bien
6.181493706032608,3,14.162322393312255,7.335383069719122,6.0,3.30731557110456,2.0,10.0,2.0,2.0,16.253385672310937,1,0,Très Bien
5.640074335784689,3,9.64378039783098,6.367406927270311,3.0,4.334124511181164,1.0,8.0,4.0,5.0,8.340033916308295,0,1,Passable
7.456727459863785,3,13.493765547322562,9.317334046682603,7.0,3.058873309992892,2.0,0.0,2.0,3.0,11.532896320750758,1,0,Assez Bien
9.16368611115644,2,8.587348261719749,8.016175428841573,9.0,3.4392440681308623,10.0,10.0,0.0,7.0,14.022746747811087,1,0,Très Bien
7.535925162545326,3,6.063364042555287,3.8183082862826083,7.0,3.5312223819617126,6.0,5.0,1.0,8.0,6.675052636389014,0,0,Insuffisant
0.397814421670887,6,6.457950685115686,8.047455530827706,0.0,0.0,1.0,10.0,4.0,7.0,2.7858032382012117,0,1,Insuffisant
1.801057583160746,2,5.8826134068160485,8.211087965171165,7.0,4.068502686215196,6.0,9.0,1.0,2.0,10.668674666624481,1,0,Assez Bien
3.437953555760803,4,14.533550887619178,6.130530063751618,9.0,4.795853032527614,1.0,10.0,2.0,10.0,6.5776868590718305,0,1,Insuffisant
5.0652276255270845,4,5.698992718295052,4.009604825393689,2.0,10.0,2.0,4.0,3.0,10.0,7.005318100784116,0,1,Insuffisant
6.2941475511728076,3,11.959135942272562,7.016133518822272,4.0,5.099707738471173,8.0,2.0,5.0,7.0,8.320965659335622,0,0,Passable
3.185640467116336,4,10.069265320746485,6.984582697035512,9.0,2.3677097982304596,6.0,9.0,4.0,10.0,7.704007683837183,0,1,Insuffisant
5.466916911192696,3,10.64072999292279,4.75670752693361,7.0,0.0,9.0,1.0,2.0,3.0,19.039729567447605,1,0,Très Bien
3.1115426691166936,3,15.77262553319895,4.097561567480129,10.0,1.3592414521611782,1.0,0.0,4.0,7.0,9.368048799949152,0,0,Passable
3.4712054925201294,6,9.465504214746543,6.824892907093121,5.0,2.7517727287840748,5.0,1.0,3.0,1.0,6.06875796846851,0,0,Insuffisant
1.4833472578794442,7,13.140605465423892,6.533845615898356,3.0,2.7963519777526393,7.0,3.0,0.0,2.0,8.647191526585708,0,0,Passable
2.6919168847227395,6,11.13147172983389,6.165469269355213,3.0,3.4064324964807153,9.0,5.0,0.0,10.0,7.594398007315334,0,1,Insuffisant
1.620788485959166,2,10.467933830285558,6.833178530506877,3.0,2.9942310572534057,9.0,4.0,5.0,1.0,11.388320525422822,1,0,Assez Bien
2.560316867556668,1,19.049891935352658,4.794447252359362,5.0,3.4227498129862677,4.0,3.0,0.0,9.0,11.722779108453445,1,0,Assez Bien
7.634104491519599,5,5.955303889996206,6.130358774267772,6.0,2.944226186130985,4.0,7.0,3.0,2.0,12.998911836621838,1,0,Bien
2.6265027779201424,2,15.511961424031057,8.066650061228696,4.0,4.04603934558244,4.0,6.0,1.0,2.0,8.427290566233268,0,0,Passable
11.580955162093478,5,13.297422979214902,6.300059839297423,9.0,1.7415005129295298,3.0,3.0,3.0,6.0,14.692621965306397,1,0,Très Bien
6.233294752202223,3,9.321662518788756,3.656055056414896,7.0,0.8530746127272919,8.0,9.0,3.0,7.0,12.898906592423845,1,0,Bien
5.462090309237185,5,16.702614811045642,6.054615444552857,6.0,3.4048462784183338,5.0,4.0,2.0,2.0,11.761146940762703,1,0,Assez Bien
2.8541055495469663,5,4.5316146066401215,4.859683072986279,7.0,5.0849041063066025,7.0,9.0,0.0,4.0,8.29993152084488,0,1,Passable
6.750774698522479,5,9.17381669945325,7.534272592923461,3.0,1.2024039113409155,10.0,4.0,4.0,3.0,17.440292581913326,1,0,Très Bien
3.5609054344055653,6,6.770312285058234,7.637674806760851,7.0,2.563501743813708,6.0,2.0,5.0,5.0,4.986141988885174,0,1,Insuffisant
5.305024536613404,6,12.442292127050111,3.682450749827938,5.0,3.63463688650332,9.0,8.0,1.0,9.0,8.840814147817763,0,0,Passable
11.400211345671988,5,7.104275645844878,8.518025941164378,2.0,3.5742651506452527,3.0,10.0,4.0,2.0,15.153642428621215,1,0,Très Bien
4.759850250688375,5,12.515723813594617,4.775627397442883,7.0,5.882117956329022,6.0,4.0,2.0,5.0,13.703112031774824,1,0,Bien
7.87318331571419,2,10.34747254462456,10.118364580964702,6.0,6.3495721720896725,3.0,9.0,2.0,8.0,8.66159981469648,0,1,Passable
3.2420589371852815,4,9.322261200703705,6.902447470998767,9.0,4.555049736453135,2.0,1.0,1.0,6.0,4.867507065931591,0,1,Insuffisant
4.912528773757596,4,12.360265361116587,4.5072130029216755,4.0,7.02354575253907,3.0,3.0,4.0,4.0,4.103681202622404,0,1,Insuffisant
9.427001589088775,2,10.059824316216776,4.716027858614638,10.0,3.0774442965809485,2.0,3.0,1.0,10.0,10.266289505884178,1,0,Assez Bien
3.4325823555305814,3,7.1897780492933645,7.6961905835746895,3.0,6.100495756388515,2.0,4.0,1.0,8.0,7.378071549903718,0,1,Insuffisant
9.531121394992322,3,20.0,6.217400220203245,0.0,2.4674679479691926,10.0,7.0,0.0,3.0,20.0,1,0,Très Bien
6.769379838638688,4,9.294914859397995,6.806692180763719,9.0,4.740033563069062,7.0,4.0,4.0,4.0,11.426868570209862,1,0,Assez Bien
3.593833060264331,4,3.238368219467948,10.225560465394079,2.0,5.610307184900459,10.0,0.0,0.0,9.0,4.0203474749293955,0,0,Insuffisant
6.581019347638803,2,8.05265458597514,5.60151187154185,1.0,4.140364859877385,3.0,1.0,0.0,5.0,9.022274235095216,0,1,Passable
7.431386124066824,6,6.564531590695444,7.119925715391413,7.0,1.587513211991877,8.0,2.0,5.0,6.0,8.689079173935106,0,0,Passable
6.554524905542991,4,13.891509656141805,9.839688974746107,7.0,0.0,2.0,2.0,0.0,2.0,15.05573831687661,1,0,Très Bien
1.074438200273859,4,12.125784308570552,7.5410269509328005,4.0,5.392276651370761,7.0,9.0,3.0,9.0,10.028779024165585,1,1,Assez Bien
3.1821570604378286,4,12.395494806266205,3.786794529283988,4.0,3.3174417594520054,3.0,5.0,2.0,8.0,4.839970372588819,0,1,Insuffisant
4.381203411121238,6,9.704921369569645,8.010778023464274,10.0,3.492725644296132,9.0,8.0,2.0,7.0,8.249441022916443,0,0,Passable
4.813916427249884,5,10.022274135300774,4.673994284433112,3.0,7.750272370434437,7.0,9.0,3.0,9.0,4.98275664149753,0,0,Insuffisant
6.551680243876695,3,9.701741137373162,9.813615057465931,0.0,1.634428099909544,9.0,0.0,1.0,5.0,10.629774662642218,1,0,Assez Bien
5.444252502333135,5,10.715823855525857,5.354264790004044,0.0,5.85088136765163,2.0,5.0,4.0,5.0,7.5107021841046055,0,1,Insuffisant
1.661639103224747,5,13.923667023776924,12.0,5.0,2.1557196723695213,6.0,8.0,4.0,9.0,4.6141284447454325,0,1,Insuffisant
5.950494627514908,5,12.176263943768713,9.934751976655356,3.0,3.5567321270166925,5.0,3.0,4.0,5.0,9.965263673270101,0,0,Passable
6.526464363209557,4,12.750394903673033,5.406774860744043,3.0,1.285246301598804,2.0,9.0,0.0,9.0,8.320245278954783,0,1,Passable
6.399476119827599,6,12.74845617887221,7.040027610003221,2.0,2.138270879596907,4.0,2.0,4.0,1.0,9.227268288664888,0,0,Passable
7.701951813886554,2,14.095548530836084,8.507288563266927,8.0,5.033108854291627,4.0,5.0,4.0,10.0,13.410832690246668,1,0,Bien
7.08480538637226,9,12.008525145390891,8.567320948453416,2.0,7.234988698184928,8.0,5.0,4.0,10.0,3.7418452990936624,0,1,Insuffisant
6.147950198071092,2,12.255968254376215,7.884672519952394,7.0,5.058758265586295,7.0,1.0,2.0,8.0,13.684800994297555,1,0,Bien
4.824585721353382,2,15.160821844176049,9.50431807393222,1.0,4.76459145731734,5.0,4.0,3.0,3.0,9.774507546667602,0,0,Passable
0.8475976662100217,2,8.672339286989107,6.754062106731261,3.0,10.0,9.0,0.0,5.0,8.0,8.081499233380322,0,1,Passable
6.0740455478314646,3,8.004900970169725,6.266564662847934,0.0,5.401413777822913,1.0,8.0,1.0,5.0,10.397926376574054,1,0,Assez Bien
5.519219217907778,6,6.849274402846004,6.306272024150779,10.0,1.6659474318420529,4.0,8.0,3.0,2.0,8.193060393232695,0,0,Passable
5.678947092988434,2,11.640200972670895,8.716746463944254,4.0,0.0,5.0,2.0,4.0,9.0,8.273882279168342,0,0,Passable
1.8081285604492265,4,4.511937155733069,7.730362080605293,1.0,4.947874362593008,8.0,4.0,1.0,4.0,3.80529400037498,0,0,Insuffisant
2.297358648979344,3,12.617539336208871,7.582567331380512,10.0,0.483697565834337,3.0,2.0,1.0,7.0,13.059282923440916,1,0,Bien
7.632882133332259,9,10.617824169248065,8.590468498514364,0.0,1.4963585658779963,5.0,6.0,3.0,8.0,9.1510205102919,0,0,Passable
4.901112115358362,4,14.9712389493737,3.0,0.0,4.758253796037402,3.0,0.0,3.0,7.0,8.721400755353063,0,0,Passable
6.703751743431561,0,8.648289413372533,7.620137647750301,1.0,6.599806218929986,7.0,4.0,3.0,6.0,11.013649761649777,1,0,Assez Bien
5.070795940326153,4,10.288386001038726,7.437137777747432,4.0,3.285762662197941,10.0,5.0,5.0,7.0,10.66200236983209,1,0,Assez Bien
5.074390348739363,4,14.92771166652679,10.33761616260141,8.0,0.9846596486682517,3.0,10.0,3.0,4.0,16.047406018485496,1,0,Très Bien
7.345709514939994,3,15.840974763723533,3.942824035472666,5.0,3.6338739034843766,7.0,6.0,5.0,10.0,15.848605578152238,1,0,Très Bien
3.7098881794565655,3,8.61946671986863,10.114373264753516,3.0,3.319779613226311,2.0,2.0,0.0,1.0,7.3518462937452655,0,1,Insuffisant
5.240301942352459,1,11.636234314055061,7.150818257849331,2.0,4.294233836411711,7.0,6.0,2.0,5.0,12.576149537653652,1,0,Bien
3.844311778237394,6,12.030466421894168,7.97797906132009,7.0,0.9937579186214816,9.0,3.0,5.0,8.0,7.158736846444448,0,0,Insuffisant
3.9137594314192112,8,12.307786919674019,10.351837575218752,2.0,1.907126799222869,5.0,9.0,2.0,10.0,3.7749017417863358,0,1,Insuffisant
4.227069691328402,3,10.080985192395323,8.121522536011145,0.0,6.558894658436758,6.0,10.0,4.0,6.0,7.7109366853486065,0,0,Insuffisant
5.555334429084282,2,15.484841893432723,7.800736578925122,3.0,5.903126249198555,10.0,5.0,0.0,5.0,12.767714417612595,1,0,Bien
3.8031284458413066,6,4.386037807324591,7.4845823716046365,10.0,6.9102180559288,3.0,4.0,1.0,2.0,7.516886078634278,0,1,Insuffisant
8.139390313933802,2,9.526044178196205,6.033043730011246,4.0,0.0,10.0,3.0,3.0,10.0,13.823915009228125,1,0,Bien
2.7634817444512403,6,12.567757564705314,6.943021750979214,4.0,1.784673542510487,5.0,5.0,4.0,5.0,8.219905862499646,0,0,Passable
4.532820889596603,3,12.600286841822703,5.5689744677545026,4.0,6.477273191296261,5.0,2.0,1.0,10.0,9.776783679841975,0,1,Passable
3.9006723543145627,3,15.73465660715167,6.910866201149036,7.0,5.480829733983539,3.0,2.0,2.0,3.0,10.731189850115573,1,1,Assez Bien
8.617444710884332,1,15.193788876204504,3.0,7.0,5.018264038605383,8.0,4.0,1.0,2.0,18.05157960390281,1,0,Très Bien
5.491386941278937,3,10.000604311424716,7.858079135135097,3.0,3.094029627898437,6.0,10.0,3.0,3.0,11.506605768543064,1,0,Assez Bien
7.5796113486715875,4,15.549549352357115,6.756525492432749,8.0,2.4495718111208165,3.0,4.0,3.0,4.0,11.486249245670528,1,0,Assez Bien
1.2860990674075703,4,8.500853896778908,6.327592526666471,0.0,4.0805774147424785,1.0,8.0,5.0,2.0,5.555901188782819,0,1,Insuffisant
5.667625664673147,3,14.258105839771432,7.439516167880287,4.0,2.8787193876474895,10.0,3.0,5.0,4.0,15.67973941345711,1,0,Très Bien
7.2240769890585925,2,17.336828674473477,4.132872154069119,4.0,5.320278804575112,1.0,4.0,2.0,4.0,14.134870398561917,1,0,Très Bien
5.2057099731885605,8,15.252304373992391,10.858539993242566,4.0,4.092826033124077,10.0,8.0,3.0,6.0,12.285696769598989,1,0,Bien
7.6637009376633785,3,11.370196342334431,6.7944650770248005,7.0,1.5721111725611738,2.0,3.0,0.0,5.0,16.744364018269795,1,0,Très Bien
3.7067788747490695,4,9.838774298797572,6.708311134055621,8.0,5.587351683712658,10.0,2.0,4.0,7.0,8.3358624154754,0,0,Passable
8.52336860046395,4,5.649930463092498,5.069207579734155,2.0,7.135698107397186,5.0,6.0,2.0,7.0,10.737620391752245,1,1,Assez Bien
10.747245309048125,7,12.086888732699714,7.047892764898522,8.0,7.302585064296202,7.0,6.0,2.0,3.0,12.614912126903477,1,0,Bien
4.092903598900852,4,7.096739702101782,9.77391978054656,10.0,5.683551863564308,1.0,7.0,1.0,9.0,5.683595559862022,0,1,Insuffisant
3.88624369649807,2,8.224028677351221,9.071832418864068,7.0,5.717698991597354,1.0,3.0,2.0,7.0,5.7199679217324135,0,1,Insuffisant
8.633461192794252,2,6.832389697421649,8.708875502281112,2.0,1.09696546804539,4.0,3.0,4.0,7.0,10.492327831334261,1,0,Assez Bien
8.948930364326781,3,9.388626835701707,8.092797903334542,1.0,2.3216603218992136,10.0,8.0,0.0,2.0,14.926646189041504,1,0,Très Bien
3.6928499321168293,4,10.902107049295562,6.282914944874781,3.0,3.579136753801033,6.0,9.0,1.0,10.0,5.7139013140204575,0,1,Insuffisant
3.949532957260357,5,11.957651034079968,4.099673665926597,1.0,5.481435385182673,9.0,6.0,4.0,3.0,7.21464493219168,0,0,Insuffisant
4.295538477848732,6,8.898226776051128,6.59792245626673,3.0,2.499146697784603,1.0,2.0,5.0,3.0,5.025206286394224,0,0,Insuffisant
1.6388737224143073,6,14.742492972383141,6.5282570709326455,4.0,3.232594203059625,10.0,8.0,2.0,6.0,8.926690703125125,0,0,Passable
2.7033701337895044,6,10.27128159703512,9.097588879342482,1.0,5.3990332778436105,5.0,4.0,3.0,4.0,4.536048860658784,0,1,Insuffisant
2.4896480831198304,2,8.242971483570683,7.618780884919641,7.0,4.342772649010716,9.0,3.0,5.0,4.0,8.799678035018609,0,0,Passable
3.080506087239679,2,11.792022935352028,10.224623055807097,0.0,4.834671248603726,8.0,0.0,3.0,1.0,4.6668129768675755,0,0,Insuffisant
4.913287781533047,5,17.872434917403357,9.394977080076348,2.0,2.0549113098240315,7.0,8.0,4.0,6.0,13.775167297050576,1,0,Bien
5.585536831341302,4,12.173061982872913,6.087008780991809,6.0,3.1988302529425456,10.0,5.0,0.0,8.0,9.704282528769408,0,0,Passable
8.876251232035193,3,9.730005304192375,3.4097416067602633,9.0,2.8261503540717396,2.0,10.0,3.0,8.0,14.732524416743155,1,0,Très Bien
2.5041148981530226,3,5.653885253584535,9.771150467882961,0.0,3.9976601578525353,9.0,1.0,4.0,8.0,7.392781441530358,0,0,Insuffisant
7.460805996191459,5,10.232056876597754,9.718770446461487,10.0,2.917182244890492,8.0,6.0,1.0,5.0,11.489610684417249,1,0,Assez Bien
4.465027889436228,1,11.822248437808405,4.267576818195548,1.0,2.5779336405117386,10.0,2.0,2.0,10.0,9.344885251626419,0,0,Passable
4.876340725868918,3,9.643466880605505,10.018480039655001,2.0,4.31256894672867,10.0,5.0,0.0,6.0,9.551709117116697,0,1,Passable
6.687048730416509,7,5.171153766156501,7.764234341185036,1.0,9.241824207959258,9.0,7.0,0.0,5.0,5.396430929901713,0,1,Insuffisant
2.1931949460942537,5,8.023021136737981,7.321370996251306,1.0,5.458920095911989,9.0,2.0,1.0,4.0,4.228682233153567,0,0,Insuffisant
5.956024365460126,6,16.09088461310715,10.229566508494655,10.0,0.0,9.0,4.0,0.0,4.0,14.358704134250308,1,0,Très Bien
5.41613052053264,5,16.019003513056614,9.68937034646123,5.0,4.8782381933274115,3.0,5.0,4.0,4.0,10.636089215593143,1,0,Assez Bien
6.231128160020373,4,7.8967629077839065,8.302661903990408,6.0,2.7127458458226026,7.0,0.0,0.0,4.0,14.037983299360384,1,0,Très Bien
5.7229216097695454,4,13.354648755197976,7.946434131623966,5.0,1.6473181536493575,1.0,9.0,0.0,6.0,14.015419926570077,1,1,Très Bien
11.138250349777236,4,6.874995253304392,8.232788581060719,10.0,5.7596329098723364,9.0,6.0,0.0,6.0,15.241736299828881,1,0,Très Bien
3.40565003937171,5,15.915106986982334,6.199885132234948,5.0,4.192954736805266,9.0,3.0,4.0,5.0,10.535267050811536,1,0,Assez Bien
3.6725076124954557,3,11.858325467629827,6.889797100535358,8.0,10.0,3.0,9.0,5.0,9.0,9.743634095271101,0,1,Passable
3.442148683938089,5,14.323745245157868,5.195365690810915,7.0,3.7143148626578237,5.0,10.0,2.0,8.0,10.855642465594501,1,0,Assez Bien
3.611307202099363,5,4.9971732848611135,6.3339204485221625,7.0,3.4344355758809724,8.0,6.0,3.0,10.0,6.915200978506616,0,1,Insuffisant
3.4065321817337058,0,13.371729856737108,6.266732242662134,5.0,6.992871720926588,6.0,6.0,5.0,6.0,10.14464727410836,1,0,Assez Bien
7.972541327768879,5,10.973140777104238,5.729389260756671,4.0,4.054928042959872,10.0,10.0,0.0,9.0,14.185631280808535,1,0,Très Bien
8.551260619974638,2,13.981751747767948,7.273493005296926,8.0,1.3568996110075657,10.0,4.0,1.0,5.0,13.964601760545618,1,0,Bien
3.5731342656263094,6,14.202037293342475,6.3520382985988455,1.0,1.7980938810774552,9.0,7.0,1.0,10.0,10.643467011595003,1,0,Assez Bien
2.9191110672394283,4,11.230246413161623,8.004469440703948,6.0,3.178904939975898,3.0,7.0,4.0,4.0,10.53622602977604,1,0,Assez Bien
6.17853889096601,3,8.897096263164299,3.7553587734124694,5.0,5.644095696404676,7.0,4.0,2.0,6.0,12.786732221871016,1,0,Bien
3.619442389297572,5,13.72893663762823,6.773290411785401,6.0,7.180318787271178,6.0,4.0,0.0,4.0,10.589499294879602,1,1,Assez Bien
6.582329544388777,7,10.789459252082054,7.263103280354992,3.0,6.004873041980938,5.0,6.0,4.0,8.0,9.39270968318304,0,1,Passable
5.50730755212825,4,7.945252662653251,6.378741520326239,8.0,5.4200800314710005,4.0,5.0,3.0,7.0,7.004095226951766,0,1,Insuffisant
1.2106397125069202,2,7.779467189898099,6.655214600381537,6.0,6.742188964411178,5.0,3.0,2.0,5.0,4.775584022545243,0,1,Insuffisant
8.868763003325153,5,5.829924542906665,3.8295079785402852,1.0,5.552931580696518,4.0,1.0,2.0,10.0,9.422846139657231,0,1,Passable
9.489694182738805,3,9.213980941529279,7.712954209338984,3.0,1.7419292967310036,3.0,7.0,4.0,6.0,13.0771370368928,1,0,Bien
3.4680282737890344,0,14.859422161260325,8.295211965134142,4.0,3.44810484051587,7.0,2.0,5.0,7.0,14.59302830334491,1,0,Très Bien
4.03074610016004,3,11.62240429896902,7.987074588407534,1.0,2.711885695731951,6.0,1.0,1.0,2.0,7.751673989786253,0,0,Insuffisant
5.714663476812262,9,9.145813029269357,9.077454118884365,9.0,7.155691111523144,4.0,9.0,5.0,9.0,4.746633570048644,0,1,Insuffisant
5.836141974967562,4,13.81699578363028,7.403059211565004,7.0,1.613485579921198,9.0,6.0,2.0,7.0,11.189304342136854,1,0,Assez Bien
6.646360681682076,5,8.08633182396814,7.9573623613018745,0.0,1.6620555922124463,1.0,9.0,1.0,8.0,8.601608738080095,0,0,Passable
10.025511346915874,4,11.333725960164726,7.312181476913705,2.0,4.424823915052096,1.0,5.0,2.0,5.0,9.27549595324246,0,1,Passable
4.5576319312648765,2,10.371293695460697,8.375101439184988,0.0,8.822551725992259,9.0,7.0,2.0,3.0,13.404639098259732,1,0,Bien
3.004256888653866,3,13.726957189559233,3.845540727735756,4.0,5.837226822337277,7.0,5.0,2.0,2.0,9.219943867714917,0,0,Passable
1.551701929963682,4,5.479700701781748,5.212838064043979,7.0,6.604190474924174,2.0,6.0,3.0,2.0,8.487601892346419,0,1,Passable
3.1726749001452026,5,8.024307889648705,10.173799314066182,6.0,1.2329966850385166,10.0,1.0,1.0,3.0,14.314758058088385,1,0,Très Bien
4.917182567815507,4,5.266140193169132,3.0,8.0,5.67200377919126,5.0,9.0,3.0,1.0,7.4435630417063035,0,0,Insuffisant
9.48639465879447,5,10.091411473667556,6.719644140349312,1.0,1.2220272507705001,4.0,1.0,1.0,1.0,8.759540316281996,0,0,Passable
3.7059717524095714,4,15.239996262713507,9.344549919216137,7.0,5.827338913590358,1.0,5.0,3.0,7.0,7.168390688380277,0,1,Insuffisant
5.5594698790972465,4,9.230934766212656,6.813478668916471,7.0,0.07289744797027753,9.0,8.0,3.0,10.0,11.683148773164856,1,0,Assez Bien
4.95894275981812,5,9.212606216315223,6.189977857098605,5.0,3.152198217868848,6.0,2.0,3.0,8.0,9.678152320565404,0,1,Passable
7.97098318362021,5,14.051035484644478,7.258843353630601,2.0,0.0,6.0,10.0,4.0,6.0,15.845318409617914,1,0,Très Bien
11.317331064684055,3,14.73992345459355,6.293759639995107,1.0,1.788219500164573,4.0,9.0,3.0,7.0,15.332241560520425,1,0,Très Bien
3.6728280676991982,3,10.690001264559235,7.061698985513878,7.0,0.43848353146021335,2.0,7.0,5.0,1.0,8.711804496797471,0,0,Passable
3.776401393704445,2,13.396501989174624,5.63323792695974,5.0,5.627957431519748,8.0,4.0,5.0,1.0,11.91726628989483,1,0,Assez Bien
7.61040219267268,1,7.230659106927188,9.217348839911448,3.0,4.2359713742797105,8.0,5.0,2.0,9.0,11.744840035828123,1,0,Assez Bien
6.704728724065778,6,15.822910168738948,9.846529842131321,4.0,2.831163789203452,3.0,5.0,0.0,5.0,10.828068665143501,1,0,Assez Bien
9.616768314340085,3,18.52047202877968,6.733219355776755,4.0,4.292806288307752,7.0,10.0,3.0,7.0,16.834114188334834,1,0,Très Bien
6.45982046331491,3,12.824255269160536,4.2270211586175135,8.0,1.922652135483006,7.0,9.0,0.0,6.0,13.012101587322013,1,0,Bien
4.101769773032351,3,3.704839325300198,5.9523136593732096,8.0,4.804651761990257,5.0,10.0,0.0,4.0,8.186607475736311,0,1,Passable
6.476637076730773,5,9.046194081607755,6.632022679794072,7.0,3.8056915013655765,5.0,2.0,2.0,1.0,13.94927923728502,1,0,Bien
7.77175895145727,4,13.144888625842626,8.011077753806417,7.0,9.702235337564442,8.0,10.0,0.0,4.0,14.837806782225227,1,0,Très Bien
7.05120545299341,6,9.52480950991773,4.983973553658644,1.0,8.083784639544067,4.0,10.0,0.0,10.0,5.040792489994464,0,1,Insuffisant
6.268185077768244,3,15.452694939875341,5.461675362715699,2.0,6.351399710038134,1.0,4.0,5.0,10.0,9.603105761124821,0,1,Passable
7.666686723972885,1,13.058550425525528,8.021352275717614,7.0,4.730807401051834,1.0,0.0,0.0,8.0,11.402584889339346,1,0,Assez Bien
7.923238976114182,3,8.527335747319711,8.877817664079116,4.0,5.050893276944127,9.0,1.0,1.0,1.0,12.043428919616591,1,0,Bien
8.455397477593818,7,11.112926837699385,5.756811909658632,6.0,7.10222306884075,4.0,9.0,3.0,2.0,10.3748997291829,1,0,Assez Bien
6.621774718974107,5,7.871583727763184,4.333565892098008,7.0,4.720355910949384,1.0,2.0,3.0,8.0,5.243853804900544,0,1,Insuffisant
4.582204799207864,4,10.360952925556454,12.0,5.0,4.874163177240394,2.0,3.0,0.0,2.0,12.043932189365542,1,1,Bien
5.366784216083307,6,9.05892365848607,8.566608474177427,4.0,2.5588028293459666,10.0,8.0,2.0,10.0,8.516725508324793,0,0,Passable
8.016272416270892,6,15.111666300815633,6.465992476465937,7.0,2.281707142400172,7.0,0.0,1.0,9.0,9.710493221285246,0,0,Passable
2.95766082253191,2,18.406042198908484,8.73806255106168,0.0,3.7319208217178828,2.0,2.0,2.0,3.0,8.459980828436203,0,0,Passable
5.921683272182253,3,5.990840833674868,6.751086740571155,0.0,0.0,1.0,2.0,2.0,3.0,12.059529326902863,1,0,Bien
4.016652969181599,6,4.268742998265868,8.734313778200372,0.0,3.9273303508779582,10.0,5.0,0.0,6.0,7.803241040976952,0,1,Insuffisant
5.071862057337044,4,10.14189652352015,7.318786395552444,2.0,3.394610138243647,9.0,4.0,4.0,3.0,8.678922391123177,0,0,Passable
8.196129656518247,1,5.685545054099611,7.182543796335146,9.0,6.197574747817238,5.0,2.0,0.0,9.0,8.471030848746969,0,0,Passable
5.477747670049759,2,11.16174061284821,6.772836263538423,5.0,7.0615882223306565,4.0,3.0,5.0,8.0,8.297550935067063,0,1,Passable
5.116091370390372,5,13.621276398320743,4.10523733307382,5.0,10.0,4.0,10.0,4.0,4.0,8.786671300509948,0,0,Passable
1.600359647550202,3,16.229496640433887,10.87618979878628,4.0,5.448850283104747,1.0,6.0,1.0,6.0,7.34928291722489,0,1,Insuffisant
6.865633915068052,5,11.704880955503484,5.116932159464513,6.0,4.380066950667508,3.0,2.0,4.0,8.0,9.877668339406139,0,0,Passable
6.613710452852688,4,10.323956713026474,4.27995284737881,4.0,2.5846311384479526,1.0,8.0,0.0,4.0,10.551818532003859,1,0,Assez Bien
10.40813680826365,5,4.075652791994205,6.574280234487265,1.0,1.3776473463940495,5.0,7.0,0.0,5.0,14.479667295666689,1,0,Très Bien
4.230554412617498,5,11.091648022150295,5.077056372978987,3.0,6.285522485997323,5.0,1.0,2.0,7.0,3.2964657316134733,0,1,Insuffisant
5.547875819159847,3,11.249505411923115,6.8965744188794575,0.0,3.931370507460075,9.0,4.0,0.0,8.0,10.766468446967263,1,0,Assez Bien
5.623459209276888,6,13.236348849744608,8.375527697123538,6.0,5.06229066372592,8.0,3.0,5.0,7.0,14.3082126276847,1,0,Très Bien
8.943633199408687,6,8.52029164464818,8.990605801058447,3.0,4.046424071790892,5.0,4.0,0.0,8.0,10.543609015335575,1,1,Assez Bien
4.76176116903262,4,9.477315899174492,8.629461443243363,3.0,4.11166645666083,5.0,2.0,3.0,4.0,7.741666054412427,0,1,Insuffisant
5.697553814425848,2,5.826992106435355,6.38873589042864,3.0,4.548047218909349,7.0,9.0,3.0,1.0,11.892449207846708,1,0,Assez Bien
6.5197412742913485,3,2.980475175905772,7.099183655323172,2.0,5.055207259206639,2.0,10.0,2.0,6.0,6.9118900375232,0,1,Insuffisant
5.466522807890895,5,7.120260182211259,7.815758101794982,7.0,6.351800558718123,7.0,0.0,4.0,5.0,11.407530007571939,1,1,Assez Bien
3.8839159636236795,5,5.503859650114443,3.484425152115855,3.0,0.9192370409806889,1.0,7.0,4.0,4.0,7.169485426389433,0,1,Insuffisant
5.485224982245769,3,12.178493033972138,8.141169400239718,7.0,5.465202126312827,5.0,8.0,3.0,2.0,11.767428252563047,1,0,Assez Bien
7.68407937464943,3,9.186530801665999,4.085401424832337,8.0,0.7796502544005639,6.0,7.0,5.0,1.0,16.186762111124985,1,0,Très Bien
2.4337117514723494,3,9.116170044738238,11.080693197812979,0.0,5.75355625730268,10.0,3.0,1.0,9.0,4.164301476804043,0,1,Insuffisant
5.33242418536719,2,7.554554338386758,6.190969830716609,3.0,4.800570791622128,1.0,1.0,5.0,2.0,8.87485046979411,0,0,Passable
3.249697962652067,4,0.0,6.630249645610817,5.0,3.808486631307435,9.0,3.0,3.0,9.0,5.284685075886762,0,1,Insuffisant
7.987616572312106,1,16.279087620616426,5.460585801524289,7.0,3.9062094688628637,9.0,8.0,5.0,6.0,18.815655517028013,1,0,Très Bien
1.192032738040563,6,7.4990531702812415,5.74005993628862,5.0,4.34228804979368,1.0,9.0,1.0,6.0,3.274924860141487,0,1,Insuffisant
3.602695381821029,5,9.556529755525325,11.54818713828648,5.0,6.72745949480659,4.0,8.0,4.0,2.0,11.450081191774007,1,1,Assez Bien
5.943029687661302,4,5.907877421487413,8.880739377246595,9.0,6.506130063062718,8.0,4.0,3.0,6.0,11.344744961844214,1,0,Assez Bien
8.913810073085852,2,14.401756202042218,3.9015951097043233,3.0,6.21349844073964,2.0,4.0,0.0,3.0,13.975993178472903,1,0,Bien
4.83562434731753,4,11.502001279630635,10.008425801370459,8.0,0.6339945025716358,8.0,9.0,1.0,7.0,13.1511233018035,1,0,Bien
3.612001183267004,5,8.10772150156946,9.386484550282862,6.0,5.440521561499141,10.0,2.0,1.0,10.0,5.148386312476145,0,1,Insuffisant
9.702892673601475,5,9.627196360295917,6.437575075423423,10.0,0.0,9.0,5.0,1.0,4.0,12.78668758771257,1,0,Bien
1.3799652489593899,5,16.873629727437045,7.6133938840596755,5.0,0.0,9.0,6.0,4.0,9.0,11.76427444489943,1,0,Assez Bien
0.0,6,10.744606988415526,6.970111841157851,0.0,6.809842995780009,1.0,9.0,5.0,5.0,4.420726004322372,0,1,Insuffisant
6.100036125133331,6,10.363932618344329,10.945159808893864,1.0,0.3826762516694817,9.0,8.0,2.0,10.0,8.473777702945645,0,0,Passable
3.744864439118472,4,7.7051647985125715,5.407419622015819,5.0,3.5521907943719153,4.0,6.0,0.0,3.0,7.002426315037481,0,1,Insuffisant
2.446917957173217,4,4.36896597334694,7.2920212195514535,10.0,7.510853644188527,8.0,2.0,3.0,1.0,6.585014122958827,0,1,Insuffisant
6.770891118248383,5,10.439864642472294,6.143709338014391,0.0,5.459418312880244,9.0,6.0,5.0,1.0,13.372552608515901,1,0,Bien
5.609501784427997,6,12.139197893136162,4.133919190764292,10.0,4.9250004983260265,3.0,0.0,1.0,4.0,4.591775214662146,0,1,Insuffisant
3.589803423158179,4,14.848545625146844,11.383276510109974,4.0,3.8639478119297417,6.0,1.0,4.0,10.0,8.381046610245319,0,0,Passable
1.7992390033227639,6,3.1302621292512054,4.636866841795175,0.0,4.314729741366209,3.0,3.0,1.0,10.0,1.05930701252518,0,1,Insuffisant
7.181143320700362,2,7.062162855419398,7.440258374975552,2.0,2.4370462904908283,1.0,6.0,5.0,4.0,13.909000568121744,1,0,Bien
6.6255029448966525,3,8.967406183052423,3.518598787239329,6.0,2.801044794422987,10.0,8.0,3.0,9.0,8.464466952938444,0,0,Passable
4.752060340551543,4,10.987817029993794,6.201858921513813,4.0,4.216158675990636,6.0,4.0,0.0,8.0,7.052771858666038,0,0,Insuffisant
9.616592490119164,5,10.492382079650522,7.843937642866915,9.0,4.581013034134207,5.0,7.0,1.0,4.0,14.50750900207662,1,0,Très Bien
2.3247880841846187,4,10.574089600094556,5.350532040995274,0.0,3.605397000763465,3.0,6.0,4.0,6.0,8.56124924560167,0,0,Passable
1.1861870726881527,6,12.428336204994807,8.17360370147131,0.0,0.0,4.0,4.0,4.0,7.0,9.8395154670945,0,1,Passable
3.270229825296889,2,7.838474112273118,6.461917816223835,7.0,7.912185994830434,2.0,2.0,2.0,10.0,5.248039545581626,0,1,Insuffisant
4.886034959111256,7,14.26949504781793,9.320165024797227,10.0,6.343216387413171,10.0,2.0,4.0,8.0,8.119640333353841,0,1,Passable
5.608348623306729,2,12.517083545948182,9.723521826680447,8.0,3.4898761099046633,10.0,5.0,2.0,4.0,13.224041930378597,1,0,Bien
4.3969098553591754,3,9.880587075551722,5.826510478539976,6.0,6.421070312266988,4.0,9.0,0.0,1.0,12.1647133276264,1,1,Bien
5.8801384912857415,7,16.603177971611203,7.153465718785914,2.0,3.1036843681107986,4.0,10.0,3.0,5.0,12.428743987791318,1,0,Bien
1.87115143952389,2,16.447456124501183,7.3669084529444655,5.0,4.793848853778284,3.0,3.0,2.0,1.0,13.801255746375102,1,0,Bien
8.609411510183149,3,14.26513374317833,8.238698590869397,2.0,0.0,6.0,2.0,1.0,4.0,20.0,1,0,Très Bien
4.794622054018578,2,0.43505130301272565,7.028763992488532,9.0,4.641834312585195,1.0,3.0,5.0,7.0,4.996130731744498,0,1,Insuffisant
7.793239578970319,5,16.526307824512912,7.380421918685684,3.0,3.2966542357282336,9.0,2.0,1.0,7.0,14.498563341079837,1,0,Très Bien
5.8568133659442605,1,13.781654828651769,6.513187050409761,3.0,4.545140451535439,10.0,9.0,3.0,1.0,16.1495323648422,1,0,Très Bien
6.14188304788446,4,18.02243023199528,7.230479733944037,2.0,8.274720911629856,3.0,10.0,4.0,9.0,9.876789700876023,0,1,Passable
6.42441820058051,2,15.331126071067384,9.595880387070265,9.0,3.9547823579588584,3.0,10.0,5.0,2.0,13.841432938903813,1,0,Bien
6.119271400043287,4,16.5241993712405,8.292166482423708,5.0,2.8562127436893565,3.0,5.0,1.0,5.0,16.17679688372357,1,0,Très Bien
6.60680689966886,4,14.075291975631327,8.402511278886738,4.0,2.8839820828429046,7.0,6.0,5.0,6.0,16.1638940727439,1,0,Très Bien
8.322881325331078,3,15.720426195259293,8.446140648271157,10.0,0.45964669152791826,8.0,3.0,2.0,1.0,16.558038484605575,1,0,Très Bien
5.4913029242536755,3,17.979433092570538,6.692382444237929,8.0,5.010616499966125,2.0,2.0,3.0,2.0,15.176377092710803,1,0,Très Bien
6.772509393971281,3,11.75794158432372,7.637654087159061,8.0,5.336075943864755,1.0,2.0,1.0,7.0,8.366470332106273,0,1,Passable
4.775660764281933,4,5.497193095726546,4.829652643328511,2.0,4.163543032171473,5.0,10.0,4.0,6.0,6.302985093677002,0,1,Insuffisant
8.600293038623683,4,9.923886849947003,9.537615312633914,8.0,6.299768063936598,8.0,2.0,5.0,6.0,10.392021081250729,1,0,Assez Bien
3.3090192448518256,3,12.36480959784203,3.0,2.0,6.323518484297702,3.0,8.0,4.0,6.0,8.322075490669924,0,1,Passable
9.50235108227704,5,11.262106545300453,6.82570321532915,3.0,4.174584521505296,6.0,10.0,5.0,7.0,16.075480193967664,1,0,Très Bien
4.899605123389142,3,6.637033118442007,9.281791954300548,0.0,5.463739482625511,3.0,10.0,1.0,10.0,4.831714932210149,0,1,Insuffisant
1.4230622447048797,5,5.291263311817573,4.2722641327413164,4.0,9.431702310047301,6.0,2.0,3.0,9.0,2.9266218181433516,0,1,Insuffisant
5.320261037276973,1,8.405930659778097,7.799559835233702,8.0,1.9448652614972253,4.0,2.0,0.0,9.0,8.440873313699445,0,0,Passable
3.297370856312798,6,13.82708844594453,5.638467106841946,1.0,5.932911325547471,7.0,7.0,1.0,2.0,8.449782628846227,0,0,Passable
7.10160887247181,6,16.531189197880394,6.262393469622262,3.0,4.217060915741369,10.0,3.0,4.0,2.0,9.184105109733157,0,0,Passable
3.368440051744023,2,14.207986648221954,8.891881921278875,9.0,6.614366407774682,1.0,6.0,0.0,5.0,6.152061990352369,0,1,Insuffisant
3.8845414169630508,6,14.700995504899478,7.3961138517703,1.0,2.016278140299113,1.0,2.0,3.0,10.0,8.471457937339652,0,1,Passable
0.276148172636173,6,10.717145493927548,3.0,7.0,4.500696854665445,5.0,7.0,4.0,7.0,4.708310123044251,0,1,Insuffisant
3.8692342018773083,4,4.902711398029126,5.047148920536803,8.0,2.300999686003001,9.0,2.0,3.0,3.0,10.637199162905832,1,0,Assez Bien
0.0,2,9.40672796691053,8.95067146977752,2.0,0.0,5.0,4.0,5.0,3.0,5.035650693226264,0,0,Insuffisant
1.0402429412856917,3,10.094324558446674,7.897885436385995,8.0,7.510969164296114,4.0,0.0,1.0,4.0,4.450175809838539,0,1,Insuffisant
6.9010366403607435,5,9.260316296075112,10.496271145048569,5.0,2.9138412167866474,8.0,4.0,3.0,3.0,12.273466613532516,1,0,Bien
6.964500396627081,3,11.191432028811192,10.365295188026595,5.0,1.8937920076478747,5.0,5.0,4.0,3.0,12.13253499357151,1,0,Bien
6.0636439044624115,1,12.544969159625326,6.315509739706417,6.0,2.557761356805,1.0,6.0,1.0,8.0,13.036737737281118,1,0,Bien
2.5825596421769674,3,13.985553158852241,12.0,4.0,8.561098301043836,7.0,1.0,4.0,7.0,6.45767688940988,0,0,Insuffisant
4.88072160964505,4,10.02658047471783,7.0489593397038215,5.0,7.276319343703532,4.0,1.0,4.0,7.0,9.17780378329052,0,1,Passable
4.990993652273579,4,4.3368420802439225,5.074662931181949,10.0,3.4545053993506576,10.0,8.0,0.0,10.0,8.124223945774279,0,0,Passable
2.104088277018643,5,9.309927982481028,5.732720268178845,0.0,6.153435458158695,5.0,9.0,2.0,2.0,6.988019355497748,0,1,Insuffisant
8.758495754417876,4,11.152986389471943,3.0,2.0,1.3115344676056648,6.0,0.0,3.0,9.0,11.57249974824831,1,0,Assez Bien
7.193405726439178,1,15.279827727466929,10.214038016498563,8.0,5.308857382994861,7.0,1.0,3.0,6.0,12.647252248605541,1,0,Bien
4.44758956542584,4,9.012672552355632,10.189523978087728,4.0,2.9235894228126154,2.0,1.0,0.0,3.0,9.10072306782289,0,0,Passable
5.067214597486327,2,12.793902699397906,4.968985122373358,4.0,5.0902454814949305,1.0,9.0,5.0,9.0,9.880914601152643,0,1,Passable
5.520957019868881,4,12.015307648724013,6.544231423236188,7.0,0.5655573510712122,3.0,6.0,3.0,9.0,7.65615900536838,0,0,Insuffisant
0.0,2,11.15365186593186,7.191215088225155,10.0,2.5121519952685247,10.0,5.0,0.0,6.0,11.435921174536013,1,0,Assez Bien
4.382056543698508,3,14.25686661763607,5.0792938957157725,10.0,4.454771497025056,1.0,8.0,3.0,10.0,8.636183808299664,0,1,Passable
3.2950393800055036,2,8.687055811365967,3.489795937457677,1.0,4.428335889927432,4.0,10.0,3.0,6.0,10.954857117109103,1,0,Assez Bien
2.495949975262711,4,8.986847426247692,6.579284792446177,6.0,0.3429561053372172,6.0,6.0,4.0,8.0,10.117872243803529,1,0,Assez Bien
4.297249267785113,3,10.958347119170202,6.357841141081506,8.0,1.570385972628249,5.0,2.0,0.0,8.0,7.668128340960998,0,0,Insuffisant
9.494216317123806,6,8.75948723217205,6.22317751802245,6.0,5.058540109942958,4.0,2.0,5.0,6.0,9.34398426093509,0,0,Passable
6.602107153167525,3,12.778043018691099,7.445432125201929,4.0,4.765048251842557,7.0,0.0,3.0,7.0,8.844355526432544,0,0,Passable
3.572052525543008,6,8.503826934718536,9.859039317051984,5.0,5.6387056847776735,6.0,7.0,5.0,4.0,9.087898604799442,0,1,Passable
6.431456953390397,2,11.79206472710797,6.393814560616548,3.0,4.475504261946551,3.0,0.0,2.0,1.0,12.623852649314987,1,0,Bien
8.498388591465005,5,10.649395309246351,7.340885997442726,6.0,1.3670172633425777,9.0,10.0,0.0,4.0,13.987278775317433,1,0,Bien
7.311584207281922,4,11.75224087671847,8.453741047489872,0.0,3.115393298349801,5.0,1.0,0.0,8.0,10.487358685557139,1,0,Assez Bien
5.149075924800435,7,9.390905117279363,8.108285853025498,3.0,5.327555984044475,10.0,10.0,0.0,8.0,11.556657552852519,1,1,Assez Bien
3.3826580557360653,4,9.813190969156105,5.771152951104316,2.0,1.4958076492499055,1.0,6.0,4.0,2.0,8.045377795424677,0,1,Passable
6.745558284033975,2,11.336032437989674,7.192754246228072,3.0,1.1849271668678756,6.0,0.0,0.0,7.0,10.068625532358338,1,0,Assez Bien
5.983713463554374,4,11.707260771564595,8.095079640338106,0.0,3.2425635394521484,5.0,3.0,4.0,1.0,9.180922590341428,0,0,Passable
7.237983050069331,8,10.985293296130953,4.743297324978444,1.0,4.67862477638827,10.0,8.0,2.0,2.0,6.481739101271048,0,0,Insuffisant
6.587929504204924,3,16.968768247795794,9.527078021593017,10.0,0.0,8.0,7.0,1.0,8.0,15.607233097375307,1,0,Très Bien
7.623881788298338,2,7.532420784405505,9.863177810428223,8.0,3.3937730584374743,4.0,10.0,4.0,10.0,9.477892643941365,0,1,Passable
3.66191197109858,5,10.775286717665502,5.5544394891110125,6.0,5.296396755017552,1.0,7.0,3.0,4.0,9.441623512018616,0,1,Passable
8.293485164085814,4,5.492298422590554,7.3873400366963375,5.0,5.78839959546821,2.0,2.0,0.0,3.0,9.93021973953079,0,1,Passable
5.493999011730999,2,12.302285175335852,8.284556513342064,1.0,1.4905755126259352,8.0,4.0,1.0,2.0,15.118650060082484,1,0,Très Bien
10.188152181563163,6,7.096637122681151,5.908771687342495,0.0,4.929849609984422,10.0,3.0,4.0,6.0,12.528756266586184,1,0,Bien
3.2770304547760802,3,10.025914104431983,7.963227691376189,1.0,6.4842337888886465,8.0,10.0,5.0,4.0,4.6739451726175325,0,0,Insuffisant
9.339909507913124,2,9.69777486134036,7.326511252584331,6.0,5.516762929202799,5.0,7.0,5.0,3.0,14.472605987781368,1,0,Très Bien
5.49477695865662,8,11.9831189431041,4.064163644722399,1.0,2.9702606621827967,6.0,10.0,3.0,3.0,7.209456689919387,0,0,Insuffisant
3.371454990963879,5,9.06523178859187,7.918322631957116,2.0,0.0,2.0,6.0,1.0,10.0,3.851269602701285,0,1,Insuffisant
3.7902854148641962,4,8.916430058071061,4.799715167457928,7.0,4.523338515647025,9.0,6.0,2.0,3.0,8.341274169874039,0,0,Passable
4.1991317295142,2,16.02549762430064,8.878405703324095,6.0,7.946409768791738,6.0,9.0,4.0,8.0,9.66648948201601,0,0,Passable
6.060414866004791,3,11.995983766660842,5.657577849732222,10.0,6.0601545313228,9.0,9.0,5.0,9.0,15.749743706521292,1,1,Très Bien
6.307088720088749,6,9.036322017922062,6.67742913267771,10.0,5.886455992265717,10.0,6.0,5.0,9.0,9.830085447865779,0,0,Passable
3.5657499901535523,0,10.122082148660692,9.74455782689315,10.0,4.421196541401192,3.0,0.0,4.0,5.0,11.914624455124466,1,0,Assez Bien
4.939113519347543,3,16.758742332947605,7.99276329305769,8.0,6.241956076397345,6.0,6.0,5.0,1.0,12.164909005254044,1,0,Bien
10.35567589652966,3,10.176922926121161,4.841052160850909,3.0,4.758121817818261,10.0,3.0,2.0,10.0,12.068559248872086,1,0,Bien
9.318857925251779,5,8.587531818966642,4.970166858401832,6.0,0.0,5.0,2.0,5.0,5.0,13.467764199257072,1,0,Bien
6.090809174185081,0,8.602513474557625,5.80139442275255,0.0,6.228947532739365,9.0,4.0,4.0,1.0,12.663874605579439,1,0,Bien
5.095008695420501,5,9.07805731653648,7.789288166713332,10.0,1.8471702594337316,10.0,1.0,0.0,9.0,13.948833352556699,1,0,Bien
5.300078316795653,4,8.919257971506472,7.716599629865536,10.0,4.168082465773685,1.0,7.0,5.0,10.0,12.444540344218936,1,1,Bien
6.5337949318260415,2,6.521232530777649,5.313795390674262,1.0,5.847991919347693,9.0,8.0,4.0,8.0,8.222399553526973,0,0,Passable
2.443018587003986,4,7.065299660685577,4.665581028771282,6.0,2.1270631296511366,5.0,4.0,0.0,7.0,6.682251845669382,0,0,Insuffisant
4.356558656441637,6,8.097378689735205,7.563166810171668,1.0,1.5363580305317983,1.0,2.0,5.0,2.0,8.39759506217146,0,1,Passable
0.8285398153060264,8,13.070498564585842,6.636279868419676,5.0,5.192924772974569,10.0,9.0,5.0,2.0,7.684505083896835,0,1,Insuffisant
5.998057806513199,3,9.665669494544943,11.314431774895475,9.0,1.216151097129186,8.0,6.0,4.0,4.0,16.410439700991173,1,0,Très Bien
6.617989849256853,2,10.274934088170859,7.073207313126158,8.0,3.5180094220659273,7.0,0.0,3.0,9.0,14.45930950221616,1,0,Très Bien
3.792033844251565,3,15.445308088392139,10.628505655400549,10.0,6.82093364984806,6.0,9.0,3.0,9.0,10.286825029514265,1,1,Assez Bien
8.934966908225082,3,15.532525024784464,4.65923280379132,4.0,8.066230732410961,2.0,2.0,1.0,8.0,10.720178758956521,1,1,Assez Bien
1.935585842494147,2,10.012562699017927,3.8535741208765857,9.0,0.0,5.0,8.0,3.0,5.0,9.872926881737776,0,0,Passable
1.3390627994754496,1,8.79197771260807,4.759829734948931,6.0,3.4532290874961964,3.0,1.0,2.0,7.0,4.036406521858434,0,1,Insuffisant
5.56112954639993,7,7.974493902142617,9.378259562906933,0.0,7.175123241037511,2.0,10.0,1.0,9.0,6.080281215193959,0,1,Insuffisant
7.617745756530386,5,13.424715193978832,10.512203179387068,7.0,3.0047042831704407,10.0,8.0,3.0,3.0,10.012534083762246,1,0,Assez Bien
9.209819228644673,8,10.283524682671993,5.435641092094732,8.0,5.979715833070596,1.0,10.0,0.0,4.0,12.14363623706807,1,1,Bien
3.85278934282765,3,9.647267883870235,6.078867940480885,4.0,6.168243412064749,9.0,0.0,4.0,2.0,12.68618355820743,1,0,Bien
7.69670208357824,4,8.152173987018566,4.662038179575001,5.0,2.472553287757322,2.0,3.0,3.0,9.0,7.054334226823598,0,1,Insuffisant
4.903728826248232,5,8.30616756846014,3.3767203057632256,10.0,5.071546228769526,1.0,9.0,0.0,7.0,6.957413323867087,0,1,Insuffisant
4.568431750147951,7,12.120203670226356,8.43682339555326,7.0,5.223650208227811,7.0,5.0,1.0,6.0,5.691363171548297,0,0,Insuffisant
7.2091498437166806,5,6.395966069394583,7.446040605924326,3.0,6.275466535941143,9.0,6.0,4.0,5.0,10.3902345239941,1,0,Assez Bien
6.630807196033549,1,14.482040428257784,7.020975965347751,1.0,0.0,6.0,2.0,3.0,7.0,12.622754512397162,1,0,Bien
1.0590196075393763,3,9.131543746647786,4.1998869256732405,9.0,7.232083355003815,8.0,8.0,1.0,3.0,8.05912288294519,0,0,Passable
8.69135087431474,3,10.476274195118727,10.279913363657322,7.0,5.717148143318006,7.0,3.0,3.0,5.0,13.98054746799656,1,0,Bien
8.450228385368629,7,6.32057714650806,5.9932865239010535,1.0,1.1740359511609069,9.0,4.0,1.0,2.0,10.953800159127933,1,0,Assez Bien
3.4360932462261764,3,10.956719216151724,8.067252849632952,4.0,3.6804953346372073,7.0,7.0,3.0,5.0,9.6676174023373,0,0,Passable
5.989508833593523,4,9.85087670058304,4.090877189510551,5.0,6.094592403030586,6.0,2.0,0.0,7.0,8.906108518192124,0,0,Passable
6.2350754657068475,0,10.824717904002366,6.618949620759925,4.0,1.307232632061162,1.0,7.0,2.0,10.0,12.99392422578972,1,1,Bien
5.651684414559767,4,16.150981144266616,7.582748912477168,5.0,1.6886189031388517,9.0,10.0,0.0,7.0,15.63025923693251,1,0,Très Bien
3.6242371153864497,3,11.62194316026584,7.654150436106615,5.0,4.046520079781148,10.0,0.0,4.0,9.0,7.639793183143304,0,0,Insuffisant
3.320941580154871,4,8.218692855489685,7.30929708647325,2.0,2.9094072415815884,5.0,7.0,3.0,3.0,10.129284790904054,1,0,Assez Bien
4.936114822521387,4,8.510380313087012,7.9890449840975455,10.0,4.62716528424542,2.0,10.0,2.0,8.0,12.59333641758917,1,1,Bien
7.9318225481484115,2,13.08295915069819,4.738959087934077,10.0,6.05739449441902,8.0,10.0,2.0,5.0,13.604280312306187,1,0,Bien
6.3590003864860805,6,15.545426518476983,7.39474521087932,2.0,4.680605352423928,4.0,9.0,4.0,7.0,8.212272139823243,0,0,Passable
4.073464169784735,5,11.986713072628675,7.227515366960555,8.0,3.9742532533096813,3.0,7.0,4.0,1.0,9.397843758535279,0,0,Passable
6.929246776620862,4,13.410494605941693,7.463345368390121,2.0,6.068857880373554,1.0,5.0,2.0,1.0,10.747063869752834,1,0,Assez Bien
0.0,2,13.134082031678467,7.144690434638363,2.0,3.7377493635153187,5.0,4.0,4.0,4.0,8.14738560860111,0,0,Passable
7.871914250930258,5,15.966725446751322,4.453574452173205,10.0,2.1356557326654997,3.0,8.0,4.0,5.0,12.667793242742105,1,0,Bien
0.6507155530547513,1,4.176434395458886,4.364400495782053,1.0,6.8882044725639275,4.0,5.0,3.0,10.0,4.051866199158813,0,1,Insuffisant
4.093897646492169,4,13.33526628756585,3.0,6.0,0.0,9.0,0.0,0.0,3.0,11.92206954924425,1,0,Assez Bien
2.2008252634346404,5,14.443076153662474,8.635069019690595,9.0,4.160074887596232,7.0,5.0,5.0,6.0,9.797169149514001,0,0,Passable
1.7632963106977355,0,6.314467028525493,8.655315019470397,9.0,3.0914395297499917,5.0,0.0,1.0,3.0,6.222713368268395,0,0,Insuffisant
7.902066968446299,3,7.900161355977544,8.687100582444241,3.0,1.6924857572027414,8.0,5.0,2.0,5.0,13.802489042955246,1,0,Bien
3.8307469967202716,1,8.022260379801462,7.613579924922903,0.0,4.746451878002139,6.0,2.0,1.0,1.0,7.565920829677679,0,0,Insuffisant
5.866259704326789,3,8.449234312679158,3.0,5.0,5.149281581347496,10.0,5.0,2.0,3.0,11.296750857758509,1,0,Assez Bien
4.88269855280204,3,9.313990321725658,4.946579016429467,4.0,1.927452861269153,2.0,5.0,2.0,7.0,9.410209777269756,0,0,Passable
6.192602068057804,1,11.849109845692295,7.340830835186224,10.0,0.5100668442378176,7.0,0.0,0.0,3.0,17.504113007277063,1,0,Très Bien
5.192054727650638,2,14.029861279085793,7.271036005583591,1.0,0.7350918001189686,1.0,8.0,2.0,5.0,14.29170164303456,1,0,Très Bien
1.7925194395285757,6,14.784609352189877,6.554503573695958,5.0,8.533093624904165,3.0,7.0,2.0,7.0,5.1142052061399825,0,1,Insuffisant
7.4906670486178495,7,8.067619285912764,7.737834405816494,0.0,8.809247838242038,1.0,1.0,0.0,2.0,6.478098764598217,0,1,Insuffisant
3.765608542096719,2,8.04353950453956,7.023303415370491,2.0,4.073876103485235,1.0,1.0,4.0,3.0,10.627539243321118,1,0,Assez Bien
1.1085452533506226,5,15.60537644005678,7.2415409311027235,3.0,0.5710665495966589,5.0,4.0,5.0,4.0,8.160142381075394,0,0,Passable
3.9297120975852184,3,13.263603773965256,5.721869334335968,2.0,3.6366223802185154,6.0,9.0,1.0,5.0,11.80391089882837,1,0,Assez Bien
8.751899476585777,5,11.290026946541486,8.96402197224318,5.0,0.0,3.0,1.0,2.0,9.0,14.901578249450779,1,0,Très Bien
7.125554355283732,0,12.656678364442385,6.138456782639232,10.0,4.786696365458677,3.0,10.0,0.0,9.0,12.86263162999855,1,0,Bien
4.128369663980352,5,10.895686763519958,4.338701833958748,3.0,1.514846894509049,3.0,0.0,2.0,4.0,8.625465963340373,0,0,Passable
4.126855739203928,2,12.83604639066665,5.458001974362543,0.0,0.9745003860181347,1.0,1.0,0.0,9.0,2.609984482313064,0,0,Insuffisant
4.195912371956544,1,9.823766562229908,6.30306761727604,4.0,6.444082417003573,5.0,4.0,1.0,4.0,9.573853625410415,0,0,Passable
10.191869958902103,1,11.940817270537307,8.988005576737693,4.0,3.614385567439465,1.0,10.0,3.0,2.0,18.313329084711686,1,0,Très Bien
5.954838630578884,4,5.713088823706763,6.915464003130414,8.0,6.164199130115147,10.0,9.0,4.0,10.0,4.618086830942428,0,0,Insuffisant
6.075104117977674,1,8.592754968110992,6.627703562068702,7.0,7.017276224652244,10.0,6.0,3.0,1.0,13.986128964432005,1,0,Bien
7.5757086350796055,4,8.630460881233798,4.502673150474745,7.0,3.7764709290944323,3.0,4.0,0.0,7.0,10.561896851369802,1,0,Assez Bien
5.596972897566284,4,9.6896348837758,8.570965179659153,4.0,3.9871044469195374,6.0,0.0,2.0,4.0,9.496713617396075,0,0,Passable
4.352394635448242,2,7.757203608270881,5.696095691953229,7.0,6.645683019948981,6.0,6.0,4.0,8.0,14.066119131228485,1,0,Très Bien
4.509125377287554,3,9.132597309619214,6.799944282117329,9.0,2.653055565153606,3.0,5.0,1.0,8.0,8.83001129278973,0,1,Passable
4.82099685146484,3,5.699550781606578,9.96036615376373,6.0,6.886584144763568,9.0,6.0,5.0,8.0,4.559299850254499,0,1,Insuffisant
4.906944408725396,7,12.920451667382151,8.017526662098609,0.0,0.0,8.0,1.0,4.0,6.0,7.481135634665197,0,0,Insuffisant
6.81907385909245,5,10.71120268381012,3.7434919045696513,6.0,3.112977355330445,3.0,4.0,2.0,9.0,6.72274996910931,0,1,Insuffisant
5.1298647145182485,5,5.031773372783942,3.4609795272950556,10.0,4.468107555840344,5.0,7.0,3.0,4.0,8.810219083442007,0,1,Passable
6.831600193038948,2,8.078095313086644,6.871379099761508,7.0,0.9874971394365657,5.0,6.0,0.0,5.0,11.740560225038756,1,0,Assez Bien
4.798208549728544,0,12.178104996467583,4.57451877025039,2.0,4.92384737474022,5.0,5.0,3.0,4.0,12.523938075432318,1,0,Bien
5.1965879757902265,3,9.099423187649736,8.297093495265996,8.0,4.4305199299642135,3.0,5.0,4.0,5.0,9.411043763423574,0,0,Passable
0.004498288669730677,4,8.56070488951666,7.084526129929959,7.0,2.1695187242142526,5.0,0.0,5.0,2.0,7.797467270153245,0,0,Insuffisant
7.290819186756204,7,10.738925630471734,7.330769538047726,1.0,2.0738807270314235,5.0,0.0,2.0,5.0,8.408032658579174,0,0,Passable
5.866221189744982,3,12.202591373123756,5.586513636715294,5.0,1.81989626055478,4.0,6.0,0.0,10.0,13.359684643120408,1,1,Bien
7.49502527464913,5,5.9727664003629375,10.482767310573411,3.0,0.08367875969398941,4.0,2.0,2.0,8.0,8.20703538159096,0,0,Passable
0.0,3,12.925449684262578,12.0,2.0,8.025217756703864,2.0,5.0,2.0,9.0,7.429073385462354,0,1,Insuffisant
10.220936761951819,5,8.198973514374181,6.442830552486571,10.0,3.4740305907228604,9.0,4.0,5.0,7.0,12.260384893959984,1,0,Bien
4.651025929612065,3,10.937252111125705,7.706078496830002,5.0,0.6176598201982095,7.0,2.0,4.0,7.0,10.399482148691712,1,0,Assez Bien
7.770457041843791,3,10.876029507579716,7.194834686128625,9.0,3.6942252945347223,1.0,5.0,3.0,6.0,13.70162550343098,1,0,Bien
2.4002351821861727,3,9.15526858616079,6.4806262731178625,8.0,4.599716715397859,5.0,2.0,2.0,2.0,7.512461458493603,0,0,Insuffisant
6.531934762656424,2,7.4171908885425,5.335859064534406,1.0,1.9548177787900696,2.0,7.0,2.0,10.0,10.34807060971806,1,0,Assez Bien
2.3664610920658595,1,10.000097081677078,4.830064025039046,9.0,3.0883164916420416,10.0,6.0,2.0,10.0,9.749544028723868,0,0,Passable
3.440577598260487,6,16.68865608176318,4.728805468948952,9.0,7.259964980277268,6.0,8.0,0.0,9.0,11.815828252616427,1,1,Assez Bien
9.785078384666965,5,6.234137393377292,7.810480051098291,9.0,1.0804695497447185,7.0,4.0,2.0,5.0,13.853432194108782,1,0,Bien
4.523293998091633,6,16.923095566867065,5.96065104359273,4.0,2.5459488487719115,2.0,0.0,2.0,6.0,11.275732136221158,1,0,Assez Bien
5.543582182949307,4,10.090975901232136,3.0,5.0,0.0,6.0,10.0,4.0,1.0,12.515764234495883,1,0,Bien
7.1751693267218855,2,11.123799959810237,7.8897164411966445,3.0,8.558202358219809,3.0,9.0,2.0,5.0,7.100219384088333,0,0,Insuffisant
6.239204719931512,5,7.196512160153455,6.923477435071688,6.0,5.645391402384934,9.0,10.0,5.0,6.0,8.727767448994442,0,0,Passable
5.3760472628589415,6,8.300557041628817,9.693346002802292,1.0,3.8760871315796774,4.0,7.0,5.0,10.0,7.859347635236663,0,1,Insuffisant
5.912402506165564,6,9.239816224866933,7.746244794182019,6.0,2.2048247587868057,3.0,1.0,2.0,2.0,9.439231695800494,0,0,Passable
11.008538963095688,7,7.3400676019273075,4.0426528073794055,1.0,2.0799769123913343,3.0,5.0,5.0,7.0,12.7417004013167,1,0,Bien
4.855953007416036,5,10.268787149201948,3.0,0.0,3.32729672915624,2.0,0.0,4.0,4.0,5.778807794970995,0,0,Insuffisant
5.502747616787419,2,9.575444378676302,5.561055231324126,10.0,5.240375139102131,9.0,5.0,0.0,5.0,15.907089302697633,1,0,Très Bien
7.626635990019031,3,17.477733998525068,5.749785158612695,4.0,1.3410425831733757,8.0,3.0,5.0,3.0,17.3421732538251,1,0,Très Bien
7.76381483239496,4,6.9190903501183865,8.886318402000333,1.0,2.8422079901151287,5.0,4.0,5.0,5.0,10.573022535397685,1,0,Assez Bien
7.967575763900951,4,11.359416808620056,6.982258135420853,7.0,6.143151467279527,9.0,9.0,3.0,4.0,14.739294865064217,1,0,Très Bien
6.596825555072962,2,11.867461986656387,9.267376996197019,7.0,8.022832967051865,2.0,6.0,4.0,10.0,14.279349753446395,1,1,Très Bien
2.142487718173791,5,7.253878079718569,4.350333888594731,0.0,5.358813978004232,6.0,5.0,5.0,6.0,7.703402789244324,0,1,Insuffisant
9.083578830752739,4,13.403896234084934,8.930528768760896,3.0,2.3444360163662195,7.0,0.0,0.0,2.0,14.937302425862391,1,0,Très Bien
2.13413651745328,3,9.605855454914302,8.44197830686184,8.0,3.6124739432390984,6.0,8.0,3.0,3.0,10.074516031500613,1,0,Assez Bien
5.756588663097583,4,2.276636219459265,3.0,4.0,5.03071783469105,3.0,5.0,2.0,10.0,6.735309586518438,0,1,Insuffisant
3.1143103749516055,6,13.309473642365978,9.645235682521545,10.0,3.271315955859065,10.0,5.0,4.0,1.0,13.485983603738196,1,0,Bien
4.839654133517518,3,7.090706905641727,7.186916983532705,9.0,5.779587207693038,10.0,8.0,5.0,7.0,10.27389476722052,1,0,Assez Bien
5.821906025758701,2,7.332787688513154,7.784089007737012,5.0,2.1748860154337537,10.0,9.0,2.0,9.0,13.528877571314018,1,0,Bien
5.803393038625683,5,13.407657290123394,5.270207775143154,2.0,8.033204797104009,9.0,4.0,4.0,2.0,11.209332052153012,1,0,Assez Bien
6.054801885588212,5,9.784934811535425,9.550494025843944,4.0,3.781221033992848,8.0,10.0,3.0,7.0,13.329869243583344,1,0,Bien
9.034278172646617,5,14.212202526930252,4.628295341522261,0.0,2.4222142373349755,8.0,5.0,5.0,3.0,12.105085967136786,1,0,Bien
6.1338357537849495,3,15.235581333778615,8.664184036747892,7.0,5.479012504871818,8.0,5.0,0.0,5.0,11.328544752002374,1,0,Assez Bien
4.389608411773378,7,8.742750388871958,8.641214951817343,10.0,1.5521352205637857,9.0,6.0,4.0,6.0,5.411182189574866,0,1,Insuffisant
7.410217920720893,3,13.776418735842608,5.051665143655556,5.0,4.369797564506939,1.0,8.0,0.0,8.0,11.800028040519502,1,0,Assez Bien
7.973676222311601,3,8.355887195124915,10.966747198845148,1.0,7.503509222611374,8.0,4.0,2.0,4.0,9.899354383044562,0,0,Passable
1.9309804621575188,2,18.815905709962617,7.463056960435038,3.0,0.9586502874043568,2.0,4.0,2.0,2.0,13.089073897166557,1,0,Bien
6.493500174624645,5,8.574650484140747,8.307785220542048,3.0,6.978447922120136,4.0,3.0,3.0,3.0,10.823843557515215,1,1,Assez Bien
6.752931855777246,3,14.591306043360014,3.9457584093284885,8.0,0.7723844552767694,1.0,9.0,3.0,8.0,12.895074614265262,1,1,Bien
4.2560912416000205,4,13.953265090585514,11.23546000601713,8.0,6.0511881376510495,6.0,3.0,1.0,7.0,9.124192867481318,0,1,Passable
8.439267033279048,4,12.106307377381269,4.550886119549821,4.0,1.6334118994397664,10.0,7.0,1.0,6.0,11.587745849845652,1,0,Assez Bien
4.624861032418683,4,8.653098935041609,9.04977286553186,2.0,6.979556304555031,1.0,1.0,3.0,5.0,4.873646049717099,0,1,Insuffisant
5.313941133678855,4,10.470108778205068,5.010456564136609,0.0,2.559766800319169,5.0,9.0,5.0,5.0,10.050045495648103,1,0,Assez Bien
4.567320439290326,5,3.4624416046940683,5.762022394304635,5.0,3.1087117299505502,9.0,7.0,2.0,1.0,10.60000681442685,1,0,Assez Bien
5.038947618953669,4,11.785470134337876,8.577508087770894,7.0,1.6538964905747155,1.0,1.0,0.0,6.0,12.516333550585582,1,1,Bien
2.2593122827619956,6,12.223653658599348,9.055105427350314,0.0,0.0,9.0,0.0,3.0,9.0,9.557367424037997,0,0,Passable
1.3998727935142643,4,11.467247966714801,4.457431501771795,10.0,1.1441448982043436,4.0,9.0,5.0,8.0,8.02646302943316,0,1,Passable
8.98626265806243,1,0.5934284004760482,9.180944338113989,0.0,0.0,3.0,8.0,0.0,10.0,11.037291575640532,1,0,Assez Bien
2.8825966292041807,1,6.5702724421856615,9.089960990266388,10.0,0.0,8.0,10.0,1.0,1.0,12.340971399522356,1,0,Bien
2.521519126359232,3,8.38168156002968,5.124093182310215,6.0,4.734849620715577,6.0,7.0,0.0,6.0,3.786433547304797,0,1,Insuffisant
0.0,6,12.020806266161662,10.19729518718222,6.0,7.812167611024559,7.0,5.0,3.0,3.0,6.228248570702695,0,1,Insuffisant
3.4025956307762444,4,12.012686169750445,4.086284743503924,1.0,8.493379681541768,9.0,3.0,2.0,6.0,7.903755781377731,0,1,Insuffisant
1.6922755164812542,1,10.404216728100872,5.750454834444769,2.0,1.0935067801303182,5.0,1.0,3.0,9.0,9.559738685636042,0,0,Passable
9.105037900340923,5,13.223359378113848,7.958005248183977,1.0,3.7252068269926206,2.0,7.0,4.0,6.0,10.795831544654929,1,0,Assez Bien
7.524542723356586,1,7.40815168643985,5.292867430594788,5.0,6.911968312065417,3.0,2.0,5.0,8.0,5.511198291811113,0,1,Insuffisant
3.2796241370556904,3,13.135822519928986,7.5276381713586815,7.0,0.7210008857002239,3.0,9.0,5.0,6.0,13.302829886493688,1,0,Bien
10.631089513360772,5,12.661597366939619,7.48215215760659,7.0,7.009010986954758,4.0,3.0,5.0,6.0,11.74412469214412,1,0,Assez Bien
7.454413717478985,3,12.321441564932687,6.625851460154559,0.0,7.050113896958404,10.0,4.0,4.0,7.0,13.653210676173078,1,0,Bien
4.187921541228444,4,10.362858491200205,8.664801077181119,10.0,0.0,7.0,3.0,4.0,10.0,12.650072572185701,1,0,Bien
0.0,5,17.407603386909415,6.543278414684722,8.0,0.0,10.0,10.0,2.0,4.0,14.97651891497626,1,0,Très Bien
10.727356431476855,5,12.726184909714576,7.4630821376276115,10.0,2.9993771583676314,6.0,7.0,5.0,8.0,15.493658566590176,1,0,Très Bien
1.52606883309101,2,7.610824478612544,9.292943754975806,7.0,6.345187092432665,3.0,8.0,3.0,4.0,5.141541162049729,0,1,Insuffisant
0.8865031326077704,4,11.869069165075945,8.58137242005168,8.0,0.20068217219812912,7.0,0.0,4.0,7.0,6.9146257386765715,0,0,Insuffisant
7.556426080024101,4,13.633691819759765,8.572034581628417,8.0,0.0,4.0,1.0,3.0,1.0,16.419624320606868,1,0,Très Bien
11.099381015848182,7,8.941619903764916,4.70164079556644,10.0,4.160917117853226,10.0,3.0,1.0,9.0,9.552917634145562,0,0,Passable
8.460682046276295,2,14.812452864258846,8.049585151002644,5.0,5.581898272666027,8.0,0.0,5.0,10.0,12.12765757947165,1,0,Bien
6.409772800130899,1,12.337117970006037,5.243002418060991,2.0,2.2995419452227814,7.0,10.0,4.0,9.0,11.179670527548383,1,0,Assez Bien
6.486885854163215,5,2.8013258181712857,4.437170040443947,0.0,2.5038648721362318,7.0,5.0,4.0,7.0,12.80507383712607,1,0,Bien
7.133538896950769,3,12.048851920682742,6.856587307430063,10.0,5.566720563336638,9.0,4.0,2.0,8.0,13.169630058585504,1,0,Bien
6.897321474466913,3,9.578897959555496,5.191409626696821,7.0,1.8251981808874147,8.0,6.0,3.0,2.0,15.41856271842024,1,0,Très Bien
5.702978559923439,7,12.880129350896077,8.581235437679954,9.0,2.0128338350241077,1.0,5.0,2.0,10.0,9.15388374861738,0,1,Passable
5.2605027598796905,4,14.30475194088135,8.629070919390648,2.0,4.6932172658827565,7.0,2.0,2.0,10.0,10.855782651081743,1,0,Assez Bien
4.843517180251194,5,11.683067164996363,3.194747527137116,6.0,4.972494863711032,3.0,4.0,3.0,7.0,5.30372325547233,0,1,Insuffisant
3.1150885278333096,5,16.828382818806435,5.34339492084622,9.0,3.4401854377076293,4.0,2.0,1.0,1.0,7.844100119166486,0,0,Insuffisant
4.298312307833065,2,10.374525904027765,4.080426656164002,5.0,7.711209807246132,6.0,8.0,3.0,3.0,11.75769249408765,1,0,Assez Bien
0.7676079645115363,4,13.186862380688563,6.074741446814219,2.0,5.874432564334288,5.0,1.0,1.0,6.0,5.34671457572021,0,1,Insuffisant
4.7541509330131255,7,13.817299007730716,7.910351339737649,5.0,3.1226552837350336,8.0,5.0,2.0,5.0,6.987284786526111,0,0,Insuffisant
2.5285222321227065,3,10.659289108875436,6.515423803643223,2.0,0.7732242669640721,2.0,8.0,1.0,5.0,8.367733047685633,0,0,Passable
2.2410267069605725,6,13.725710077922237,5.820481518665729,8.0,6.478556530591324,5.0,9.0,5.0,9.0,8.974956387183616,0,1,Passable
5.449735377883696,8,8.918644544932409,9.600353053626279,0.0,6.566189801020486,5.0,6.0,1.0,6.0,5.008572271876389,0,1,Insuffisant
8.480005715861498,6,9.521010533425736,3.0,7.0,3.752434318279867,3.0,4.0,1.0,3.0,12.433342929341126,1,0,Bien
7.295791515005782,3,6.406289583822907,9.47374378703645,4.0,4.692205103476045,10.0,1.0,4.0,2.0,13.839343817318253,1,0,Bien
1.0737484909420574,4,11.844931907295164,5.911423413689029,3.0,5.753108856987527,5.0,1.0,4.0,9.0,4.666770431122162,0,1,Insuffisant
2.525929658574156,2,12.138380865490204,6.843781979774421,0.0,8.007759007975778,4.0,3.0,2.0,10.0,4.1694021653213245,0,1,Insuffisant
7.351927969970539,3,15.127421055027302,5.945273324559783,8.0,6.218148736403739,5.0,9.0,3.0,4.0,14.488402491192184,1,0,Très Bien
2.543781516154226,5,13.768990015245592,10.085776211078237,8.0,5.112543994753548,10.0,1.0,1.0,5.0,10.136525866543229,1,0,Assez Bien
4.4384171250074385,4,10.003215551733984,4.538043006389481,4.0,6.324374268319049,9.0,7.0,5.0,9.0,8.878085414544165,0,0,Passable
6.37513024756138,2,6.876371094330031,7.023472739443871,10.0,6.877809249016857,7.0,9.0,4.0,5.0,8.977680381292608,0,0,Passable
2.579138862840912,4,12.514976408819908,8.054877303719994,8.0,4.6767985936398455,1.0,6.0,3.0,7.0,9.413003971757316,0,1,Passable
5.263438765364899,6,14.887636103451246,3.777994464229665,9.0,6.293823171727794,3.0,6.0,5.0,2.0,7.914606948772781,0,0,Insuffisant
1.6649362627044888,6,13.643147408313801,5.160203659107693,8.0,2.3092278637745896,9.0,2.0,1.0,2.0,10.796255208260021,1,0,Assez Bien
3.4965808901219657,8,14.795671337000506,6.703642933003541,6.0,6.588164431329244,4.0,6.0,3.0,4.0,7.227463650191112,0,1,Insuffisant
5.799454835356342,0,10.258386640806151,5.2266699306312505,7.0,2.3300058262200496,4.0,7.0,5.0,8.0,9.781875033750566,0,0,Passable
1.017515666170827,5,9.36683361138524,5.3688164575617,0.0,1.479172059688286,10.0,4.0,0.0,2.0,6.7673361394103075,0,0,Insuffisant
6.101186844900997,2,8.420845267188703,6.300274673847126,3.0,3.677893300631663,6.0,0.0,5.0,10.0,6.155560257264986,0,0,Insuffisant
4.950905502683297,5,10.804362366852416,8.299162663292346,9.0,0.6456049753527804,3.0,0.0,5.0,7.0,12.997928418054729,1,1,Bien
6.381224886042869,1,10.724932214109131,6.314564446243711,9.0,2.5087460886971176,3.0,10.0,1.0,1.0,17.675118190184993,1,0,Très Bien
5.559785335161654,2,11.723371699886906,9.156852388945893,3.0,4.946184541641477,9.0,3.0,3.0,9.0,10.503173052578855,1,0,Assez Bien
8.41035107493461,3,10.547458900375721,5.004484434681291,8.0,4.6948104874419325,5.0,1.0,1.0,10.0,16.12431765199877,1,0,Très Bien
5.313061256619768,4,10.532302945956301,4.496155479053095,2.0,5.59889641375336,7.0,6.0,1.0,6.0,8.464880252329252,0,0,Passable
3.9264861471868677,1,8.281570814597497,10.852690811442269,9.0,5.637507836548626,5.0,2.0,0.0,1.0,7.674867028768013,0,0,Insuffisant
5.30574375758071,3,14.295666547430217,5.684083744668977,9.0,4.935525634475063,6.0,3.0,5.0,10.0,12.73287834364278,1,1,Bien
6.35824507259097,5,11.26781321785299,4.37817598585568,0.0,1.870878814291843,8.0,8.0,3.0,6.0,9.893869792062231,0,0,Passable
5.1221501758142605,3,10.389446230001512,3.5158921164563393,10.0,6.308174726363637,8.0,1.0,2.0,5.0,9.882930498588339,0,0,Passable
5.101479228009706,5,8.383997613627784,9.150206907617878,4.0,3.7259558508900463,2.0,7.0,4.0,5.0,9.341744317334573,0,1,Passable
3.2450207804831117,7,6.3383041136311995,6.317390970679882,6.0,4.600678306908867,9.0,0.0,1.0,5.0,2.501621152015115,0,1,Insuffisant
3.34274770612263,3,15.577874673922704,6.492580529867203,3.0,4.260267867319193,10.0,2.0,1.0,4.0,11.082608534076607,1,0,Assez Bien
1.4934868205007663,3,12.941235478461325,6.6815965768267205,8.0,7.936502026319369,6.0,3.0,1.0,7.0,7.951359658803743,0,1,Insuffisant
9.373941857967349,6,5.316287551005114,9.025885769339563,5.0,1.012812410406355,7.0,5.0,1.0,9.0,8.20868261563521,0,0,Passable
1.8903419115217872,5,13.6709980524838,6.640940332048159,5.0,3.1421907178617676,3.0,0.0,4.0,4.0,8.43067213251621,0,0,Passable
3.2677370055102317,3,14.228684095815883,11.688107557665251,2.0,5.32838635676197,4.0,7.0,2.0,2.0,14.445488021885373,1,0,Très Bien
3.2039818360770065,3,11.435316428053254,7.267521148108458,9.0,4.054771477306119,6.0,1.0,0.0,2.0,10.972599723574785,1,0,Assez Bien
7.237310942361104,5,16.593388135131157,9.123569533916642,9.0,2.7882542715293512,7.0,4.0,2.0,2.0,14.557625666814983,1,0,Très Bien
4.2626258042699305,3,11.75851874743009,8.610479715808813,4.0,0.0,6.0,5.0,4.0,7.0,11.655285050727121,1,0,Assez Bien
8.119355181684334,1,6.041117652177835,6.9271053594839245,9.0,3.282674122380037,5.0,7.0,3.0,4.0,19.767307925096173,1,0,Très Bien
3.316273439390329,5,12.278091503669124,5.826058027959073,5.0,4.9060613115339216,2.0,2.0,0.0,4.0,6.071135330445747,0,1,Insuffisant
5.697485405559505,7,11.857140555994553,7.663927857133107,3.0,5.358787103243919,7.0,8.0,0.0,1.0,8.463497384062565,0,0,Passable
2.911632366850607,3,8.888461029276458,8.020197462414545,2.0,3.579814466786096,5.0,4.0,3.0,4.0,8.445035521811695,0,0,Passable
10.36287281943347,1,13.007455929070987,5.854827903746946,4.0,4.444941779636133,9.0,7.0,5.0,6.0,18.911895066040042,1,0,Très Bien
2.031003952426218,4,5.163171568331983,7.3326777319013114,6.0,1.1412912409543434,4.0,3.0,1.0,2.0,8.210889487873882,0,0,Passable
5.774551775567569,4,14.466983896049763,9.472409956519192,10.0,4.973507401472316,10.0,8.0,4.0,4.0,15.515856643695459,1,0,Très Bien
6.584442202330246,8,7.926574037380916,11.139895478139358,5.0,4.023595731090281,2.0,7.0,3.0,7.0,7.917168271610529,0,1,Insuffisant
6.034497743628746,3,7.5526885620903865,8.708738640698844,1.0,4.413023361596835,7.0,4.0,2.0,9.0,9.882801212893163,0,1,Passable
4.536780852805729,4,10.601613296923832,10.725519372760564,0.0,3.4513897396335675,7.0,2.0,2.0,2.0,7.455486934756721,0,0,Insuffisant
4.6754482506664345,4,12.515405248152724,5.7412515775870885,4.0,4.532057485377256,1.0,0.0,5.0,8.0,5.970501051470612,0,1,Insuffisant
5.109528679947774,8,11.573734222577004,8.403764504118588,4.0,5.586529799127859,5.0,4.0,3.0,6.0,5.195951427725872,0,1,Insuffisant
4.632494995928779,3,8.400692919796676,9.677039017162544,5.0,4.638645894595571,3.0,4.0,4.0,8.0,6.164210122123201,0,1,Insuffisant
7.409697791987274,2,9.228687480828391,5.207333334056008,2.0,0.0,9.0,3.0,5.0,2.0,10.17137135273642,1,0,Assez Bien
10.526307503978378,3,7.034351784178883,6.028819775909982,0.0,4.690413620552583,9.0,9.0,5.0,1.0,15.59524333089337,1,0,Très Bien
3.606270537480416,5,10.213620344295455,10.4758095236705,3.0,3.0303320129174725,7.0,9.0,5.0,7.0,8.786265515265358,0,0,Passable
1.5754925510523057,5,14.762574250788184,5.04980228842612,3.0,2.229513937789398,9.0,7.0,0.0,9.0,9.012196740480286,0,1,Passable
4.779294879121863,6,10.985079718246434,4.3177399346885785,9.0,7.372932447681928,2.0,2.0,0.0,9.0,7.815340724943344,0,1,Insuffisant
11.449273344135797,5,14.007949891658086,10.055963147279023,1.0,1.6687121749984213,10.0,9.0,1.0,2.0,18.41992551313703,1,0,Très Bien
2.990813580075673,5,16.09390468204167,9.393526449960877,7.0,1.9508009586526547,8.0,8.0,4.0,4.0,9.46338694252379,0,0,Passable
9.097792013610169,6,8.941935183370616,7.864240487967539,5.0,0.0,10.0,2.0,2.0,1.0,13.493915360998646,1,0,Bien
9.194252035191102,0,10.346993614306223,6.908578490708345,2.0,7.601287180563779,10.0,3.0,2.0,7.0,14.380064053597529,1,0,Très Bien
3.6160293957300134,3,18.59917501371873,6.122950988790036,0.0,6.227863651548451,10.0,5.0,1.0,2.0,12.973713411749712,1,0,Bien
6.422457697963188,1,16.05520194192981,7.563897747618102,10.0,3.169428333117192,1.0,8.0,2.0,4.0,15.72032712977743,1,0,Très Bien
9.070991557821344,6,5.146584159656766,10.1596139148031,2.0,5.5319995161974385,3.0,9.0,5.0,2.0,9.910155362488386,0,0,Passable
4.052180647531282,1,12.355019106213174,7.477132252284152,7.0,0.0,8.0,1.0,1.0,1.0,14.579014105818388,1,0,Très Bien
4.491049099744096,7,11.001959973188933,11.333918534493932,3.0,5.188214436405819,8.0,1.0,1.0,7.0,5.171188270342252,0,1,Insuffisant
3.5457977151283906,3,13.89258588800567,5.20411602871954,2.0,1.8573301756339147,10.0,1.0,3.0,6.0,11.922562905534663,1,0,Assez Bien
2.463108173267833,3,8.392574313802307,6.960638491343461,10.0,8.184381245003179,8.0,4.0,0.0,2.0,8.510362058030765,0,0,Passable
3.3768061373349822,3,8.061370697857647,6.253882664672169,3.0,4.918855996848201,7.0,5.0,4.0,4.0,6.935253081490426,0,0,Insuffisant
1.9401493330943587,3,8.633752496472367,4.829716913675334,10.0,4.327516930037949,2.0,2.0,4.0,3.0,7.715347069870938,0,0,Insuffisant
5.085208670648065,4,8.998250088305486,6.6938325339806894,3.0,1.9482377852162718,3.0,2.0,0.0,3.0,6.312770725222288,0,0,Insuffisant
3.0750669223533955,5,13.85363458383155,7.83465860332088,1.0,1.963873526962371,9.0,1.0,5.0,3.0,7.964524794685138,0,0,Insuffisant
5.584464779476869,4,6.86579589397892,8.04846035990406,3.0,5.481383846604009,2.0,10.0,4.0,4.0,10.81882009578727,1,1,Assez Bien
1.1102608844909319,2,8.820851350142384,11.340904357889112,10.0,1.9248301807972106,7.0,5.0,2.0,1.0,13.064212450908823,1,0,Bien
5.827200580536143,3,4.738456633244955,7.928934939447119,8.0,1.8265440870253054,1.0,0.0,2.0,1.0,9.97043698446661,0,0,Passable
7.083822404022312,4,14.524912381943306,9.300273607359232,3.0,7.517712083806087,3.0,8.0,4.0,7.0,7.088153156031991,0,1,Insuffisant
0.015660893571361356,2,15.448605348008993,7.132188492597952,0.0,4.718875141160294,1.0,10.0,3.0,5.0,6.048581324418512,0,1,Insuffisant
5.93514142461893,3,9.855242991976747,10.35611120090519,0.0,1.2595279317111459,6.0,9.0,4.0,3.0,11.911434020444457,1,0,Assez Bien
8.06917248118323,0,9.95717722315372,11.79689857117614,0.0,5.379366387173252,4.0,3.0,1.0,9.0,13.324714349248135,1,0,Bien
1.9758974532719864,8,12.58627665799014,8.0621702619519,4.0,3.3023496344569754,1.0,1.0,5.0,5.0,7.960690763232007,0,1,Insuffisant
9.181430967094258,4,16.160687025823893,5.014681969096838,5.0,0.0,5.0,5.0,1.0,10.0,12.610245940893105,1,0,Bien
6.047547523415113,3,12.43013761647371,5.902389954445663,5.0,2.752478737260669,4.0,4.0,0.0,3.0,18.36342245885571,1,0,Très Bien
3.237470360603978,8,8.5586032013371,7.563868606410324,5.0,1.3785467196453673,10.0,2.0,5.0,9.0,4.1560995687386075,0,0,Insuffisant
4.860577305855735,5,5.334120998047458,7.912996070501292,8.0,4.6394439107131795,10.0,2.0,5.0,1.0,9.68180466379571,0,0,Passable
6.395817281304306,3,7.097058080677793,8.396850268768745,0.0,2.361044947095972,2.0,4.0,2.0,9.0,9.932018999080116,0,0,Passable
5.190013478531029,5,11.256268076093628,7.9203953624600825,9.0,4.227255626109542,7.0,3.0,5.0,5.0,9.4706353198433,0,0,Passable
6.346889981115923,1,8.70635366879722,7.0139698325118776,5.0,5.6656492102414076,8.0,4.0,3.0,6.0,11.42237953114429,1,0,Assez Bien
2.6983160173015843,4,11.682386970967656,5.727603117595743,7.0,9.902399207401665,4.0,1.0,4.0,2.0,4.218296767290459,0,1,Insuffisant
5.423402060090195,3,9.064765943173182,7.802276522528459,7.0,8.949752930133364,9.0,10.0,1.0,8.0,7.9158994890059216,0,0,Insuffisant
1.4657137577375496,1,7.296487490469559,10.709974714961312,2.0,4.558123547020104,3.0,0.0,2.0,3.0,6.883822459990384,0,0,Insuffisant
4.721934846628249,3,6.880389289914251,9.039857210855509,4.0,3.8684896308098833,6.0,4.0,2.0,1.0,11.894668410722643,1,0,Assez Bien
2.7402308963380255,4,16.468240782806305,8.069407899272395,9.0,2.5122707277818,7.0,10.0,3.0,7.0,14.912932154564261,1,0,Très Bien
3.1611751435255835,1,14.11145712214275,9.059133847645501,3.0,0.0,7.0,0.0,3.0,3.0,12.600042967744638,1,0,Bien
8.090232938026094,6,17.056812831397856,6.257871942198295,0.0,0.0,6.0,2.0,3.0,4.0,12.74169206131176,1,0,Bien
7.728275301485672,2,12.88982815264286,5.983469707833359,8.0,1.8932400158481326,9.0,7.0,3.0,5.0,13.60575192833325,1,0,Bien
6.5228453022679425,4,9.495030069848063,5.504429791268036,4.0,8.093612039706784,1.0,10.0,1.0,1.0,5.993318423965387,0,1,Insuffisant
2.2692180883185524,4,15.631693228714783,6.749426754461124,1.0,8.007743910017904,9.0,7.0,3.0,9.0,4.0843776836800725,0,0,Insuffisant
4.208978875762996,6,10.884261995233812,6.155988206581839,1.0,4.179108223927284,9.0,8.0,2.0,7.0,4.612047932529296,0,1,Insuffisant
8.032744249947958,3,11.772946196016234,9.416549481304278,10.0,5.163040394202749,4.0,0.0,2.0,2.0,11.653015599880606,1,0,Assez Bien
5.3542922840997615,3,10.850114673235684,6.0493531646356224,6.0,2.4882072998441327,5.0,3.0,5.0,1.0,10.32273976799305,1,0,Assez Bien
10.798323849954237,2,0.6858352325059496,5.394556567550167,3.0,3.9246239142758417,3.0,5.0,4.0,2.0,8.56338024811684,0,0,Passable
5.98329459848593,7,16.616572543031985,10.885154357661264,0.0,2.059566489359497,7.0,6.0,2.0,3.0,13.510455592784977,1,0,Bien
5.480122791225079,2,12.718513810852137,6.097249537837313,4.0,2.0550749172759755,2.0,4.0,2.0,3.0,12.097153654512129,1,0,Bien
4.227208839493747,4,12.154380713039785,7.307056914500702,1.0,5.531344646563864,8.0,6.0,1.0,8.0,7.3679012933994805,0,0,Insuffisant
5.333852261955705,5,10.783783782053037,7.902645649486823,6.0,2.486766072123333,9.0,10.0,5.0,5.0,12.533098561225458,1,0,Bien
4.6188254090486405,2,11.571997371351458,4.72661376215837,8.0,5.230414573460781,6.0,9.0,2.0,9.0,7.419976596758664,0,0,Insuffisant
6.770271691721476,5,8.909523724538133,9.47096753900614,0.0,3.632021361550506,9.0,7.0,0.0,3.0,8.999464523905527,0,0,Passable
7.39175579198646,5,13.15802773307545,8.274238080822455,1.0,7.544680548682695,6.0,9.0,2.0,6.0,14.269803400658576,1,0,Très Bien
3.0350263487301263,3,6.425155794603037,10.116768023761564,10.0,5.380853249775849,3.0,5.0,4.0,4.0,6.369022042351321,0,1,Insuffisant
1.6719176161055547,4,11.651239513646914,5.641556125563799,5.0,4.610815753983511,10.0,10.0,4.0,8.0,4.890857789963503,0,0,Insuffisant
0.4094865672417587,4,12.965507146998865,7.19825158495232,7.0,0.4241908356736319,3.0,3.0,5.0,1.0,6.296019190616411,0,0,Insuffisant
6.2699783172813595,2,10.304658031619839,7.07871150998839,6.0,2.7737263244273214,2.0,0.0,5.0,4.0,11.949651517615578,1,0,Assez Bien
2.241583484565316,3,12.298037273648587,7.527776988700044,8.0,3.8742891862945417,5.0,10.0,3.0,7.0,9.531309644220537,0,0,Passable
0.0,3,7.530329627180125,4.090770502845678,1.0,4.1364029793153945,4.0,4.0,1.0,9.0,5.555031011547571,0,1,Insuffisant
5.97144651132741,3,7.619606301864126,7.221672757384445,8.0,5.658071954931251,6.0,9.0,4.0,1.0,11.267147185138064,1,0,Assez Bien
11.232498793581977,6,11.828509923592376,4.147072177152509,3.0,4.515050350360868,5.0,9.0,0.0,8.0,13.630004263607644,1,0,Bien
4.984822721150267,1,13.37492379117368,7.716668142393843,10.0,1.4169299595103215,6.0,9.0,0.0,2.0,14.185793031233404,1,0,Très Bien
7.096226936129105,2,4.437970205744012,3.0,2.0,5.480285645054038,4.0,3.0,3.0,4.0,9.10970175089702,0,0,Passable
5.204573396368913,3,12.827072222887683,3.296826331418827,6.0,2.84683230745326,3.0,4.0,1.0,4.0,13.475101222159626,1,0,Bien
4.752775867022144,1,9.09879474868282,8.637097432879997,4.0,2.381171308393231,1.0,3.0,1.0,8.0,9.003558998331547,0,1,Passable
7.297691207469422,6,10.325178694424057,5.906323089610435,4.0,1.2432174646066452,5.0,8.0,5.0,2.0,11.604063517244544,1,0,Assez Bien
4.274313639528372,4,6.31168726752237,5.024283852735518,1.0,3.121679097824288,6.0,2.0,2.0,7.0,4.107839271713191,0,0,Insuffisant
5.668480785179757,3,8.019339659346521,9.541691242151096,5.0,2.606974903795237,5.0,2.0,0.0,3.0,11.078013060466013,1,0,Assez Bien
5.804244515490034,9,14.38143863935609,7.65525243465683,5.0,6.901853340022357,5.0,9.0,0.0,9.0,9.8010786676998,0,1,Passable
3.329773865892378,5,11.115021808930747,8.744180391067568,3.0,3.3312243580836576,6.0,6.0,0.0,5.0,9.395233957284013,0,1,Passable
7.480105873841307,6,9.660275594016545,6.667515855358339,4.0,5.3304039131120415,4.0,1.0,0.0,8.0,5.938219696477052,0,1,Insuffisant
4.562600608261478,5,10.592290765791379,12.0,6.0,0.0,4.0,8.0,4.0,5.0,13.747744815074661,1,1,Bien
3.110637101267888,3,12.712241386325054,5.79097227888041,7.0,5.86107985357937,8.0,7.0,1.0,1.0,9.405936509655932,0,0,Passable
6.341274608926009,4,12.541730736571683,10.488991098719776,5.0,5.603458749006931,8.0,5.0,2.0,9.0,10.518049472683249,1,1,Assez Bien
2.753830045522407,5,10.737405498611198,6.8772679198001745,4.0,0.3606802708197958,3.0,8.0,4.0,10.0,6.146117146982647,0,1,Insuffisant
5.070452893422821,7,14.825356888138339,3.690979210174508,2.0,1.8203936689043947,7.0,10.0,1.0,7.0,10.96558112366817,1,0,Assez Bien
4.9772025083894915,1,14.396619229173332,7.9656974914962175,6.0,2.342514473787897,5.0,2.0,3.0,4.0,11.061520974148971,1,0,Assez Bien
7.714738914578945,6,12.446802101956385,7.629525122910327,7.0,3.493262232952688,5.0,3.0,0.0,7.0,14.449432508028206,1,0,Très Bien
6.186745582199882,3,11.191141240185246,4.897356371521541,2.0,2.237727372143941,3.0,6.0,2.0,5.0,11.359053778103137,1,0,Assez Bien
4.9374326031371405,5,13.300623832918387,5.15556144573057,4.0,3.3875960379329553,2.0,0.0,1.0,10.0,7.850198435454178,0,1,Insuffisant
7.044415748000718,3,12.099935976304142,6.950604713830016,10.0,5.633908809271656,3.0,0.0,3.0,9.0,12.104952428377057,1,1,Bien
8.475518872543283,5,14.712800251320816,7.699495630495963,1.0,2.604581006448517,7.0,0.0,0.0,2.0,10.360130510103115,1,0,Assez Bien
6.3945257658796555,4,14.148464818584078,3.0,9.0,4.743117527326445,3.0,7.0,3.0,4.0,12.100327817139867,1,0,Bien
5.025881549608451,6,7.436111345037951,9.106242905047605,9.0,4.438846157294833,2.0,5.0,3.0,6.0,10.491885825486706,1,1,Assez Bien
1.7204094191246009,4,7.199128902404028,6.011004052370045,3.0,0.0,4.0,2.0,4.0,5.0,6.940206605485857,0,0,Insuffisant
2.3372158423115685,6,8.545626594585734,4.3365050312036475,3.0,1.9804333258910791,5.0,9.0,3.0,1.0,6.056409246810438,0,0,Insuffisant
4.236938239113331,5,14.416485415234224,8.882133102903861,7.0,6.4641596968699915,7.0,6.0,4.0,9.0,8.012614369086835,0,1,Passable
3.476219494601792,2,5.482918511300641,6.952764041163087,2.0,1.7631647581184362,1.0,5.0,5.0,9.0,10.009068350394248,1,1,Assez Bien
4.532571742536385,1,12.381650861877976,9.43233155356451,4.0,1.3229199904318505,8.0,4.0,4.0,3.0,11.969109844437298,1,0,Assez Bien
5.1416248122427675,1,12.268900818825365,7.875904525959511,10.0,6.589733242427232,10.0,2.0,3.0,4.0,10.909285438629832,1,0,Assez Bien
6.324231885891827,3,15.069268205401674,6.996970994103908,4.0,4.383610125692881,3.0,3.0,1.0,4.0,11.892176406944834,1,0,Assez Bien
4.823753054852272,5,11.631185417323605,6.6945401100396875,1.0,7.643150589624341,6.0,10.0,3.0,10.0,3.2936122641847527,0,1,Insuffisant
6.216254109565504,3,6.298767132956348,7.965425521112276,8.0,2.8380008562012264,4.0,10.0,3.0,8.0,8.580033247883254,0,0,Passable
5.161186037025301,5,7.64225763773157,6.172937482381339,3.0,7.005335467706115,5.0,0.0,1.0,6.0,7.197369133797493,0,1,Insuffisant
0.06133358411532175,4,6.863015673357614,5.294854822507001,8.0,1.7778915283572143,10.0,8.0,0.0,2.0,8.6168650080851,0,0,Passable
2.6516615154531142,3,9.117196117834009,8.219818245309288,8.0,0.0,6.0,4.0,2.0,4.0,11.251436627590888,1,0,Assez Bien
4.639781110695961,6,10.359844514016256,6.711024317111141,1.0,5.683182455393677,2.0,1.0,5.0,1.0,7.591417279968681,0,1,Insuffisant
1.975763142897231,5,6.920954658226301,7.067135296138012,8.0,5.433080932818025,3.0,10.0,0.0,3.0,4.904452552562898,0,1,Insuffisant
6.499821824990511,6,16.14731696728301,9.178759672309216,8.0,5.682204053262707,8.0,8.0,3.0,4.0,14.721475193893687,1,0,Très Bien
8.826877080859244,2,6.361515198166456,6.772246784528518,1.0,3.4836551893491534,8.0,6.0,0.0,8.0,10.494950871157181,1,0,Assez Bien
8.046904629243292,5,15.711361983518682,7.030067851083581,10.0,7.667377183804643,1.0,7.0,2.0,3.0,14.290808251341796,1,1,Très Bien
4.4663928226744805,6,15.148070610037692,5.800700977098137,5.0,6.163771567963976,10.0,2.0,0.0,5.0,8.3385960556383,0,0,Passable
8.72681534212488,3,14.144058923911624,7.861479867963702,8.0,6.062297453339982,8.0,6.0,2.0,1.0,13.891775023976097,1,0,Bien
5.371668643005279,5,8.571816873761374,7.699655825360176,3.0,4.304135195700538,2.0,10.0,0.0,4.0,6.99319153387524,0,1,Insuffisant
4.1572850722049015,5,12.198578077119155,8.801550263581117,1.0,0.6325036877354782,10.0,0.0,4.0,2.0,15.529495448422052,1,0,Très Bien
3.4664933411476504,6,6.529201032572837,5.841742325986248,6.0,4.169117995967106,10.0,5.0,3.0,4.0,10.186653292362202,1,1,Assez Bien
4.243825783779679,3,14.188174622618122,6.084366060819629,8.0,4.8986411449560725,8.0,9.0,2.0,5.0,13.231533090565865,1,0,Bien
4.029557953646928,6,10.741053264623059,8.584274798290938,5.0,9.082009847423887,10.0,5.0,5.0,3.0,8.291373697375192,0,1,Passable
5.4260405559387195,11,9.567379248946601,7.504426006725727,10.0,4.665110061403169,5.0,10.0,3.0,6.0,5.410346830048356,0,1,Insuffisant
5.401434952624662,5,6.716893036703057,5.187563747614611,10.0,1.3847894495210764,1.0,9.0,4.0,2.0,14.814888461781377,1,0,Très Bien
5.007615050383536,6,2.3287285847984407,9.613108135469002,3.0,5.1682214454291895,8.0,5.0,0.0,5.0,2.9540427602848096,0,0,Insuffisant
6.092345424365875,5,7.365107000374854,3.6030988631994982,0.0,7.143805208470496,5.0,2.0,3.0,4.0,7.870433746017803,0,1,Insuffisant
7.976615686965854,5,14.894793684645173,8.568569506527503,3.0,8.271411752564912,1.0,5.0,0.0,5.0,10.947152191816098,1,1,Assez Bien
7.373885338603309,2,9.590083000338186,4.469575928003607,2.0,3.732747982343531,4.0,2.0,0.0,9.0,10.819674537101049,1,1,Assez Bien
1.2877550788752412,10,10.407349000097334,10.771577032971054,6.0,3.5010296723580017,1.0,9.0,3.0,6.0,5.506125383129958,0,1,Insuffisant
0.0,2,13.294440254009585,3.9108005461887534,10.0,0.4716142791855398,9.0,8.0,2.0,7.0,8.15546341362859,0,0,Passable
7.335799778098185,2,17.319841073406927,9.304501303745496,10.0,2.491639675222144,10.0,6.0,2.0,8.0,17.272888019161734,1,0,Très Bien
1.5828032539614472,2,15.637516292309735,6.836731279977512,9.0,5.082036566685847,2.0,3.0,3.0,9.0,10.08383368818771,1,1,Assez Bien
4.4380864952682915,3,7.596827486643342,6.266794860322512,4.0,0.19034598744395392,8.0,2.0,2.0,5.0,12.122659076870335,1,0,Bien
2.074717434851601,3,4.201002999969077,7.370793312935523,2.0,9.11888041577151,4.0,5.0,1.0,8.0,0.0,0,1,nan
0.49504890604995033,3,19.258649906850362,8.263800678315626,1.0,3.1083312721201914,9.0,8.0,0.0,2.0,14.430082048725671,1,0,Très Bien
6.35365682051197,3,18.941470640808088,5.191198995338261,1.0,4.300898860283637,2.0,2.0,3.0,10.0,9.988861215047429,0,0,Passable
6.897887900756617,7,11.65958758750249,5.368424549662856,4.0,4.855354730977922,3.0,7.0,5.0,9.0,8.059245070602548,0,1,Passable
3.5587239981832015,5,6.5532911404636245,8.299209730225773,7.0,6.822862315686964,2.0,5.0,4.0,2.0,7.074002062321913,0,1,Insuffisant
0.0,6,14.371292868628787,3.5853140927008003,7.0,4.666779412068583,10.0,3.0,3.0,5.0,4.853570332503317,0,0,Insuffisant
3.6343888793687933,1,10.622057098955864,5.8315418136158295,4.0,1.329739136042658,5.0,4.0,3.0,6.0,13.458857853582229,1,0,Bien
5.979510013506366,4,10.604566069126863,12.0,1.0,5.054512013766769,1.0,2.0,0.0,4.0,12.515808548120406,1,0,Bien
1.3027210780646783,3,14.130605950867952,5.0639740708214385,3.0,6.817611491990844,3.0,1.0,4.0,8.0,2.133131907149326,0,1,Insuffisant
5.458399799447889,7,12.170311614056544,9.295605583519505,6.0,1.763260365869586,1.0,8.0,0.0,10.0,7.703439114349118,0,1,Insuffisant
4.961725377067511,4,6.849647811447692,5.828098462572376,5.0,6.0000812245665704,10.0,2.0,5.0,3.0,9.756536727786228,0,0,Passable
6.4482287490027215,3,9.863403227213091,8.018090289594287,9.0,4.635622897877257,8.0,5.0,2.0,5.0,13.929772334712261,1,0,Bien
5.298950921035383,7,13.314035250314713,8.308711381192435,6.0,4.237874012480351,4.0,4.0,3.0,2.0,12.148065319198047,1,0,Bien
2.567327647796111,1,12.785882778417566,9.257913470365896,4.0,2.4000299436575725,3.0,9.0,0.0,3.0,13.801546919869713,1,0,Bien
7.9914287541612286,4,11.917058010254665,6.599492346374449,1.0,3.4443883343270976,8.0,10.0,5.0,8.0,16.51169450890741,1,0,Très Bien
4.603676067432575,3,14.266980340665524,10.977769277509706,7.0,5.096433088568219,9.0,7.0,5.0,5.0,13.648371895597805,1,0,Bien
4.93173865122517,5,9.733990542639575,5.8213268708296395,1.0,2.939559118137496,8.0,4.0,1.0,3.0,7.6879731372047715,0,0,Insuffisant
2.66683010231701,2,11.625344213266752,7.46844082719912,7.0,1.5517870722134632,6.0,10.0,3.0,5.0,8.430623596621196,0,0,Passable
3.8917943720212245,4,0.0,7.490553864435215,6.0,1.449675276845828,3.0,7.0,5.0,9.0,8.009618214299017,0,1,Passable
2.7879932149327478,4,9.426224321550151,4.756063760101169,2.0,4.702300652941461,8.0,10.0,2.0,3.0,3.9541047845127264,0,0,Insuffisant
4.5676348501914426,4,13.673660180014755,6.428255490041758,3.0,5.223177306230209,5.0,4.0,0.0,10.0,11.552113137301692,1,0,Assez Bien
9.279271200355858,6,9.63361936509,7.323026998476815,6.0,3.830774363917322,5.0,10.0,0.0,7.0,14.620825318559826,1,1,Très Bien
1.570247142671609,8,9.368204128990108,6.135757913741161,3.0,8.537806556373656,9.0,9.0,1.0,8.0,6.519802084386546,0,1,Insuffisant
0.9660965053081476,5,7.354914668788135,11.88184793091307,8.0,0.0,1.0,5.0,2.0,5.0,4.531472835176613,0,1,Insuffisant
8.677925818734021,3,14.51178062455201,5.322752652800938,6.0,4.949266030924875,7.0,4.0,5.0,3.0,16.055198793247715,1,0,Très Bien
4.476690807120335,4,12.919621457391997,9.358848936280856,0.0,0.0,8.0,1.0,1.0,6.0,11.00167573502099,1,0,Assez Bien
3.3273181533502085,4,13.888951092380797,8.712919626297573,0.0,3.7404849231585455,10.0,9.0,5.0,3.0,14.55187383068202,1,0,Très Bien
7.599761718490191,4,4.958251133147386,6.972275730991457,3.0,4.625113601159094,3.0,9.0,5.0,9.0,7.399055751439239,0,1,Insuffisant
3.4859611506578396,7,10.438424848570282,5.269581892295506,8.0,3.558706283200672,8.0,5.0,3.0,2.0,8.71909591439929,0,0,Passable
9.565024283867341,5,10.019611472874978,5.46348935921646,3.0,0.0,1.0,6.0,4.0,3.0,12.998560459230285,1,0,Bien
6.694814678348173,5,10.017999026905066,5.96406540156698,4.0,3.7622015538647284,8.0,2.0,5.0,7.0,9.899640202310474,0,0,Passable
3.7802214796357436,6,8.843903596987154,3.428517436107474,0.0,4.007304356169084,7.0,2.0,0.0,10.0,3.8379130939654873,0,1,Insuffisant
10.393270533163758,2,9.788635048769947,4.993069148401419,1.0,6.243706251627179,4.0,6.0,5.0,8.0,10.221894055444471,1,0,Assez Bien
3.4857126924916537,7,13.97375673947328,4.035046969272715,10.0,0.4324388454048198,7.0,10.0,1.0,5.0,10.214085084123735,1,0,Assez Bien
6.855238430023268,3,4.305020263282597,9.691750006355434,3.0,7.602407678307978,10.0,9.0,5.0,5.0,6.6291943784332705,0,0,Insuffisant
5.748231451016229,5,17.22053168810659,8.236924784776438,3.0,0.0,7.0,3.0,0.0,5.0,14.793125308352293,1,0,Très Bien
8.254353223496995,2,12.693443937592615,8.57194819773092,10.0,0.7600049917044576,10.0,1.0,0.0,4.0,17.843605595243783,1,0,Très Bien
8.903777991817131,4,10.851838365189256,8.177663903083895,9.0,4.4403441666261285,1.0,8.0,1.0,9.0,13.103578604248261,1,1,Bien
5.080010372664416,6,14.173919512305241,7.333935246668326,5.0,4.776643437437002,3.0,8.0,0.0,6.0,6.510464415154842,0,1,Insuffisant
3.1164553241345416,6,5.9185783919104775,9.921360664258273,5.0,7.779888276786014,7.0,5.0,2.0,8.0,3.6884413424018363,0,1,Insuffisant
6.149930357347791,0,8.67354683197145,5.778474688536526,7.0,4.483138195948827,5.0,1.0,2.0,8.0,11.99104017165634,1,0,Assez Bien
3.3057115756197346,0,10.576235986633062,7.2133393107340895,8.0,3.7461533639690088,9.0,2.0,4.0,5.0,10.794829799160574,1,0,Assez Bien
10.033468118816558,2,15.779461296512622,8.494117655648246,0.0,5.11109187903147,7.0,4.0,2.0,9.0,15.515727362238666,1,0,Très Bien
5.341338327706843,4,10.837261966057048,4.357581536287742,0.0,0.0,3.0,10.0,1.0,2.0,13.510710651254215,1,0,Bien
4.086696121719728,3,12.575191349148012,12.0,5.0,1.4808341895360635,1.0,10.0,5.0,8.0,9.68247039270963,0,0,Passable
5.461700764662271,4,8.936473514223554,7.057131525555172,3.0,1.0616620665235548,5.0,4.0,2.0,3.0,9.504447581257269,0,0,Passable
1.6321842761757588,3,12.703947241386219,7.283978901151185,10.0,6.379842301623603,10.0,8.0,4.0,7.0,5.132889961162384,0,0,Insuffisant
2.5709649037233713,8,16.8703385754106,9.513756063349843,3.0,7.25001829391053,5.0,9.0,3.0,9.0,7.602546099202891,0,1,Insuffisant
8.001034769861064,6,14.4843434208594,8.829910666020448,0.0,8.662414108913492,7.0,2.0,3.0,5.0,9.965104821212044,0,0,Passable
3.3577643025715105,3,10.714904042777421,7.076156038792918,8.0,5.423881717162022,1.0,1.0,1.0,8.0,5.513067552638992,0,1,Insuffisant
2.382722543295151,0,13.364217965429145,7.260258876196084,10.0,6.230026767254879,10.0,9.0,4.0,4.0,13.516499082582564,1,0,Bien
6.341631881318215,2,13.02130934112524,3.991702938104042,2.0,4.234845866109328,2.0,7.0,2.0,1.0,13.209478920456917,1,0,Bien
7.964260386657492,3,12.773056850940465,5.887068444300048,4.0,2.751728132200057,6.0,6.0,4.0,1.0,14.238014898374074,1,0,Très Bien
6.797383276662667,6,14.891836763011431,8.034420432317921,9.0,1.3009792622378313,8.0,8.0,0.0,6.0,14.036262876249053,1,0,Très Bien
7.490119214514541,3,14.865671963431133,7.887785678085773,0.0,1.0769716680057742,4.0,2.0,4.0,8.0,13.05768070217193,1,0,Bien
3.108012278576348,4,10.554944910937905,9.442331500008173,7.0,0.57200809424823,3.0,5.0,2.0,10.0,9.074048315956171,0,1,Passable
1.4454733331453906,9,13.246576715172193,6.75899788355335,2.0,5.827772860552271,3.0,4.0,1.0,2.0,3.9965005243386567,0,1,Insuffisant
8.753334129888717,7,9.659167775940722,4.225426973138267,0.0,2.9751716051880956,3.0,4.0,0.0,4.0,9.892995698054373,0,0,Passable
4.1933004028946606,3,7.769246612895478,9.113460861551356,9.0,2.1911453406467363,2.0,9.0,4.0,3.0,8.44000570659972,0,0,Passable
4.372917458862382,2,10.056771855036047,9.872178692364031,5.0,0.0,1.0,7.0,3.0,9.0,9.93450857561509,0,1,Passable
8.320485354622644,2,10.733026468911461,8.796489145712458,0.0,1.717068181590225,5.0,0.0,2.0,3.0,10.089394648189966,1,0,Assez Bien
6.39057502350165,2,5.184466537877028,6.6727326582850175,2.0,3.2822361694999422,10.0,0.0,1.0,8.0,7.888922580970215,0,0,Insuffisant
6.1397194302040194,4,14.011163957958521,9.088772103753158,4.0,0.15897622189945082,5.0,2.0,5.0,7.0,13.914374217409742,1,0,Bien
10.41250586225271,6,1.3143610208916066,12.0,3.0,10.0,5.0,10.0,2.0,1.0,6.001862347569894,0,1,Insuffisant
3.3912044240496426,3,20.0,7.230304628880951,6.0,0.649130480197754,4.0,1.0,4.0,8.0,11.221381250205086,1,0,Assez Bien
7.319600320203093,3,16.256576968287117,4.376526615509751,5.0,6.881468108967751,3.0,1.0,1.0,9.0,11.241749934735136,1,1,Assez Bien
5.142532812242711,5,10.086469465396902,5.827429900895696,2.0,3.698692023482884,3.0,1.0,3.0,8.0,6.766066748676919,0,1,Insuffisant
5.671480697158143,5,11.032992261973206,8.250952000608102,10.0,2.583833132469999,2.0,3.0,0.0,10.0,11.549900956227692,1,1,Assez Bien
8.82117106603133,5,12.06040155755549,3.7903913782038745,7.0,3.37642315395278,5.0,0.0,4.0,10.0,8.186899372751816,0,0,Passable
6.269589390724059,7,8.937938642038702,7.338806149824139,7.0,4.035151842969896,4.0,9.0,1.0,1.0,9.50726364757649,0,0,Passable
6.345740197624083,3,11.674167016554277,7.760673300631765,1.0,4.5662906915792565,6.0,8.0,0.0,7.0,5.923030934110445,0,0,Insuffisant
7.681268343274505,2,10.496000078044187,10.070243479625304,6.0,1.5451788012162417,2.0,4.0,1.0,9.0,12.918156555463101,1,0,Bien
4.0876181761427866,1,10.670045489691619,9.6203897121086,0.0,5.3983020761665745,2.0,4.0,5.0,5.0,5.575139244045232,0,1,Insuffisant
2.901975831652484,6,11.635113722182236,8.729169583503541,1.0,3.3017319310307993,8.0,8.0,4.0,2.0,7.056897046371359,0,0,Insuffisant
2.387977014947416,4,6.40265270576102,3.0,7.0,0.6718434063452263,6.0,4.0,1.0,8.0,6.043945914756863,0,0,Insuffisant
0.08410852655999523,4,11.138494034467769,8.84210625609585,0.0,2.9304190172395588,3.0,10.0,3.0,9.0,3.990764385679802,0,1,Insuffisant
10.140517824850805,6,11.57206711316117,8.411026772120493,1.0,7.549226653115703,5.0,7.0,1.0,7.0,8.46918514112148,0,1,Passable
2.2419790856957924,1,11.4509736747457,7.511888754156693,0.0,4.5485762231307305,3.0,10.0,4.0,5.0,10.751247500223107,1,0,Assez Bien
4.44686594103557,4,10.24459235597346,3.539555747709029,4.0,4.011420495180695,2.0,0.0,1.0,8.0,4.483020024236634,0,1,Insuffisant
4.307966750277698,3,14.9825022158928,5.4464521816258795,6.0,3.005734222151393,3.0,0.0,0.0,6.0,11.060194671968526,1,0,Assez Bien
5.768516744522752,4,9.762216057914571,4.666354460931867,5.0,3.202235650540313,1.0,3.0,0.0,4.0,9.64960500406903,0,0,Passable
7.039343031348242,4,11.795640673881167,3.0,5.0,4.5502616453874545,7.0,7.0,5.0,1.0,10.852949226689296,1,0,Assez Bien
7.151183720899363,4,15.54054136873941,6.994169697170411,5.0,3.3362969626719794,6.0,2.0,2.0,6.0,9.966654726890384,0,0,Passable
3.542306403577654,2,10.722183509928907,5.404355757114441,7.0,5.135279684198826,5.0,0.0,5.0,8.0,10.283500538285947,1,1,Assez Bien
4.582195715533971,2,11.750621436136429,12.0,4.0,4.808144830601864,6.0,10.0,2.0,3.0,9.131598602437828,0,0,Passable
5.706449876220749,7,10.66265377289786,6.662456121124181,9.0,1.0175699760390624,8.0,8.0,3.0,7.0,12.692889009589782,1,0,Bien
4.3782721845411325,7,15.330794277472597,9.587506311731921,6.0,5.319682158044909,3.0,8.0,0.0,7.0,11.176547602930928,1,1,Assez Bien
9.018363940049982,2,10.097964034447967,3.861801950613551,2.0,1.6135115724206277,3.0,8.0,2.0,9.0,16.887605449158496,1,0,Très Bien
6.227437379095628,5,15.49174102050872,5.9398208279902605,8.0,1.5106880837757388,5.0,8.0,1.0,1.0,14.431151550539626,1,0,Très Bien
6.8371944651245435,3,10.637442368735273,7.193795752068629,9.0,3.9368301965633536,5.0,1.0,3.0,5.0,12.232809388832024,1,1,Bien
6.657203171668532,4,7.991890967931941,5.18369210278466,2.0,4.645521356817165,1.0,10.0,4.0,8.0,3.2543758383052697,0,1,Insuffisant
7.933684643713312,1,13.377806097009424,6.155598630390512,5.0,5.537314518092324,4.0,10.0,2.0,3.0,10.62346776220557,1,0,Assez Bien
5.452553896759268,3,9.933662581855204,6.564098187512923,2.0,0.0,9.0,10.0,5.0,5.0,10.197789651891716,1,0,Assez Bien
1.7579201301103837,5,13.17175314684707,6.532184029110211,0.0,5.973118715186422,8.0,3.0,2.0,1.0,5.955891105550541,0,0,Insuffisant
5.999219879381604,2,1.4470846527669305,10.710237146070693,0.0,5.03165509805625,3.0,1.0,5.0,9.0,3.3748780325001055,0,1,Insuffisant
3.3716077655204275,4,11.018218416632312,7.75645257086302,2.0,2.184745577343908,5.0,6.0,5.0,4.0,12.17479207127539,1,0,Bien
3.678458295625608,5,9.391381454348819,7.9590211258826065,3.0,3.409185284662869,5.0,10.0,0.0,5.0,8.30216559626804,0,0,Passable
6.465910046887733,2,7.278594597140527,8.07930954869014,1.0,4.4952480208951,7.0,2.0,3.0,3.0,9.754487397901263,0,0,Passable
8.09570767858409,5,9.063656493560702,8.225252754674225,8.0,0.0,8.0,8.0,5.0,2.0,16.59677956911605,1,0,Très Bien
5.053178941840154,4,8.992038994975719,6.834226032250269,10.0,0.8724380447708215,9.0,6.0,0.0,7.0,10.688757799495344,1,0,Assez Bien
5.77208253149741,3,10.832049718022967,6.358507257042308,7.0,6.903188111133121,7.0,7.0,0.0,5.0,11.271852619574002,1,0,Assez Bien
9.255537361588095,4,6.214357385502654,7.3336321190365545,2.0,2.4940495958041966,2.0,8.0,5.0,10.0,12.882338679601073,1,1,Bien
5.60188294872142,5,12.106958230908997,9.313607897826945,6.0,3.78519618288047,8.0,7.0,3.0,3.0,13.19259609720639,1,0,Bien
11.504207785450987,5,15.781751748220259,9.252476376872767,3.0,3.7083791950723857,8.0,6.0,1.0,2.0,17.595325899292927,1,0,Très Bien
6.41377411407886,6,11.983249739317392,6.519203048623178,4.0,5.78663192884448,2.0,8.0,2.0,10.0,9.561317156534034,0,1,Passable
0.5980931021104556,0,13.831460132301531,8.535687389336223,3.0,2.9833954528397513,6.0,10.0,0.0,6.0,13.72527651420266,1,0,Bien
6.883354052761331,3,14.830968591148284,6.610830673920664,8.0,3.194600667647988,10.0,0.0,2.0,10.0,12.295040921269964,1,0,Bien
5.952895962206944,4,15.327713292644619,7.0677410988704885,10.0,4.476443224319379,1.0,10.0,3.0,6.0,14.7317402248235,1,1,Très Bien
8.224381885206864,2,17.54548542487457,6.0529532368916055,6.0,6.116626721456884,7.0,3.0,1.0,3.0,15.417334624781443,1,0,Très Bien
6.682953378174896,6,9.252793006034244,6.636709722187533,3.0,6.907714279870584,10.0,3.0,4.0,9.0,11.829209689796484,1,0,Assez Bien
4.653860040040565,3,8.485306051936092,9.68266013909936,7.0,3.202568786741986,2.0,4.0,1.0,1.0,11.941439669494413,1,1,Assez Bien
1.9392544092765855,5,13.742129769136572,7.1848422946784725,1.0,2.7727631598346267,5.0,7.0,3.0,3.0,10.663837208779555,1,0,Assez Bien
4.477441856784937,1,13.4789317688009,7.270565017104635,6.0,3.6343524547295027,7.0,9.0,1.0,1.0,13.420177090974972,1,0,Bien
2.87369886447675,2,13.714863548654913,4.105564441484083,10.0,7.337608034993811,10.0,0.0,4.0,7.0,9.610387563426812,0,0,Passable
3.5486913754881932,3,17.61248858987588,6.38151218473454,0.0,5.9457290631461905,9.0,5.0,0.0,2.0,13.295135894806572,1,0,Bien
6.471446011051524,3,11.03979468079473,6.517370192510542,7.0,2.8005929604883035,1.0,8.0,1.0,4.0,12.316306172613126,1,1,Bien
9.174761260878515,3,12.491547958761647,5.34171302911319,5.0,0.0,9.0,9.0,5.0,4.0,18.376967034743007,1,0,Très Bien
5.986678824557453,3,7.568641119807838,7.0433308234071275,4.0,6.767422169187288,5.0,7.0,5.0,8.0,8.918506215972466,0,1,Passable
2.010292344912039,4,18.473623933915853,6.141635419544691,8.0,7.048125339437957,6.0,1.0,3.0,4.0,7.477614438329709,0,0,Insuffisant
6.111506670550352,7,9.822092775768112,7.159991710487164,8.0,1.2227075242581513,8.0,6.0,1.0,3.0,10.728106338078003,1,0,Assez Bien
7.991578716614128,4,9.921244251437095,7.2430060196378685,2.0,2.8869941236568017,2.0,4.0,4.0,10.0,7.852162841619348,0,1,Insuffisant
3.4755427392015443,6,9.786375381471151,5.088491284354712,8.0,6.191304513152837,7.0,1.0,3.0,3.0,6.120947424109087,0,1,Insuffisant
4.664957083317706,5,8.742864494744818,6.202596435033621,8.0,4.964498544443984,4.0,10.0,1.0,5.0,8.489675325780395,0,1,Passable
5.0367204868229924,1,8.446970329033228,7.154748565521667,1.0,0.0,9.0,0.0,3.0,6.0,11.655824709792277,1,0,Assez Bien
3.0377542172944,2,9.167035009886662,9.368598862313451,4.0,1.1799114442283423,6.0,1.0,5.0,7.0,10.577199101910658,1,0,Assez Bien
6.620701084609648,6,6.219714251821694,7.5134383455914815,10.0,5.4540550326997685,7.0,10.0,4.0,5.0,9.979698490373675,0,0,Passable
4.697629628480546,3,8.251387279078665,5.676129640165144,1.0,4.62302047845221,6.0,9.0,0.0,7.0,11.174503503087074,1,1,Assez Bien
6.048831109767569,6,17.821370890066667,7.798009518487705,0.0,5.665026234762357,8.0,5.0,4.0,4.0,14.851590189753793,1,0,Très Bien
2.7812695554947497,7,13.57479300274479,10.41509777864352,6.0,5.951418202051576,6.0,10.0,0.0,5.0,6.613911715952161,0,1,Insuffisant
3.906354249191474,5,14.240664618547013,8.833412945178036,3.0,4.60426935649672,7.0,7.0,2.0,6.0,11.85246212200298,1,0,Assez Bien
6.805953394569428,7,15.120230755959202,8.09505306087124,4.0,5.050946072716337,8.0,2.0,5.0,9.0,7.8977132257566245,0,0,Insuffisant
4.067917119770582,2,17.419470975268368,8.451180350964643,3.0,2.576032228018771,1.0,4.0,5.0,6.0,13.297245315043796,1,0,Bien
9.317409628083514,8,4.800021069946546,9.879908082857261,5.0,4.285612287095064,10.0,10.0,5.0,10.0,11.761282615198894,1,1,Assez Bien
4.000909535963494,7,6.695409096497108,9.15125358803532,10.0,4.7836625035246545,4.0,1.0,4.0,1.0,8.238206821106212,0,1,Passable
5.561711814379715,4,8.186967186868602,8.133520762235316,1.0,8.264892225606816,6.0,7.0,0.0,7.0,4.8668034321382905,0,1,Insuffisant
7.331477079682725,5,9.355945712286408,9.13728443918017,7.0,1.938535070309614,1.0,3.0,2.0,3.0,13.198347006460613,1,0,Bien
1.454085667667421,1,9.948007132951629,4.836697807471879,3.0,5.809615933138153,4.0,10.0,2.0,6.0,9.337484269595674,0,0,Passable
0.5979779700480599,3,9.435578565178858,3.995469495319438,7.0,3.711111115333063,6.0,9.0,2.0,2.0,7.2159369351272575,0,0,Insuffisant
1.185859213574763,3,11.767581195962189,7.314197301287661,2.0,5.8617279049306825,7.0,5.0,3.0,7.0,7.261876170267727,0,1,Insuffisant
8.156460258567956,2,11.123533867608256,7.137361419301077,10.0,3.6990814641857375,6.0,2.0,4.0,1.0,13.348673747623238,1,0,Bien
3.620354635268883,5,8.470078216876125,5.912179892973485,4.0,6.943512861324513,4.0,10.0,4.0,2.0,5.320381544314371,0,1,Insuffisant
11.39549821417063,5,3.3855792805435057,8.651705339655418,2.0,2.143638306187077,7.0,7.0,5.0,9.0,11.862468332622143,1,0,Assez Bien
3.5893810033565288,2,7.524959531174556,3.274272827097528,6.0,4.355539837559976,10.0,7.0,4.0,9.0,7.804183955715407,0,0,Insuffisant
5.4613782579925925,6,9.077664713405987,5.930455487884393,2.0,5.098427437198826,2.0,2.0,4.0,7.0,5.553635268819505,0,1,Insuffisant
8.855274881419689,1,10.135221971172982,6.03008891024477,7.0,2.2966951782209994,6.0,8.0,3.0,2.0,13.838300798106019,1,0,Bien
10.015232220397808,4,7.046163892413121,3.727396429801081,8.0,4.7616147808526605,5.0,9.0,4.0,5.0,13.294111289818904,1,0,Bien
10.153758941590993,1,9.282177367262529,9.989462014538608,1.0,6.517303764613551,2.0,4.0,0.0,4.0,14.091324087355794,1,0,Très Bien
8.020915576482857,1,7.041544140300448,4.2815974626733535,2.0,3.8322034468428714,9.0,9.0,2.0,2.0,15.529024254866583,1,0,Très Bien
7.5601563145286566,3,10.559632269580835,5.823319885384628,6.0,5.876212663433618,7.0,8.0,3.0,2.0,11.12769917359453,1,0,Assez Bien
6.481317373002957,3,7.244180350730846,8.815959515610267,4.0,2.314248972717646,3.0,6.0,3.0,10.0,6.738035809347574,0,1,Insuffisant
6.945902690416594,1,8.028833702703373,8.292090686857463,9.0,1.258883948646051,7.0,9.0,5.0,8.0,13.883335310139314,1,0,Bien
3.6220357091786664,5,6.419605541538013,4.783650607030507,6.0,5.738688755996163,6.0,2.0,4.0,5.0,5.663038865983183,0,0,Insuffisant
2.954502791444232,6,10.462747565505756,8.364978418521273,1.0,2.602036144980804,7.0,5.0,2.0,8.0,10.741378263916449,1,0,Assez Bien
4.99156385647262,0,7.967432805166606,7.579568957316444,3.0,0.0,4.0,9.0,0.0,2.0,16.27258118135001,1,0,Très Bien
4.574538443687679,2,14.173744933364002,11.666071124222935,0.0,2.0993761513726215,10.0,1.0,2.0,2.0,11.59033255634612,1,0,Assez Bien
3.8669298766818123,5,12.420475933425147,7.807880832136609,4.0,7.368946869405411,8.0,5.0,1.0,3.0,8.79090313900203,0,0,Passable
6.740968618641788,3,10.75551846135725,6.717516357862936,7.0,6.650666810945494,8.0,4.0,2.0,10.0,6.515746950193664,0,1,Insuffisant
7.388263021426277,5,8.20880075929674,5.286996085761155,0.0,1.1989493248516716,7.0,2.0,0.0,8.0,7.345877766846298,0,0,Insuffisant
5.221017215729618,2,12.33182106860706,5.5115132660888575,6.0,0.34578761554656623,7.0,6.0,0.0,8.0,13.595868248537343,1,0,Bien
8.693825202638156,6,13.41745311272023,5.348461809063684,6.0,2.9769107432362905,10.0,10.0,0.0,3.0,14.672004927256136,1,0,Très Bien
2.1457772146662375,4,11.499409442705707,9.742197627823844,6.0,6.601148139534815,8.0,3.0,3.0,1.0,7.14037034326242,0,0,Insuffisant
4.515851351800705,2,16.612956494134256,7.035939830032941,0.0,3.5106659974091237,1.0,10.0,3.0,7.0,11.896509893973946,1,0,Assez Bien
3.2079441984929877,4,12.608730613261855,8.13049424794946,10.0,3.5314860380908346,6.0,5.0,1.0,4.0,10.640038158765773,1,0,Assez Bien
0.33365845731735,6,14.19762526148812,10.028495199961775,2.0,2.4646678604408208,2.0,8.0,2.0,3.0,7.513088844996918,0,0,Insuffisant
4.793298285393252,5,11.467478954375924,3.0,10.0,3.3211981081899578,1.0,5.0,4.0,5.0,10.977527306784454,1,1,Assez Bien
4.695631229041791,5,13.364825586399418,9.55774752940075,1.0,6.118520588554185,10.0,3.0,5.0,6.0,11.901340000323577,1,0,Assez Bien
8.783624358105328,6,8.211265685657887,7.110793823566668,4.0,4.2131438900036855,7.0,9.0,1.0,1.0,11.771507363359705,1,0,Assez Bien
6.577029211386944,4,9.395605728755221,7.870096743280889,1.0,3.4953426314176386,6.0,1.0,4.0,9.0,8.517594570157026,0,0,Passable
2.4395329391769875,8,12.222772437188329,5.343193556503498,4.0,5.626724293714508,5.0,8.0,4.0,6.0,5.4529382343274495,0,1,Insuffisant
9.63523141583547,0,12.197348185450835,5.489751203102963,4.0,4.1789838695890875,5.0,3.0,1.0,3.0,15.239662894305773,1,0,Très Bien
8.052584238813383,2,12.776641380301367,7.977691779625975,3.0,6.375579230896373,9.0,3.0,2.0,1.0,17.83343278173753,1,0,Très Bien
6.45524425867154,1,14.851375122975552,11.76919560066294,10.0,2.299968690896194,9.0,1.0,5.0,9.0,15.398385801035305,1,0,Très Bien
4.43378975287542,1,6.012600898646058,9.006626625629803,6.0,4.680174746590037,6.0,4.0,4.0,2.0,8.324720639690304,0,0,Passable
2.6014019081913005,6,7.589416083363964,9.53104584283708,9.0,6.2189290070001135,3.0,5.0,3.0,10.0,4.082030244901404,0,1,Insuffisant
4.0694830598223675,8,11.803504243759885,6.6159974594771604,5.0,7.883426095729801,7.0,9.0,3.0,6.0,7.802083989737749,0,1,Insuffisant
7.721871549260465,3,8.464727288687888,5.799591550828744,1.0,1.2658724901378022,4.0,5.0,1.0,6.0,10.45328536504176,1,0,Assez Bien
9.711465764836522,3,20.0,5.438390096842014,3.0,3.56569502833106,5.0,2.0,5.0,3.0,15.523564639066834,1,0,Très Bien
8.858108820680473,8,12.805018667095476,6.023452550606624,10.0,0.710175169001066,7.0,8.0,5.0,6.0,11.949339393710584,1,0,Assez Bien
3.777876445534315,4,10.72584202874445,3.0,6.0,1.575497895277905,7.0,6.0,4.0,2.0,10.24665281708222,1,0,Assez Bien
2.200956416777472,3,9.195857544206493,5.550161314216796,8.0,4.046290432982018,10.0,2.0,1.0,8.0,9.834343121051129,0,0,Passable
5.35221561727801,9,9.319432008824345,5.879293687880313,8.0,0.0,8.0,3.0,5.0,1.0,12.922489668702479,1,0,Bien
0.5789015860928712,2,11.10549231460312,6.649283651210318,2.0,5.048345283071708,1.0,6.0,5.0,6.0,4.350623696984728,0,1,Insuffisant
5.807919285461954,5,11.391936764174401,7.263500219494583,0.0,5.392928958791293,5.0,10.0,3.0,1.0,10.479199342922566,1,0,Assez Bien
4.630993534253328,5,9.401552993572704,7.724901737251221,8.0,3.8089678726174117,9.0,7.0,1.0,9.0,8.460545318801026,0,0,Passable
3.834908745329394,4,10.043967137180344,6.97014925511408,7.0,1.899009152474291,7.0,5.0,4.0,9.0,11.085170592060889,1,1,Assez Bien
1.0132423318330113,3,15.704996013321088,5.837113827314486,6.0,3.3902082106706684,2.0,3.0,4.0,6.0,6.290170857479228,0,1,Insuffisant
6.284000266424291,6,15.845767369278619,3.073282713468959,5.0,9.291569582931643,1.0,1.0,3.0,6.0,11.095198485033045,1,1,Assez Bien
3.6682479008452216,3,11.88211892977207,5.849382783196413,9.0,2.699063049577174,8.0,9.0,0.0,9.0,10.01010292731064,1,0,Assez Bien
2.07520791072428,2,6.305590954671418,5.0550987246259895,6.0,2.030340552530432,9.0,7.0,0.0,5.0,5.739507856340936,0,0,Insuffisant
0.0,1,12.884761048236651,7.932133496557207,10.0,0.0,10.0,0.0,5.0,9.0,11.867163387008505,1,0,Assez Bien
4.931212737373409,2,16.43998854563859,8.818574793387388,8.0,6.6097061398084564,5.0,8.0,2.0,5.0,12.933358203518829,1,0,Bien
9.43062899167436,1,15.794233856868326,8.877142134119879,5.0,0.8994789422008127,6.0,7.0,3.0,4.0,16.48642416016631,1,0,Très Bien
9.153148036369675,3,13.570490484833835,8.51390547225564,9.0,4.220545895756416,2.0,2.0,2.0,2.0,14.71905904647091,1,0,Très Bien
3.8572593585343204,8,15.978480343500376,6.732948529095023,2.0,9.266697350924472,5.0,9.0,5.0,2.0,4.987693889134074,0,1,Insuffisant
3.4944698490955486,1,11.186844953676577,5.956088869048207,2.0,4.9232907505307075,4.0,3.0,3.0,1.0,8.796332841057103,0,0,Passable
6.171935640187559,4,13.198360394417968,5.505794492665867,3.0,4.895471247301234,8.0,9.0,4.0,10.0,8.52791671950122,0,0,Passable
2.5040364020292714,8,8.61728551786187,3.985002166796499,9.0,3.185524389628516,8.0,3.0,3.0,3.0,8.968669202859076,0,0,Passable
5.754479749548665,3,12.022929096544992,8.983707401015716,9.0,4.784527331593845,5.0,1.0,1.0,1.0,10.895008343597855,1,0,Assez Bien
6.915200695961726,3,15.653369853896836,6.650577924140051,7.0,4.189193845957106,8.0,10.0,2.0,6.0,12.954299630069952,1,0,Bien
8.06733305971077,7,8.937018059795882,4.507319412758252,9.0,5.350820505774943,6.0,9.0,3.0,7.0,8.35653498725026,0,1,Passable
4.749614808800118,4,7.984947996874998,5.34701724857953,8.0,0.0,10.0,4.0,2.0,9.0,8.369684695744064,0,0,Passable
4.490815624557586,2,11.341211286582938,5.266053087134896,7.0,4.948760836960908,6.0,2.0,5.0,7.0,11.294958097132715,1,0,Assez Bien
2.805043533108597,1,10.206682286966002,7.086048970030253,10.0,5.083672247309896,4.0,10.0,3.0,4.0,10.57175147806402,1,0,Assez Bien
2.93279911490035,7,13.272017023746471,9.134935702141371,9.0,10.0,10.0,0.0,0.0,4.0,8.442439244839008,0,0,Passable
4.433802770246183,5,9.413591659185352,6.304020900808833,1.0,3.989295363463379,3.0,1.0,2.0,8.0,5.59570792019022,0,1,Insuffisant
5.9184137670404455,2,17.0145386546095,3.0,3.0,4.554103948759692,9.0,10.0,4.0,4.0,16.0513623357875,1,0,Très Bien
7.283961565583123,6,6.486133657136305,6.62163932968216,3.0,4.990824341419642,5.0,6.0,4.0,1.0,10.367971515105669,1,0,Assez Bien
2.992052623299138,3,15.388071751769072,6.687612199805608,1.0,5.061267558248117,10.0,0.0,3.0,9.0,11.771836537414336,1,0,Assez Bien
8.731721422398804,3,8.323027700921639,6.550159538128956,7.0,0.9159462032822443,10.0,1.0,4.0,3.0,14.468291717952953,1,0,Très Bien
4.322190997393578,1,4.714060428955918,5.745077667048596,2.0,6.045991585804078,4.0,9.0,4.0,1.0,6.29020625257826,0,0,Insuffisant
4.94658176412891,5,11.832563047221036,7.434878161451684,1.0,1.7065313305490228,6.0,6.0,2.0,9.0,10.00987528220106,1,1,Assez Bien
3.1319708021304415,3,10.108872048951408,7.132282230298004,6.0,5.016628147319417,4.0,0.0,3.0,10.0,2.4469992466302855,0,0,Insuffisant
0.0,4,7.116367212339393,6.950339371746706,0.0,1.8522031996701496,6.0,6.0,2.0,10.0,9.01358018158469,0,1,Passable
7.210113490902624,4,5.115180878996576,7.825282722885931,5.0,3.443874222397867,10.0,7.0,3.0,5.0,13.327526904605916,1,0,Bien
6.8421097427310835,7,10.970737244549902,6.140334353704293,2.0,2.8239313680045894,8.0,10.0,4.0,9.0,9.153306550707093,0,0,Passable
4.296681107204466,4,14.415429120683363,6.026828660598693,2.0,3.377525821155719,8.0,1.0,3.0,3.0,11.592253891282526,1,0,Assez Bien
5.16747679306218,3,13.047337225802554,9.7602465791708,4.0,3.792430006437971,6.0,3.0,5.0,6.0,12.920861434179336,1,0,Bien
6.289848044260249,2,11.198473270937429,8.118710819430872,2.0,4.93078474650005,1.0,6.0,3.0,7.0,11.830983714896208,1,0,Assez Bien
1.0936353577836435,2,12.675966506262073,8.6538921218856,3.0,3.7595693320360493,1.0,0.0,1.0,5.0,6.4545166415333215,0,1,Insuffisant
3.6773683066342633,2,10.9047505366775,9.452209170668137,2.0,6.186294186353424,3.0,5.0,3.0,8.0,11.333321514138493,1,1,Assez Bien
6.9856616990545675,4,5.995965149393701,8.0518883612496,6.0,2.6660916279600935,2.0,4.0,1.0,10.0,7.562203444628239,0,0,Insuffisant
1.8642764420768767,4,6.026871051717949,8.856777358272343,2.0,5.074279196051908,1.0,10.0,2.0,6.0,5.364997033600287,0,1,Insuffisant
5.733894830416573,4,10.288910148553624,3.8413096758594794,9.0,1.918779090876364,1.0,5.0,1.0,6.0,11.585680213150326,1,1,Assez Bien
1.6085454884414876,4,10.43771349771874,7.408307743992054,3.0,8.456550508551212,6.0,7.0,2.0,7.0,3.5004636454578004,0,1,Insuffisant
6.166074956083816,5,13.978439374773679,6.634563076371345,1.0,5.0849122310617485,7.0,10.0,3.0,8.0,12.472398002856409,1,0,Bien
4.9108962942562915,3,13.650564783211614,10.35536818179962,1.0,2.2570698887421217,8.0,10.0,2.0,2.0,13.2319971508881,1,0,Bien
0.9621704602362264,3,13.117965555156323,8.8552910636066,8.0,8.336311782470347,3.0,0.0,4.0,7.0,6.250065164002275,0,0,Insuffisant
7.911848386142928,1,10.019010504229868,5.73910961841364,10.0,5.296244604333213,1.0,2.0,5.0,9.0,12.32872041616986,1,0,Bien
3.1635210580048767,6,6.167717404614511,7.745588317058412,0.0,2.266037471158103,5.0,10.0,3.0,1.0,7.406732239881554,0,0,Insuffisant
2.9743689074640476,6,12.442248979731083,7.3353626668984795,0.0,3.671877513847941,8.0,8.0,1.0,1.0,9.708720658631506,0,0,Passable
5.501422993077357,5,12.838092596417589,7.908662866304457,9.0,1.1550710514585698,4.0,7.0,5.0,7.0,10.791632724187902,1,0,Assez Bien
7.871593373571788,4,2.6401398813281,4.962315061250696,0.0,1.1543243251006667,2.0,3.0,0.0,5.0,11.98957302060942,1,1,Assez Bien
2.4604454525540076,3,8.07981634696068,7.72003293047645,2.0,7.021034311081165,9.0,10.0,5.0,1.0,8.42768627173804,0,0,Passable
5.154199624619929,2,8.581309679121365,6.543697301423531,1.0,1.7538115352927752,9.0,9.0,3.0,1.0,12.4845583033087,1,0,Bien
6.072041250826432,3,11.414225703932027,7.564899528111201,2.0,0.6560741068079214,3.0,8.0,5.0,2.0,16.836185412174498,1,0,Très Bien
6.7327640181578605,4,8.18823848532007,5.55122966975566,4.0,5.5893528309274805,7.0,6.0,5.0,10.0,10.903616975299746,1,0,Assez Bien
5.441103888193063,4,10.866529009113759,5.829873657206801,8.0,8.149319058317555,1.0,1.0,4.0,9.0,9.222046092697044,0,1,Passable
4.082430402291694,4,10.263127708764529,9.347684040733405,1.0,6.893214735404785,8.0,0.0,2.0,3.0,9.957698884175645,0,0,Passable
2.9310244483782006,8,10.442976849617953,4.896904883319678,10.0,9.727818116235827,8.0,0.0,5.0,9.0,0.6696771440667422,0,1,Insuffisant
5.215359707615937,3,8.49261997204739,5.044491197915903,0.0,10.0,3.0,2.0,1.0,6.0,6.981709231010959,0,1,Insuffisant
2.3196524700359826,4,8.763552310766627,6.896837485568844,10.0,1.7490416118256134,5.0,9.0,1.0,10.0,7.736248496057652,0,1,Insuffisant
0.0,3,7.219065290767576,5.456219249628091,5.0,3.221487706267096,4.0,1.0,4.0,6.0,7.196359836060224,0,1,Insuffisant
6.09139951039417,5,12.330236042008412,5.229942735474403,2.0,0.07346166317040348,7.0,3.0,5.0,7.0,9.61555169780097,0,0,Passable
7.259837102715489,6,12.99885920006979,7.21015194241659,6.0,1.0927471557497137,7.0,7.0,5.0,10.0,13.971902111703209,1,0,Bien
0.0,7,8.302837174561315,3.9898682861925905,5.0,6.681063092305415,8.0,4.0,4.0,8.0,4.753087523920281,0,1,Insuffisant
2.475673238225156,7,16.322240336059657,4.984075530172724,10.0,4.692146767676331,5.0,4.0,3.0,3.0,12.07140305362385,1,1,Bien
6.547885652512995,3,9.898894933952828,11.108191165847288,6.0,7.641178694513629,5.0,5.0,0.0,8.0,9.070802823291057,0,0,Passable
10.143738674279247,3,16.355649683287965,7.918950117938018,4.0,1.8364093101805063,8.0,4.0,0.0,6.0,17.728160128777738,1,0,Très Bien
5.0519842691885195,3,8.752554891589389,5.506873295460178,0.0,2.6282754809014452,5.0,4.0,2.0,6.0,9.42501499071723,0,0,Passable
3.1799926469271638,3,3.9069777819019755,7.836430156532394,2.0,5.483946646686567,1.0,6.0,1.0,3.0,4.833394446966528,0,1,Insuffisant
4.542758897237899,7,12.40769238719323,8.13466095397326,2.0,6.641610495880993,3.0,5.0,3.0,6.0,4.836287389614775,0,1,Insuffisant
8.437191047870462,4,11.869907867916455,8.988828840180476,6.0,0.0,2.0,9.0,1.0,8.0,13.867077693752055,1,0,Bien
3.3850895521886617,5,11.12037828357654,6.745687941086539,2.0,3.398802991168519,10.0,10.0,3.0,7.0,8.690823820369367,0,0,Passable
3.002019983374366,2,8.752186325446036,8.952995405545778,10.0,4.998350651753373,5.0,1.0,4.0,10.0,9.622766466452697,0,1,Passable
3.793141194544919,5,10.878997210799634,3.0,4.0,5.957462179811715,8.0,0.0,2.0,10.0,5.492788171189696,0,1,Insuffisant
2.616678479353219,6,9.210591897456654,4.887383739048493,3.0,6.451749878068453,9.0,0.0,4.0,7.0,4.277997830976241,0,1,Insuffisant
5.306675789986989,10,9.941776517838873,7.327742803472911,3.0,3.813602625310548,9.0,3.0,1.0,3.0,7.408599881094003,0,1,Insuffisant
9.061696146173901,2,13.945712895177763,7.659267065615583,6.0,0.9113156308432142,1.0,1.0,2.0,10.0,12.683534737932552,1,0,Bien
5.807698182790073,6,11.644760303355326,5.176435424662716,0.0,0.0,1.0,5.0,5.0,3.0,6.779084276878111,0,0,Insuffisant
4.369116244684281,7,13.13482985566192,7.518839982526318,6.0,3.5443516632691345,1.0,8.0,3.0,5.0,8.18190247077697,0,1,Passable
4.270471827711139,3,10.188460226809735,5.752319502625479,7.0,3.2779278055537033,1.0,9.0,3.0,5.0,10.549241050221433,1,1,Assez Bien
1.0920229782583575,5,9.802939289683287,6.446081811545668,2.0,2.009966367041673,9.0,10.0,2.0,9.0,6.998552249974172,0,1,Insuffisant
7.207774442867898,2,6.962811141889747,9.049547601330023,2.0,6.232736195546984,1.0,9.0,4.0,9.0,7.225137890089458,0,1,Insuffisant
4.805407007467995,4,9.70487185601131,8.817874993777199,3.0,1.1310324282897075,7.0,7.0,2.0,10.0,8.304970272681484,0,0,Passable
4.5488002160234355,3,0.0,5.005879345273475,5.0,2.3450274231319193,6.0,3.0,4.0,5.0,4.769074986021849,0,0,Insuffisant
12.0,3,8.934223117930278,4.885497075959793,6.0,6.917000323045403,9.0,1.0,2.0,5.0,14.765795206499265,1,0,Très Bien
5.746882270914216,1,10.713440379832063,6.177653208893368,0.0,2.0625955712421833,9.0,0.0,4.0,6.0,11.513014006926394,1,0,Assez Bien
3.1205223747620394,6,12.972857789945547,6.94650739765415,3.0,4.807902094102857,4.0,6.0,0.0,8.0,9.43762656262576,0,1,Passable
3.9341060094861415,3,10.059627428662651,5.684203022850518,6.0,3.976019643534059,9.0,9.0,2.0,6.0,12.375999515609811,1,0,Bien
7.871114272991887,7,12.216857397857497,9.081284885599336,10.0,4.608000212539409,6.0,2.0,4.0,6.0,11.114887095241683,1,0,Assez Bien
5.283176026344411,6,3.370739685134141,7.69477968341711,1.0,6.203862549063912,5.0,5.0,5.0,9.0,2.387062331917749,0,1,Insuffisant
1.4043050542065831,3,10.801071017275676,7.812170219748858,0.0,4.813227844651712,9.0,4.0,1.0,1.0,6.938824694851738,0,0,Insuffisant
7.298072336438009,3,5.121740224803088,4.466922342110056,0.0,0.5336483587851166,7.0,4.0,1.0,4.0,7.228208684646671,0,0,Insuffisant
3.329639786152515,2,6.770937695192336,9.33458143476756,9.0,0.9565138966611895,9.0,1.0,2.0,10.0,5.066058752718137,0,0,Insuffisant
9.683244440543863,4,10.344920582476487,3.0,5.0,4.737058651143713,5.0,8.0,2.0,10.0,10.347972956645583,1,0,Assez Bien
7.700120164286622,5,15.46692395755744,8.668110903698738,4.0,1.7013633081491113,4.0,10.0,3.0,2.0,15.240848665272404,1,0,Très Bien
3.881695260853122,6,12.299223672145207,8.868623475341542,0.0,6.388212799132553,10.0,3.0,4.0,9.0,7.027812637658012,0,1,Insuffisant
8.202540904337782,5,11.06380848997991,6.135197625444077,9.0,4.772862568687985,3.0,9.0,2.0,3.0,11.137216824928789,1,0,Assez Bien
5.169638776318508,1,10.931643636865143,9.545820434494848,2.0,0.0,5.0,0.0,1.0,10.0,13.049611452821502,1,0,Bien
7.131934187805548,8,8.502298873784365,6.8738048940913075,10.0,8.722707103205346,9.0,1.0,1.0,2.0,4.787849995689229,0,1,Insuffisant
6.211832043236187,8,9.096058053195607,7.124863406654886,6.0,3.0843973098316946,3.0,8.0,1.0,8.0,8.561790015515674,0,1,Passable
2.884108362522816,3,12.49581615914779,7.679057574808432,8.0,3.4767819263489192,1.0,6.0,4.0,4.0,11.854047404581642,1,0,Assez Bien
3.391125419206345,6,6.15123818544427,12.0,8.0,5.056364123262615,2.0,9.0,0.0,2.0,10.120017245852537,1,1,Assez Bien
7.574902043952903,4,13.075689175990574,9.68886781616601,5.0,3.783408748361978,10.0,1.0,2.0,4.0,17.43615356547255,1,0,Très Bien
4.163061669733648,3,9.640225265084016,8.402262401425837,2.0,6.40409925209225,5.0,6.0,0.0,7.0,3.89596900318362,0,1,Insuffisant
3.9908788418950083,7,13.889449762043478,5.17439102679761,0.0,1.4549818935888545,3.0,3.0,4.0,7.0,8.13077879161444,0,0,Passable
2.6121935516266177,3,14.363827100312292,7.287179650958985,2.0,6.867674700882606,6.0,9.0,5.0,1.0,8.567473801729653,0,0,Passable
6.058997663983653,4,5.14420595622991,5.373751812307227,9.0,5.702493342016949,8.0,1.0,2.0,1.0,8.555215810287587,0,0,Passable
10.156312298107864,7,8.964467328704737,8.644221694565626,1.0,2.064004445391189,6.0,3.0,3.0,3.0,12.798311363688184,1,0,Bien
2.3311677143643177,4,8.005653092207817,7.280933951469714,10.0,4.629148836749818,10.0,4.0,2.0,2.0,15.434560618331922,1,0,Très Bien
5.060548641681895,6,4.655452122244,4.750956640772209,4.0,7.030455389100678,9.0,3.0,2.0,3.0,8.05788290316271,0,1,Passable
8.530551388538573,5,7.3861335332670635,7.162249166837006,7.0,5.303893306994402,6.0,2.0,2.0,4.0,9.652367984271606,0,0,Passable
4.800896521885712,11,19.54439545842869,5.301165060567389,4.0,4.368488269220802,5.0,5.0,2.0,7.0,5.768062033443158,0,1,Insuffisant
6.130929490624335,3,13.13328463674354,7.302432442675094,0.0,5.556124348446272,4.0,0.0,5.0,2.0,9.768780987293857,0,0,Passable
2.344016179632801,4,17.71050789012014,5.2818453672694865,2.0,5.766603642741804,2.0,7.0,2.0,7.0,10.207441495875104,1,0,Assez Bien
6.070767743019122,2,13.901844540064175,7.054975266721626,4.0,2.735571945668486,6.0,4.0,4.0,5.0,14.775223196766026,1,0,Très Bien
4.532139337488628,3,8.403548936470337,8.50093972387019,6.0,4.391891863644323,2.0,7.0,2.0,8.0,8.446307642552464,0,1,Passable
7.464324989199657,0,9.663800811640849,6.893896016149788,4.0,6.121666367420019,5.0,9.0,5.0,8.0,14.69755234922142,1,0,Très Bien
7.968465128911878,5,13.059526630841075,6.218223465655223,9.0,4.332311754272246,1.0,3.0,4.0,5.0,11.53814556469899,1,1,Assez Bien
11.473909105046534,5,12.531271712155627,7.406552442114926,4.0,2.2062675217377383,3.0,3.0,2.0,10.0,17.70123971077903,1,0,Très Bien
6.449082933033939,2,8.979302945020832,8.394365241585707,6.0,4.700302600323621,10.0,4.0,2.0,8.0,10.863507430159448,1,0,Assez Bien
5.814490791455416,3,5.715023902972776,4.785633460236479,7.0,3.023838766687559,5.0,4.0,4.0,9.0,10.03230866069893,1,1,Assez Bien
5.48596075394334,6,20.0,7.521312309410405,7.0,5.455555614450719,7.0,10.0,2.0,7.0,11.874813920692008,1,0,Assez Bien
4.117084267973279,3,10.50597614680018,9.6350816380348,6.0,7.567248069563283,8.0,5.0,5.0,6.0,10.930706537095661,1,0,Assez Bien
5.8462096086542275,4,9.85991387386083,8.14731392655343,2.0,5.692892011881913,7.0,4.0,1.0,7.0,10.7111236702455,1,0,Assez Bien
4.261496474652427,5,11.396670623668557,7.115508293334456,10.0,1.9408216172007462,7.0,4.0,2.0,7.0,10.64853945358484,1,0,Assez Bien
5.421152440674036,2,10.1504499374114,8.27947501339779,1.0,4.754217558103904,2.0,7.0,3.0,3.0,12.25590057524419,1,0,Bien
8.2939938390199,4,11.429551176969193,7.904992912205365,0.0,0.0,6.0,5.0,4.0,6.0,10.73954938840653,1,0,Assez Bien
2.483643586800897,4,15.504315501407469,8.507202218319629,5.0,3.7508918837351346,5.0,1.0,5.0,6.0,7.636610033849028,0,1,Insuffisant
7.849696402822613,6,10.564080321097517,3.0,8.0,6.350491305950817,9.0,3.0,2.0,9.0,8.161112051047967,0,0,Passable
8.292787668349664,3,6.930513462352835,3.8930877326734694,2.0,5.005504535373271,10.0,3.0,2.0,1.0,12.382442179914753,1,0,Bien
4.704828682522303,3,10.434246719324861,9.009658298966475,4.0,4.275173427831509,4.0,4.0,4.0,7.0,11.42061366561069,1,0,Assez Bien
0.0,5,9.374593765065312,3.989441647677119,8.0,9.324533735276564,7.0,5.0,0.0,1.0,4.603399032601214,0,1,Insuffisant
3.480445032263919,4,15.98364628036398,7.8030772714384105,8.0,0.0,8.0,10.0,5.0,10.0,11.783605502100661,1,0,Assez Bien
8.242486366402773,5,15.098916726581496,6.295900687935417,6.0,0.29799851976541536,6.0,4.0,5.0,4.0,16.444963505153925,1,0,Très Bien
4.9428298442527945,6,11.376337501507797,5.007621508808006,3.0,5.205233310491503,3.0,10.0,1.0,7.0,7.895704592928702,0,1,Insuffisant
2.501744419262723,5,6.524424508132602,7.699299514294947,10.0,6.245230975286601,5.0,5.0,1.0,6.0,6.2860878097425825,0,1,Insuffisant
3.7380626969294566,1,6.709377077960189,7.402067007433141,1.0,6.347121990691267,1.0,7.0,2.0,6.0,7.2688803850854935,0,1,Insuffisant
7.101550066261383,5,11.052931415545938,11.220685304192756,1.0,2.5680599690908883,8.0,3.0,4.0,5.0,14.890277594207474,1,0,Très Bien
6.366833920503448,4,12.177130392624482,5.750377590928221,3.0,1.8896943407832216,2.0,10.0,3.0,7.0,9.760218295279556,0,0,Passable
4.402669752075764,0,9.688820132358808,9.880220240138348,0.0,1.5214853835192548,10.0,2.0,2.0,9.0,10.713547065759979,1,0,Assez Bien
4.082938970463281,5,9.319406455274681,7.7048458287686294,3.0,4.805634246540567,7.0,8.0,1.0,6.0,9.411233062352945,0,1,Passable
4.020604627390445,3,8.925202683874737,5.677956236914575,10.0,1.5419814780737866,9.0,2.0,2.0,10.0,11.399497196112991,1,0,Assez Bien
2.6939745387537437,4,10.918121139146189,8.598492915034491,5.0,6.7865475793392775,1.0,10.0,4.0,7.0,4.222252418033161,0,1,Insuffisant
9.038439223673604,4,2.660331767744273,8.131477008907902,5.0,3.945292587287342,4.0,7.0,5.0,9.0,10.47195521369751,1,0,Assez Bien
4.19419882697165,6,7.145356799306016,7.071686589716099,6.0,2.2406848593519735,7.0,9.0,5.0,7.0,9.895552998867254,0,1,Passable
8.042896302063742,5,8.805322040934273,7.532590712881247,4.0,2.2508586246038718,9.0,4.0,5.0,6.0,13.315441626122517,1,0,Bien
8.803290129806129,2,15.226261182331722,5.806025937908936,8.0,0.17023260452509037,2.0,8.0,5.0,3.0,20.0,1,0,Très Bien
7.495777245369901,2,8.151652253248747,5.348425749490986,1.0,2.014563928876975,2.0,2.0,3.0,1.0,13.532237817653945,1,0,Bien
3.9209492182048793,4,11.631638496409222,8.518884347645166,1.0,2.618033062231053,6.0,9.0,0.0,10.0,7.144190711177888,0,0,Insuffisant
6.009325225841524,6,11.792899628258485,6.552121151373452,3.0,5.0202009447738325,3.0,9.0,3.0,9.0,11.119874171019957,1,1,Assez Bien
4.93951098402271,5,15.542707769812669,6.8398340035018155,3.0,3.752001325858639,4.0,7.0,2.0,7.0,7.646284406011304,0,0,Insuffisant
2.7407453481746797,5,15.419020924374525,7.559643191888554,3.0,1.8506872751422945,3.0,6.0,1.0,3.0,7.699191951198848,0,0,Insuffisant
5.810898204304007,6,10.798739609217792,7.530576689567616,0.0,0.9369070258092895,1.0,6.0,4.0,10.0,6.4247790146697135,0,1,Insuffisant
2.052400522100494,4,9.33580340583695,4.1413470580518705,3.0,3.407537903568146,6.0,10.0,2.0,9.0,4.961394318481288,0,1,Insuffisant
7.969198471153909,3,8.676584140110084,9.572504172909717,4.0,0.0,2.0,9.0,0.0,3.0,17.241335619408783,1,0,Très Bien
3.8384567567540175,3,10.156278721369766,7.242364303801357,8.0,3.205343908126404,2.0,8.0,4.0,3.0,9.197371714765731,0,0,Passable
5.502899139682098,5,9.4808832598674,6.594693474355701,2.0,6.7888843126906195,7.0,7.0,4.0,7.0,9.236848642532124,0,0,Passable
5.708219678865356,4,12.937695932753812,7.861692010339493,2.0,3.4991237715822585,5.0,2.0,4.0,2.0,11.31618963344614,1,0,Assez Bien
4.352737565739806,4,12.471084361198216,7.473084387229726,4.0,4.398304054022629,8.0,5.0,2.0,10.0,11.656604542022237,1,0,Assez Bien
6.466734503688187,3,13.071304169007554,8.534125378979404,9.0,4.095231842094261,2.0,10.0,0.0,7.0,11.972352210193241,1,1,Assez Bien
3.812740858443689,3,15.40749299002659,8.075967344301882,5.0,0.5369208480406202,10.0,5.0,2.0,7.0,15.927306719480631,1,0,Très Bien
7.17824324364311,1,17.520041924900617,8.435692457992534,2.0,8.393724834044454,8.0,4.0,4.0,1.0,13.370561823972364,1,0,Bien
1.6350507993831287,2,11.43632187692645,9.701987811455032,0.0,2.9810864599340405,7.0,2.0,4.0,10.0,6.742951462730546,0,0,Insuffisant
5.31594894886603,7,14.848123199884785,8.767249097941944,9.0,3.991627667740654,10.0,8.0,1.0,2.0,14.104302100260796,1,0,Très Bien
9.847322497645711,2,9.769189356580247,6.679027559342875,7.0,2.360942140200124,8.0,6.0,3.0,5.0,14.793535546952965,1,0,Très Bien
2.4991716884860633,4,15.147524442540554,4.754197687846334,0.0,6.8451634175798315,3.0,3.0,2.0,4.0,4.709496011309838,0,1,Insuffisant
3.3056375736878714,3,14.715282050115455,10.33559586600903,1.0,0.35330034188589066,8.0,5.0,0.0,3.0,13.948043634778415,1,0,Bien
6.2847696241472875,3,14.52945589480047,6.524553253305775,2.0,7.255744579941003,6.0,4.0,4.0,10.0,6.098161760505116,0,1,Insuffisant
5.4489544548489945,7,11.329244444170333,6.053785173278955,5.0,3.239254189475612,2.0,0.0,2.0,8.0,5.567111052491635,0,1,Insuffisant
5.876575248183898,3,8.660746426031888,3.5265463644711215,3.0,2.6661745532547645,6.0,1.0,3.0,7.0,9.472396538698302,0,0,Passable
6.2229678253691585,2,6.119150467470832,7.676946210624223,3.0,2.430620262158638,5.0,0.0,2.0,9.0,7.649015038159528,0,0,Insuffisant
6.586803671404425,1,10.859869773676152,7.29777320790754,8.0,8.521621436985784,3.0,8.0,3.0,3.0,13.464172352788255,1,0,Bien
7.774249604890558,4,16.36554389787214,3.9697701275010386,5.0,0.0,1.0,8.0,2.0,10.0,11.007900789184806,1,0,Assez Bien
6.0245466423212815,2,9.915542845225744,7.906548084266351,1.0,2.662913942089366,7.0,4.0,1.0,1.0,9.270414425175323,0,0,Passable
4.396855863453644,4,13.74794304911019,6.003616158597122,6.0,0.773080429171221,2.0,7.0,2.0,9.0,11.96797030959679,1,0,Assez Bien
6.681434253006828,7,13.95382990181626,12.0,2.0,0.0,1.0,9.0,5.0,9.0,8.41561065560012,0,1,Passable
9.749704837238038,4,10.007098226754895,5.861277615818263,8.0,7.263217362927344,1.0,3.0,1.0,1.0,12.732844883235925,1,0,Bien
4.6684156340435665,5,15.607206931318318,6.129613335604414,5.0,3.932179739415284,7.0,0.0,3.0,8.0,10.119320249119674,1,1,Assez Bien
2.5636767383233963,8,0.8196873943182368,5.2504475514912645,7.0,1.097888577503075,1.0,3.0,4.0,10.0,4.181780371182005,0,1,Insuffisant
7.767701673217432,4,6.720374024416388,9.555753042083944,0.0,6.072722131036141,9.0,6.0,4.0,1.0,9.583394580329724,0,0,Passable
4.699047090116005,3,7.795286962745391,6.254448411070494,1.0,2.9982899984004066,6.0,10.0,2.0,6.0,6.420692902877565,0,0,Insuffisant
0.0,7,8.130997419964135,5.550171692469006,5.0,2.3835830502221653,4.0,1.0,0.0,9.0,0.7937444521636242,0,1,Insuffisant
7.118554192876054,4,12.176920329150635,8.413910019841085,2.0,5.438453162959639,4.0,1.0,2.0,3.0,9.508912169912287,0,0,Passable
3.6616795351151934,5,12.015132310688657,4.239294129173629,0.0,2.9445282190271787,5.0,5.0,1.0,6.0,3.092795861842229,0,0,Insuffisant
4.773666794239598,8,12.378967002612528,8.250221092497895,5.0,1.593059920971716,2.0,8.0,1.0,3.0,9.62392363405391,0,1,Passable
5.829950826422536,4,13.086285229463705,10.562799433201715,4.0,5.738505799625608,5.0,2.0,3.0,5.0,9.545099013755147,0,0,Passable
5.476249199447666,3,7.674634007990227,8.133215665670178,8.0,3.646577024910547,2.0,6.0,2.0,7.0,7.453916329962112,0,1,Insuffisant
6.7736295428475986,1,6.7363837661743835,8.27579663251985,5.0,5.866012632459218,4.0,9.0,3.0,10.0,10.213049643748246,1,1,Assez Bien
3.9112840735753913,1,12.38711888702752,8.740120433814967,4.0,2.9929435036413317,10.0,8.0,0.0,4.0,13.13762832746071,1,0,Bien
6.282764495440206,8,8.794187742237463,10.419416057351038,0.0,6.5475577936151845,5.0,10.0,4.0,4.0,6.277522812248389,0,1,Insuffisant
4.351133306040207,5,5.503337341212103,9.419787920038209,0.0,4.035074854319423,6.0,8.0,4.0,7.0,1.7408100224660878,0,1,Insuffisant
6.847026202218758,3,14.399704995895185,7.879339444546048,10.0,6.648410766503394,6.0,10.0,2.0,5.0,14.512168222275305,1,0,Très Bien
6.538418710032634,5,15.882856672758042,8.807782801272003,0.0,6.56662606982318,9.0,3.0,3.0,1.0,11.644427943407049,1,0,Assez Bien
2.6614032448885117,4,16.45006311394531,5.228130149069779,6.0,7.090629363942093,4.0,1.0,3.0,10.0,2.515658423478877,0,1,Insuffisant
7.71495529043758,3,11.65452702516152,8.552587181494644,5.0,4.170718121813986,5.0,0.0,0.0,2.0,15.901715246326336,1,0,Très Bien
3.66009138721488,1,13.19076233590516,4.988888057632504,4.0,4.956800526161782,6.0,5.0,3.0,6.0,7.619489262912209,0,0,Insuffisant
7.020144495702863,5,15.794538781766688,6.265955162736747,3.0,3.423184627159566,4.0,4.0,5.0,9.0,11.87808306090823,1,0,Assez Bien
5.918218283503352,3,8.75504473491798,3.0,10.0,1.7557389781112502,6.0,5.0,5.0,7.0,12.281811905640753,1,0,Bien
9.595459191987807,4,14.887371894189322,7.802859318734924,10.0,9.008243083704794,2.0,6.0,1.0,4.0,11.065472212373312,1,0,Assez Bien
4.441335044070369,9,11.96388681950123,5.712255977783295,7.0,2.1197380147586644,7.0,8.0,5.0,2.0,8.874361708169712,0,0,Passable
4.126708009704506,7,14.197990783199069,9.222290430408925,10.0,6.26216877306188,3.0,9.0,5.0,4.0,11.876290058428616,1,1,Assez Bien
4.951450985280668,5,11.651325573065773,7.780385221210805,7.0,5.814530836050177,10.0,9.0,1.0,5.0,14.460052959852373,1,0,Très Bien
4.242050542914312,4,15.536898484118005,9.24819178940325,4.0,4.452632421360141,4.0,10.0,5.0,2.0,14.827149839089863,1,0,Très Bien
6.999854754855125,1,11.782333168895379,4.8328069106549245,3.0,3.61252849428109,9.0,5.0,5.0,1.0,15.886062918449007,1,0,Très Bien
0.9592234789085303,7,5.806073291864038,9.076772074319265,1.0,3.6373939246753393,5.0,5.0,1.0,4.0,4.5022500436882735,0,1,Insuffisant
2.3657939521341147,2,16.081743213101525,11.211712688726653,6.0,2.3573014057737853,9.0,2.0,2.0,6.0,12.81282974537558,1,0,Bien
2.3304926960520174,7,7.683642406597608,8.528316599863789,4.0,4.236104548793096,10.0,7.0,1.0,1.0,7.342987866990961,0,0,Insuffisant
7.375768979933939,4,15.3857037358537,8.580698017384577,2.0,1.046534016498632,10.0,8.0,1.0,1.0,17.37348993419647,1,0,Très Bien
9.276533431454812,6,10.684149914958873,7.33919535278987,8.0,5.868131390939151,10.0,0.0,5.0,9.0,10.670633474599372,1,0,Assez Bien
4.738876953656321,5,15.116038448191972,5.950662438869271,8.0,3.4286550466707397,10.0,5.0,4.0,5.0,11.456280085194264,1,0,Assez Bien
4.577945692024973,6,14.971690152033677,8.522384745403016,10.0,1.5949473969613752,6.0,6.0,5.0,2.0,17.373541195403607,1,0,Très Bien
5.175130407782953,6,12.5055004101038,3.9878341791958634,10.0,0.8088966617603215,8.0,10.0,2.0,2.0,12.197023615066145,1,0,Bien
7.904695756520477,2,12.779873611694958,6.164489750158367,9.0,3.6702480430553357,5.0,7.0,1.0,4.0,18.18231143456426,1,0,Très Bien
2.6816171645235647,5,12.479200160173981,3.4578863953256356,10.0,3.757207501333931,5.0,9.0,0.0,2.0,6.3156460949023,0,0,Insuffisant
5.595922456836963,5,3.951613353016228,5.592687245369834,7.0,2.7048395734023263,3.0,10.0,1.0,4.0,8.38348292141035,0,0,Passable
7.437994074456075,7,11.414155766143708,8.284090183787121,0.0,5.256010225709564,7.0,7.0,2.0,6.0,12.285837690783241,1,0,Bien
6.252735424849613,3,7.093775383748367,8.010786752440927,2.0,4.871106177641024,2.0,6.0,3.0,7.0,13.268942584088103,1,1,Bien
5.473954041496858,2,11.59915500310982,7.1018273910709455,1.0,4.141933326951987,3.0,7.0,5.0,6.0,9.917018036154607,0,0,Passable
7.5026152314178525,5,6.999701087658746,7.340801988124022,3.0,1.6850967487132875,2.0,10.0,4.0,4.0,12.610541758049775,1,0,Bien
0.0,7,6.852668205708738,3.2282707642715813,1.0,2.149964877076761,8.0,8.0,4.0,10.0,2.249238549837955,0,0,Insuffisant
6.694688298827269,4,16.617270756138655,6.25487543885817,10.0,0.5085244371803701,4.0,9.0,5.0,3.0,19.085859488181637,1,0,Très Bien
3.3648107921814407,5,14.743065858434663,5.63729678712958,7.0,3.521574445364562,10.0,6.0,5.0,4.0,12.624488135614556,1,0,Bien
0.42341775785885805,4,10.985500952695459,5.681880618970919,0.0,5.401854517545457,8.0,2.0,2.0,5.0,7.358822841286187,0,0,Insuffisant
6.278006498812452,6,11.646690275871583,8.199157255627506,3.0,0.9723286580639492,8.0,8.0,1.0,4.0,15.300854741234385,1,0,Très Bien
8.434146362907395,2,10.132293909899468,5.278985346989379,4.0,2.597101127954258,8.0,0.0,0.0,3.0,10.248203027875801,1,0,Assez Bien
4.656378713430771,5,12.99456731592833,5.790638299745178,9.0,3.8677543640654206,8.0,7.0,1.0,1.0,12.44626368802107,1,0,Bien
7.382186368007347,3,8.633809717079183,3.0,3.0,5.398109229046084,8.0,5.0,1.0,3.0,11.417914682537461,1,0,Assez Bien
9.030695644971614,6,14.47809092003785,6.411753639247661,7.0,0.3077527239305553,9.0,10.0,0.0,5.0,16.26996226223877,1,0,Très Bien
8.28728613396012,4,10.114196056450613,4.8243249045727605,1.0,9.549745419308776,2.0,2.0,4.0,6.0,7.977846459860241,0,1,Insuffisant
9.099911323428483,4,9.5305355145907,7.158405857379287,8.0,5.881508809765563,9.0,8.0,1.0,4.0,13.123691843381568,1,0,Bien
6.85531872767973,7,11.07599556469695,5.097783906515071,1.0,2.5023645492696156,8.0,5.0,3.0,1.0,12.28089878194122,1,0,Bien
5.188584097253982,1,8.930986095260362,7.209084491098432,1.0,1.324134073799268,10.0,6.0,3.0,10.0,11.227739160498516,1,0,Assez Bien
0.995085470257079,2,12.150388223237691,6.710628478515313,1.0,4.709158504136519,1.0,10.0,2.0,7.0,4.088635310373405,0,1,Insuffisant
4.384843779675128,5,9.1192309374031,10.344083546084642,9.0,5.179873326168699,5.0,1.0,2.0,9.0,6.2933391032029835,0,1,Insuffisant
2.8918835117095205,2,12.639832609865927,7.9944359609063875,7.0,1.5243317871588324,2.0,0.0,0.0,6.0,10.107179034556857,1,1,Assez Bien
10.427356793744535,5,15.256022886190168,3.320724254875394,2.0,1.2146918858658116,10.0,0.0,0.0,6.0,16.955041792410164,1,0,Très Bien
4.560285468919158,4,8.482374096171393,4.470222311794583,9.0,1.7663832695720525,5.0,2.0,2.0,9.0,9.425377810661459,0,0,Passable
5.308012016961214,0,10.5429858994669,7.110416017984666,10.0,4.161284818904026,8.0,10.0,5.0,4.0,15.786416607129633,1,0,Très Bien
6.378713440101169,3,12.614657495623977,5.1403041032146986,9.0,4.19296627703947,9.0,2.0,1.0,5.0,18.76979977869265,1,0,Très Bien
5.109006115931134,3,9.474499257565077,3.0,7.0,9.410827123000598,9.0,7.0,5.0,5.0,10.078481627393515,1,1,Assez Bien
9.237627601076882,1,12.625121962893328,9.699092627667486,6.0,0.0,1.0,6.0,4.0,5.0,19.587815678158147,1,0,Très Bien
3.44337659566387,3,12.94389601228109,8.440448033810815,9.0,2.320750061428803,7.0,9.0,3.0,8.0,11.19705775457074,1,0,Assez Bien
5.486518638093107,5,14.791416217030065,8.041953746983543,3.0,2.6770932134225163,8.0,7.0,0.0,1.0,13.117277703705376,1,0,Bien
3.1438235357548794,6,8.879034838702808,5.78535390905817,6.0,5.216165657677988,10.0,0.0,2.0,10.0,2.1257023427343946,0,1,Insuffisant
1.6999437219482356,2,7.700286659193339,7.855353542019859,10.0,5.31667714084006,3.0,3.0,3.0,10.0,5.80938277143702,0,1,Insuffisant
3.4705772727367865,3,9.923479136526897,5.591279351558237,7.0,3.5010151614722784,6.0,7.0,5.0,3.0,6.305948122755472,0,0,Insuffisant
4.90740800737897,4,7.61286681158515,7.4097146004353815,5.0,7.777176019335107,3.0,9.0,0.0,8.0,4.660686803034091,0,1,Insuffisant
3.92674443870685,4,12.97574371416624,5.1588335483270455,5.0,1.2096507679396766,9.0,1.0,0.0,9.0,11.404305329359287,1,0,Assez Bien
3.26894755031536,4,6.93387044938256,10.032576901112028,2.0,2.2601901822722237,3.0,6.0,1.0,2.0,7.8287066679307,0,0,Insuffisant
1.4842063408204154,5,19.165557463884408,3.8595266918363107,4.0,0.7112335792662456,2.0,7.0,0.0,4.0,8.074334889167892,0,0,Passable
4.792236068428263,0,15.535747515508127,9.464567659021663,9.0,3.6334886049756308,9.0,8.0,4.0,8.0,15.380376935322637,1,0,Très Bien
1.2381990649224943,3,11.0440151936011,7.077831656034661,1.0,3.170722736519882,8.0,6.0,0.0,5.0,8.826749316445177,0,0,Passable
6.9001399092240066,5,14.035880725492916,6.021066009316018,4.0,5.9655937578360945,8.0,8.0,4.0,1.0,13.829095207406413,1,0,Bien
5.206099382336258,6,5.27119347491223,7.334005843391477,4.0,8.63374368487719,2.0,1.0,5.0,6.0,4.449061219422922,0,1,Insuffisant
1.3561212513376737,8,19.831806659898454,8.466696014356362,6.0,7.726376829478675,6.0,10.0,1.0,9.0,8.280776340182227,0,1,Passable
4.226977307375341,3,8.934248857298286,9.733493473388794,3.0,0.9429063366098331,5.0,0.0,4.0,9.0,6.722114131148893,0,0,Insuffisant
3.1196089860235423,4,10.578259051352243,7.626286046267064,10.0,4.133399661314188,2.0,0.0,5.0,1.0,13.294262122915082,1,0,Bien
5.797936276047951,3,4.504233494840472,5.218607829475445,5.0,5.935951194773995,5.0,10.0,3.0,4.0,11.710910496091037,1,0,Assez Bien
8.35112611505786,4,12.702005566593131,7.111260247531577,8.0,5.671132524247166,4.0,3.0,0.0,1.0,14.353802180613128,1,0,Très Bien
0.312068825885639,4,7.127795450230119,10.633586473324746,3.0,9.78604489788538,9.0,0.0,2.0,7.0,2.2249846186157356,0,1,Insuffisant
5.287565197868543,5,11.355795165481101,9.695356171025248,10.0,3.450444420047676,1.0,6.0,2.0,3.0,7.765932615991889,0,1,Insuffisant
4.599668011083399,3,9.095039484764117,8.817526956248717,5.0,4.19523081844311,6.0,7.0,4.0,2.0,7.901679567634943,0,0,Insuffisant
6.678350191126164,2,7.227896227743798,8.591374040244773,8.0,9.60209818576613,7.0,2.0,1.0,8.0,9.326488988390263,0,1,Passable
5.5329915705942225,5,8.184734743830841,8.398900181213083,9.0,5.049792203914717,6.0,0.0,4.0,9.0,8.296995490907513,0,1,Passable
3.1200766706529524,6,11.790258119299324,9.31750966901974,0.0,2.507259365266533,5.0,2.0,5.0,7.0,9.975303759015127,0,1,Passable
4.2023651608334545,1,6.514781594959114,6.08674242855619,7.0,1.563019182376086,4.0,1.0,5.0,6.0,9.229275699875684,0,0,Passable
3.0099353579912775,6,8.37915915141748,4.289827868449988,0.0,4.522686543942249,5.0,5.0,4.0,10.0,1.8208857652930017,0,1,Insuffisant
7.690017846496495,6,13.321456834425673,7.138007001474123,3.0,6.6665117224249,9.0,10.0,4.0,6.0,11.972555615807561,1,0,Assez Bien
5.053279121679855,5,20.0,5.364836826444618,2.0,6.6344066252245435,5.0,6.0,3.0,9.0,7.845089875141696,0,0,Insuffisant
9.75297671438252,3,12.671560868435517,4.889958489245631,3.0,1.8196269011518944,10.0,8.0,5.0,5.0,11.422228257646424,1,0,Assez Bien
4.848347965463448,3,7.789584252379494,5.559442846824137,6.0,4.258195715102364,8.0,4.0,3.0,5.0,10.968062294459937,1,1,Assez Bien
3.2289830827238433,4,9.715100404746911,11.970627849067373,8.0,2.8728865041194593,7.0,3.0,4.0,2.0,11.675781911735667,1,0,Assez Bien
1.2157140184679323,3,11.110561521534024,7.272249268151688,8.0,3.6301585009905546,4.0,0.0,1.0,6.0,7.643613437687109,0,1,Insuffisant
0.49215080936013766,3,9.777012672775024,7.723815672721976,9.0,6.263925989004527,10.0,10.0,0.0,6.0,9.991225141376088,0,0,Passable
1.0396601424862757,1,14.160703583579265,4.555274385991492,0.0,3.875208972444359,5.0,5.0,5.0,6.0,7.924113959591226,0,1,Insuffisant
5.667816627528708,6,11.761157190549786,3.3124940824147404,9.0,5.631181363598415,7.0,10.0,2.0,4.0,12.460371412341592,1,0,Bien
6.271812558074835,5,14.177483347184545,5.361894713762388,0.0,5.706068756153419,6.0,7.0,3.0,7.0,9.678942241457287,0,1,Passable
1.0470232449196666,6,9.899446733958298,9.876391170417497,8.0,2.472573022751195,3.0,3.0,5.0,9.0,5.221469952274325,0,1,Insuffisant
7.237595785190289,4,15.639250769024398,7.6685509321530425,3.0,7.072334565042521,10.0,0.0,0.0,1.0,11.36411376808102,1,0,Assez Bien
3.7923473707914015,6,10.417300455014589,8.197190182888784,2.0,1.2619089484995074,3.0,4.0,3.0,3.0,8.072002515791871,0,1,Passable
5.366982529963874,5,7.600835458017029,8.477132078404123,8.0,0.8414897221997744,2.0,9.0,5.0,10.0,10.398091803871784,1,1,Assez Bien
9.030551570638561,3,18.620621333647776,5.817301240403444,4.0,2.8062226554874634,3.0,4.0,3.0,9.0,15.227142973646488,1,0,Très Bien
7.242098289663829,4,4.6125778856360915,9.775931167946736,5.0,1.5622898170037334,10.0,1.0,3.0,5.0,9.463665169877864,0,0,Passable
4.328673380235419,2,8.414414461432754,5.734384801555636,0.0,5.513260231952344,1.0,5.0,4.0,6.0,6.490627836562632,0,1,Insuffisant
2.7720194364617816,1,8.805402518593619,9.812464718525106,0.0,10.0,9.0,9.0,4.0,8.0,7.754591502382677,0,1,Insuffisant
0.0,5,19.779071955697972,7.884604312270682,6.0,6.8201631434731755,2.0,8.0,3.0,9.0,4.74719665435568,0,1,Insuffisant
3.20211670189395,3,17.32400609451279,3.4219096915073557,9.0,1.9575286316453067,3.0,5.0,3.0,8.0,13.29814163435768,1,0,Bien
4.472174402930764,7,16.228748502747692,5.50398102679893,7.0,1.5049820474213598,5.0,7.0,2.0,3.0,12.8844023426121,1,0,Bien
2.53205118212204,8,9.842694681682838,3.430122934255791,10.0,6.443674146737943,10.0,9.0,0.0,10.0,4.937487747589497,0,1,Insuffisant
4.671857582269238,7,19.491623013446212,9.326564265588416,7.0,1.040662995325604,4.0,2.0,0.0,1.0,12.69554700610066,1,0,Bien
5.19212970739692,6,12.2892320134434,6.950529158395198,6.0,1.5379929985797935,5.0,9.0,1.0,5.0,12.602386324241506,1,1,Bien
4.437860045479804,0,14.420421796060928,3.0,10.0,4.922671740963937,6.0,1.0,1.0,7.0,9.918029614773188,0,0,Passable
3.374993547941351,3,11.628933833871724,7.751493763439317,8.0,2.64527923649558,5.0,3.0,1.0,2.0,9.53161658331551,0,0,Passable
5.421636679916819,2,10.826867000368619,5.92567147522336,0.0,4.2983319361257095,10.0,8.0,4.0,1.0,8.299210917077927,0,0,Passable
6.104851623923523,6,10.118774641257673,4.032388289933353,1.0,3.1736678497808146,1.0,8.0,4.0,4.0,9.022136693832417,0,1,Passable
2.2740023063928847,6,10.266260023032933,10.355931673937395,2.0,3.9303116332234023,6.0,2.0,2.0,3.0,11.211234479663638,1,0,Assez Bien
8.527330949365675,7,13.129720770373275,7.214571732193157,4.0,6.18604036995683,9.0,0.0,4.0,4.0,11.475234403554474,1,0,Assez Bien
4.753529669289346,2,12.285199295713857,6.413137195373375,3.0,5.553799657232205,3.0,0.0,1.0,1.0,7.024486991577297,0,0,Insuffisant
5.047124057362119,7,10.889850204287107,6.201150438027966,3.0,6.292503873187206,2.0,3.0,5.0,2.0,12.138804149908633,1,1,Bien
6.770536058141393,1,16.28333397444599,3.9734410616844555,7.0,5.598178675965235,6.0,3.0,3.0,1.0,14.373882018556065,1,0,Très Bien
5.583040328158754,3,0.6163642594074421,4.390902200831781,7.0,5.771071751249349,3.0,10.0,1.0,3.0,5.834054824662609,0,1,Insuffisant
7.382841584783113,3,12.784605367724183,9.569833569750166,10.0,3.9945575258678265,4.0,9.0,2.0,4.0,18.07735752535593,1,0,Très Bien
5.71781041300456,2,13.512085473306428,6.052234260428562,6.0,0.36379910178149766,6.0,5.0,3.0,1.0,12.653774108414005,1,0,Bien
3.4689065633989054,2,15.014370038893095,7.044135401873727,0.0,3.7315886650022474,6.0,4.0,4.0,6.0,11.211630199744928,1,0,Assez Bien
5.903758813015254,1,10.772949956313235,3.0,9.0,4.789817295966574,2.0,5.0,3.0,2.0,11.369228028172333,1,0,Assez Bien
2.1406844816983455,3,11.72772023584385,4.363815928408989,3.0,4.1855523703220125,3.0,9.0,5.0,10.0,6.54078238731482,0,1,Insuffisant
5.271399264441308,7,14.450819341601525,8.219625039749506,0.0,5.049761884027323,9.0,6.0,2.0,5.0,7.432858443990213,0,0,Insuffisant
4.916925023388848,7,16.21908241498063,7.755423520227668,10.0,9.152441240397774,2.0,6.0,4.0,8.0,7.483932220090995,0,1,Insuffisant
4.479707856818651,2,9.948124051874311,10.50675039744863,4.0,2.7462088418674706,3.0,9.0,0.0,4.0,10.941298905415419,1,0,Assez Bien
4.678656221402673,0,11.93441524094646,9.685912663262453,2.0,2.9878621497104154,9.0,9.0,1.0,5.0,16.221627944786775,1,0,Très Bien
0.29537738625590215,3,16.87500887522065,6.538578055030354,2.0,7.021714757900684,4.0,8.0,5.0,9.0,6.31656296229542,0,0,Insuffisant
3.6281877306475963,6,3.5659052344240214,7.945907129426542,3.0,4.311426202560674,1.0,5.0,5.0,2.0,6.231439899456352,0,1,Insuffisant
5.232112252852787,9,8.584955900648952,6.366793114193852,1.0,5.13661970391432,2.0,7.0,1.0,2.0,7.5176195233607785,0,1,Insuffisant
5.399640979993501,2,16.130425925110373,11.109619637277298,6.0,2.520457843927959,3.0,1.0,2.0,6.0,15.539774263142887,1,0,Très Bien
2.4308121476851046,2,14.823882417629061,9.2980293921048,3.0,2.168857042424257,9.0,7.0,2.0,6.0,11.829737677676844,1,0,Assez Bien
8.164269602161752,4,12.82855823824343,7.339370181715503,4.0,0.9823213261023782,9.0,8.0,5.0,3.0,17.53365094844578,1,0,Très Bien
2.834562879463748,4,9.42991094411808,7.400789569752702,1.0,4.43097608674406,6.0,3.0,1.0,9.0,3.911262297445288,0,1,Insuffisant
7.423643001316842,2,7.913635253551032,9.889700574519615,5.0,1.5535186536690984,6.0,4.0,3.0,1.0,16.80344673634482,1,0,Très Bien
6.067985904679212,6,8.930745332651693,8.159155694227694,8.0,1.246568755738509,3.0,4.0,0.0,3.0,10.910794496500912,1,0,Assez Bien
3.3844317253904923,4,16.418028772865423,10.117256034140173,7.0,5.652616422961937,5.0,1.0,0.0,8.0,5.461344009905348,0,1,Insuffisant
9.43827723152378,2,8.800450587956288,3.0,7.0,2.4131531790741136,4.0,4.0,2.0,8.0,8.009968544785119,0,0,Passable
2.0159079206087998,6,11.354980374838803,7.922456522997597,1.0,0.9994001482969943,10.0,8.0,2.0,4.0,6.992696946807742,0,0,Insuffisant
7.2978854340250034,3,8.362023242983888,5.96913027063723,3.0,0.7415907891401505,10.0,3.0,3.0,8.0,9.530039755110355,0,0,Passable
7.501455795107446,3,13.949709105346594,10.512755975255985,7.0,6.2793072141286554,9.0,9.0,2.0,10.0,11.408251148941876,1,0,Assez Bien
3.3234494773083876,3,9.114458018787456,10.092797374379659,10.0,3.7337480413982584,9.0,2.0,0.0,8.0,10.327113144764395,1,0,Assez Bien
8.481163250160822,5,10.65842138445955,7.065671618202614,0.0,3.0016740828334094,1.0,6.0,1.0,1.0,8.795264736138591,0,0,Passable
4.374883713502618,2,5.108162534350111,10.071261957622063,7.0,4.428654621732361,8.0,7.0,5.0,3.0,10.457255696374228,1,0,Assez Bien
5.7217340731996424,6,5.353211173282711,10.566229039985013,2.0,4.190683888267677,9.0,9.0,0.0,1.0,8.218716478729371,0,0,Passable
5.650804596928052,3,11.026856176625271,7.148813343852295,7.0,2.676662932685559,5.0,5.0,3.0,2.0,10.995695872086621,1,0,Assez Bien
4.66422814632363,3,6.361949956807833,11.943867544863714,5.0,3.1657933827317173,4.0,5.0,1.0,4.0,9.79215917055074,0,0,Passable
7.0270206828994555,1,18.367803237670756,6.937317694660555,6.0,5.8268242052052175,10.0,4.0,1.0,3.0,18.789860215194587,1,0,Très Bien
6.983721801380533,4,3.784669107607127,6.570958099328182,1.0,6.061933018683336,4.0,10.0,5.0,6.0,8.309328784898085,0,1,Passable
0.6286700669045482,7,8.199386454675636,8.731745177168687,0.0,1.9045271614345318,2.0,5.0,0.0,5.0,3.0506111340937476,0,1,Insuffisant
8.260850607195382,4,11.058453035436427,6.292418537715372,5.0,7.1991848874806905,9.0,8.0,1.0,5.0,11.909420474969023,1,0,Assez Bien
0.8437700299108144,1,9.722034717714754,7.170679551589788,2.0,9.022643474500619,5.0,1.0,1.0,10.0,3.997108145518062,0,1,Insuffisant
7.581365510854143,1,7.135490901676283,9.81886884810182,3.0,3.2716248649970447,3.0,9.0,2.0,7.0,10.342652354015563,1,0,Assez Bien
7.816762842068958,2,7.647252561766562,7.038437704434541,8.0,3.211698167133472,6.0,10.0,1.0,7.0,11.842154302358304,1,0,Assez Bien
2.2725839244620043,4,7.532710728752665,3.6099644140493847,2.0,1.7544341743783347,9.0,2.0,3.0,9.0,4.249658547585357,0,0,Insuffisant
3.972964280113538,8,9.99647406812978,7.734638775698393,1.0,2.3285300434207548,9.0,0.0,1.0,8.0,6.937568475213121,0,1,Insuffisant
2.2357383287851604,3,17.831751813310984,5.6074128418952105,1.0,4.808679404352794,5.0,3.0,2.0,3.0,8.129680123878638,0,0,Passable
4.462697424278161,4,11.272780537953734,8.730542314589092,1.0,9.792384741448895,8.0,1.0,4.0,2.0,8.339915167361745,0,0,Passable
4.229914289535647,3,15.140151712856333,8.392379431652492,5.0,5.820849296093637,4.0,5.0,4.0,1.0,11.131119997640239,1,0,Assez Bien
6.94915133067335,4,12.774417210398497,9.942800696333045,1.0,3.169653675018748,5.0,0.0,3.0,10.0,11.064531147478528,1,0,Assez Bien
8.27577186529902,2,14.89851839293777,8.815064601585394,10.0,2.938181984039864,7.0,7.0,5.0,6.0,19.137202827497408,1,0,Très Bien
8.48920952697489,4,1.20012494092245,9.180488567316129,6.0,2.340357661769962,7.0,9.0,5.0,4.0,14.038229943121687,1,0,Très Bien
3.594579933554245,3,9.934396925981197,5.661806479724573,6.0,6.649744146335983,7.0,5.0,3.0,3.0,8.847267639925406,0,0,Passable
4.47694531563868,7,15.574973981027497,8.607972991781004,6.0,3.391916203984104,8.0,8.0,1.0,2.0,10.506821451847449,1,0,Assez Bien
0.7914045194476245,3,8.998924620377332,10.93690257872058,1.0,5.135673016669413,5.0,5.0,1.0,2.0,4.9531088978632285,0,0,Insuffisant
2.985324833759528,5,17.168656077043643,5.622700182726465,6.0,3.4081325679901058,1.0,9.0,4.0,4.0,8.311164826828808,0,1,Passable
7.412129082743644,3,16.193615538187167,10.599476583454196,9.0,9.295106279445404,9.0,6.0,4.0,1.0,18.80521310731376,1,0,Très Bien
9.03895705887058,0,9.358042493553882,5.901299817597339,7.0,2.6645290862238493,9.0,4.0,0.0,6.0,17.184714650729745,1,0,Très Bien
1.914127820300195,6,9.238927683337751,5.296057509900051,7.0,2.2416109217701967,7.0,7.0,4.0,10.0,5.02435001316185,0,1,Insuffisant
3.518839352117764,7,7.45237955175936,7.592400886709676,1.0,2.795699008226576,6.0,7.0,4.0,5.0,7.953117693437344,0,1,Insuffisant
4.933985607602683,5,8.796420188476707,8.43182083225762,4.0,5.06002472982496,5.0,9.0,3.0,10.0,8.14577659639041,0,1,Passable
5.700402897049017,4,6.685938275408796,8.82350024794453,5.0,7.58673642688626,5.0,8.0,0.0,9.0,4.986909621889026,0,1,Insuffisant
2.975991200195885,1,12.50083913151552,5.076475158453596,8.0,5.065418949708297,3.0,5.0,5.0,2.0,12.239298520349202,1,0,Bien
6.060152611160224,8,5.903837273287483,7.86908019450858,5.0,5.7664394499526495,10.0,0.0,0.0,9.0,2.519656421703928,0,1,Insuffisant
3.81540163232271,4,13.113065556665777,5.62889085703299,9.0,5.418951126638019,1.0,8.0,1.0,9.0,5.456611732534954,0,1,Insuffisant
4.963869322804302,0,13.19827543915087,4.022155487858846,5.0,0.0,6.0,2.0,1.0,10.0,12.282881421023454,1,0,Bien
6.365710620009249,3,5.185784581856272,5.142527368934431,9.0,3.9596549286609206,8.0,8.0,0.0,9.0,7.709851704534704,0,0,Insuffisant
5.016055674527345,3,16.42436512214919,5.498199268088364,9.0,3.2072733854557933,2.0,6.0,0.0,10.0,8.974879550743012,0,0,Passable
3.9090352736835783,3,12.797632530453276,8.043190320705014,5.0,3.6469217716716127,8.0,2.0,1.0,10.0,10.090745826227439,1,0,Assez Bien
4.725975490185423,3,13.623943075057042,9.304427326137336,8.0,1.942867249315415,8.0,8.0,3.0,4.0,11.953853174874862,1,0,Assez Bien
4.779092601986662,3,8.344671794600297,4.053586740249466,9.0,6.170769543444081,10.0,6.0,3.0,5.0,10.891585320647861,1,0,Assez Bien
4.074972425294681,5,13.178326914655916,7.703922148416112,6.0,4.121183542716894,8.0,6.0,3.0,8.0,7.569252968754138,0,0,Insuffisant
4.353009843332244,9,14.94237707402723,4.6466036284581875,0.0,4.106079862425999,10.0,6.0,3.0,8.0,8.591663126276426,0,0,Passable
8.996617926261791,4,10.65487060348363,8.258170818028,0.0,3.6319206928526815,3.0,1.0,1.0,1.0,13.790625599763207,1,0,Bien
6.402298619853097,1,18.006728607369265,5.754538837992504,3.0,2.426749963111556,10.0,10.0,2.0,10.0,15.98680476813973,1,0,Très Bien
4.2612992049270995,1,11.154226222195282,4.897341963953442,1.0,0.0,8.0,3.0,4.0,1.0,13.092521616884747,1,0,Bien
6.742386011276839,3,14.99275030158366,8.599329030695149,2.0,4.679210045667705,4.0,9.0,4.0,10.0,6.362319860398476,0,0,Insuffisant
4.165451275609975,2,12.025530825405292,5.82615478910981,6.0,4.283963864408546,3.0,7.0,4.0,6.0,8.313213756982572,0,0,Passable
7.932811593966603,3,13.049325364999037,6.368072097294603,6.0,5.335604447681596,9.0,1.0,4.0,7.0,12.420269773492295,1,0,Bien
5.924105480495235,1,5.150337063278298,3.0,2.0,4.180784600146218,8.0,3.0,1.0,2.0,15.185312635106161,1,0,Très Bien
4.731744639989428,5,12.29868808375377,8.893102722846947,1.0,1.301775465358205,10.0,9.0,2.0,2.0,10.469538550574738,1,0,Assez Bien
6.119292314525694,4,8.427587145599569,8.641817042338214,0.0,2.013008475115645,2.0,7.0,1.0,5.0,8.705307348743355,0,0,Passable
1.0728096198287518,10,8.037605929778092,7.010915688562628,8.0,7.348633539738824,8.0,2.0,2.0,9.0,2.647747403632543,0,1,Insuffisant
2.183081327725487,4,17.104361145630925,3.944838117288482,9.0,4.797340405177516,3.0,5.0,1.0,5.0,7.784226005052903,0,1,Insuffisant
2.0151874840023614,3,10.251804131781778,9.418738356669525,2.0,6.0080406755098466,10.0,1.0,0.0,8.0,8.68053925738979,0,0,Passable
5.357357736909266,5,7.488443591585762,5.667473227278418,8.0,6.297290983193228,6.0,7.0,2.0,8.0,7.270626666672031,0,1,Insuffisant
9.33128749871273,2,9.74303930161894,6.0932930997988235,3.0,1.540680777039896,5.0,7.0,4.0,5.0,14.041274907352058,1,0,Très Bien
10.57825036548158,3,6.448424198773302,11.624088112719061,9.0,3.1487378334733607,8.0,0.0,2.0,8.0,13.3944853115734,1,0,Bien
6.595127753601893,4,16.018595638686946,5.5927271117815405,5.0,5.702533219328897,9.0,2.0,5.0,8.0,16.15363420917861,1,0,Très Bien
6.252111187361143,2,8.565117395417197,8.484419924853,6.0,1.9611623074637459,7.0,1.0,3.0,5.0,14.868026385971742,1,0,Très Bien
0.4973556646181523,1,12.852549768802842,8.124184524165235,9.0,2.979387770669985,6.0,6.0,2.0,5.0,5.875429565744487,0,0,Insuffisant
3.6433155006649454,5,15.746373499736137,7.78034438576017,5.0,2.7015827987594268,6.0,6.0,5.0,4.0,10.848675101208961,1,0,Assez Bien
3.0305406202294027,6,9.249465615748447,7.564001085109021,0.0,2.154705769505872,1.0,3.0,3.0,1.0,7.606693862476181,0,1,Insuffisant
3.44788100437221,7,12.862078512954751,7.752777123778399,5.0,3.6746281865997754,5.0,7.0,5.0,9.0,6.558164695788885,0,1,Insuffisant
4.579640453538026,2,7.394698807834495,7.543881181881081,10.0,2.7854197590446312,8.0,2.0,3.0,2.0,9.689756207055224,0,0,Passable
3.8197735557571817,5,19.560193491897895,6.896163282447878,5.0,3.003635667396262,6.0,8.0,0.0,1.0,14.940769723884074,1,0,Très Bien
0.05175047406053057,5,14.277330471158177,10.022566248221484,4.0,4.671158377789901,1.0,4.0,2.0,6.0,4.139116715253673,0,1,Insuffisant
6.869775640293835,7,10.325877464337179,4.374678878401443,2.0,6.495220478744471,5.0,1.0,5.0,5.0,9.065744582177832,0,1,Passable
2.3181424356504836,5,8.295081941888627,9.042916208030753,9.0,5.911447599247351,5.0,8.0,0.0,1.0,5.472447884959739,0,0,Insuffisant
5.598117160277874,4,10.601012065061308,8.644684597375104,2.0,4.441023539180342,3.0,0.0,4.0,7.0,8.542225500724212,0,1,Passable
10.185206674374934,7,9.810056971769683,8.396798242658802,10.0,8.09844707863077,8.0,10.0,2.0,7.0,12.259639960964972,1,0,Bien
2.7015385210339415,9,17.835305938998275,9.233958855280257,9.0,5.647520392834812,9.0,7.0,1.0,3.0,8.356478242224341,0,0,Passable
0.0,3,6.710628472247842,6.814801209463214,6.0,6.0112509191932855,6.0,5.0,1.0,8.0,1.823848165898057,0,1,Insuffisant
4.284989445299723,5,11.471804981515712,3.2620518483462466,7.0,3.5923777206331335,6.0,0.0,1.0,6.0,8.97388100820607,0,0,Passable
7.7523990874964275,3,10.935816766782015,6.8554146805710285,2.0,3.0334625784717586,2.0,3.0,5.0,4.0,9.452403951311656,0,0,Passable
9.895868635551484,1,10.589063948792957,5.017611564750891,2.0,4.9400766589892395,10.0,2.0,5.0,10.0,16.656198770659532,1,0,Très Bien
1.926126013868958,5,10.619841707715802,5.536281580283872,6.0,6.265539708047664,2.0,6.0,3.0,10.0,2.4431014741939103,0,1,Insuffisant
6.2417480580913045,3,10.593752164578309,4.515160652335176,9.0,4.436108340242926,6.0,6.0,1.0,10.0,8.787701059801766,0,1,Passable
3.836723858049867,4,14.05573123216235,6.0453102831123315,6.0,2.417103616967117,8.0,5.0,4.0,3.0,10.257418415145764,1,0,Assez Bien
4.735129114239661,6,13.131445562723522,5.806752612033102,10.0,0.7910033908658707,2.0,9.0,5.0,1.0,12.260415610935027,1,0,Bien
11.610858367542587,3,12.466190639804752,3.0,8.0,0.04618274607586237,9.0,9.0,2.0,2.0,15.807804868899684,1,0,Très Bien
1.242574179012117,4,0.3810372324915594,8.40044382256458,5.0,4.1063678698684996,9.0,7.0,5.0,2.0,6.6239001235533665,0,0,Insuffisant
5.634349153736434,8,12.049282059571073,11.440643716009763,6.0,6.039905923654667,4.0,6.0,2.0,5.0,7.777593095127874,0,1,Insuffisant
6.1692329294135835,6,5.205262239404711,8.212474386992577,10.0,0.0,4.0,3.0,5.0,4.0,15.798023407098322,1,0,Très Bien
7.714465812348368,2,13.262120570975389,6.594152086931545,9.0,2.4813161384021405,4.0,6.0,3.0,2.0,13.404747707212513,1,0,Bien
5.244957883677238,3,16.160740786496802,6.890507208647569,0.0,2.0734290876427703,5.0,0.0,3.0,9.0,13.577495741242508,1,0,Bien
5.770126348760256,6,7.758163105940072,6.158028263973648,6.0,4.948165118226192,8.0,2.0,3.0,7.0,5.525422982751864,0,1,Insuffisant
4.020878581445523,1,10.083767471800526,7.180083167733916,1.0,2.3329791676196314,2.0,1.0,4.0,8.0,10.76332125631943,1,0,Assez Bien
5.672817353112769,2,8.90225503231451,6.925983811853532,6.0,0.9238645635134413,5.0,6.0,5.0,8.0,13.63641695792554,1,0,Bien
4.142019311256474,4,15.324011215148802,5.317903139203411,2.0,2.4775348791620946,2.0,8.0,2.0,2.0,10.430512783862309,1,0,Assez Bien
6.553929724640128,0,11.332597598452256,10.365776777895663,8.0,2.0857525744292618,8.0,4.0,5.0,5.0,15.65050409918104,1,0,Très Bien
4.075974159890915,2,17.049152831982166,4.025691528580458,4.0,4.032472984754284,1.0,8.0,0.0,3.0,11.006101104349911,1,0,Assez Bien
5.942750984755466,4,12.448139710315857,8.436663086388492,6.0,3.463020262285063,7.0,7.0,3.0,10.0,10.706938863619035,1,0,Assez Bien
4.9268429657875545,7,11.848575632225367,6.797604745364937,7.0,5.10620360192118,3.0,0.0,1.0,9.0,8.800225978579125,0,1,Passable
7.815125626930421,3,11.238723739109927,10.80166363013149,1.0,3.9843740029079577,4.0,10.0,0.0,9.0,11.911152613472456,1,0,Assez Bien
4.871515691028784,3,13.862972347400678,7.681729198496443,10.0,6.5374187129751125,8.0,1.0,0.0,6.0,11.445540095797075,1,0,Assez Bien
0.5674188294827962,3,4.918098306141299,6.280188925633503,0.0,2.8801469751617814,3.0,5.0,3.0,4.0,5.410918517329132,0,0,Insuffisant
8.154803751784979,6,11.298703844321786,6.504585603131005,6.0,5.550264799595702,7.0,4.0,1.0,8.0,12.222166113502743,1,0,Bien
2.7356692478434526,5,10.754837446952124,7.079813389039522,5.0,4.79462729553617,1.0,10.0,3.0,5.0,7.113439254037829,0,1,Insuffisant
3.3655841533779505,4,13.538965895052181,4.714418610007199,5.0,3.2615050758674267,9.0,6.0,3.0,3.0,12.989225183422523,1,0,Bien
3.51084676489127,2,10.34304437944087,5.466260949764177,1.0,5.719960026789068,6.0,8.0,1.0,8.0,8.879764633537869,0,0,Passable
8.436095232927043,5,7.364429480430655,3.430112061616285,2.0,1.9944403971432134,3.0,3.0,0.0,6.0,11.657818035251962,1,0,Assez Bien
0.0,6,11.025727362218946,5.154046203251812,3.0,7.099591730537824,7.0,7.0,0.0,5.0,1.7640542172917375,0,1,Insuffisant
12.0,2,7.210058148960798,7.1878129633209,2.0,2.059069454398884,5.0,3.0,5.0,1.0,19.743966097683785,1,0,Très Bien
7.640142022665129,4,4.261582255943801,7.6003500985690415,1.0,0.6483801526393327,8.0,2.0,1.0,3.0,8.689205157354642,0,0,Passable
5.5580972853229,2,13.544928685199226,3.0413406100071962,2.0,0.45315494441208104,8.0,1.0,0.0,7.0,13.165643472487139,1,0,Bien
4.8627649984592844,3,13.026715504431348,6.725576593911599,5.0,4.227726966211481,9.0,7.0,4.0,3.0,14.675312766760113,1,0,Très Bien
5.713885187144142,6,12.63481830397751,8.126819901644264,8.0,2.5895868676900546,6.0,10.0,3.0,1.0,15.765041630633233,1,0,Très Bien
6.302806070948346,3,15.560249476810338,6.674175613247529,3.0,4.4530994450789185,4.0,7.0,4.0,8.0,8.613604214168324,0,0,Passable
6.613038964875143,1,8.672388383936262,5.7324227084444,5.0,1.243296306025639,2.0,10.0,4.0,7.0,13.476009517878417,1,0,Bien
6.389011165008621,3,5.9911005003006075,6.175677709903573,0.0,5.217461585754044,3.0,2.0,5.0,5.0,6.7526823440509025,0,1,Insuffisant
5.223951703138122,7,10.754895781171845,5.918473290045556,5.0,4.460166859520829,5.0,0.0,5.0,10.0,8.915131633582437,0,1,Passable
4.506653949231684,6,9.783748951029313,5.726538881783886,2.0,2.8562830721604255,8.0,5.0,5.0,5.0,6.353505646163615,0,0,Insuffisant
4.62181679086622,1,8.05196499130476,7.347647050489697,8.0,5.562134367022825,10.0,4.0,4.0,6.0,11.16394452477277,1,0,Assez Bien
4.5127292991182975,3,10.720527962792714,11.615376455470901,3.0,5.437649495977412,2.0,7.0,2.0,7.0,10.043940411657099,1,1,Assez Bien
7.8344252421676615,7,8.859381988283953,5.5126001661896336,6.0,4.230189112826495,5.0,5.0,2.0,3.0,8.452214354042466,0,0,Passable
6.483891805702155,4,4.573981508251091,6.3637147346771465,3.0,6.218205091238637,9.0,3.0,4.0,4.0,10.183436868654681,1,0,Assez Bien
0.0,3,9.455881582221838,6.896604121249537,10.0,6.776247468089447,2.0,9.0,3.0,1.0,6.6068199001598185,0,1,Insuffisant
6.639751941324402,0,7.022686916536499,5.625291131283413,5.0,2.0286079557919274,8.0,9.0,4.0,7.0,14.949221107678161,1,0,Très Bien
5.486840486796937,6,11.81076825063823,9.196471607046853,6.0,6.8311407416928995,3.0,10.0,4.0,10.0,8.88407188026089,0,1,Passable
4.9532281088852566,4,8.703878346157708,3.0,1.0,1.7523300045502923,8.0,1.0,5.0,2.0,6.703032545920977,0,0,Insuffisant
4.028703867277786,6,14.89071015949368,5.937881659242649,9.0,5.928851252707254,4.0,7.0,5.0,7.0,8.927687552251903,0,1,Passable
7.810281799965034,6,16.61353123543753,8.636627472639924,5.0,6.368024769814085,4.0,4.0,5.0,6.0,12.41343331406485,1,0,Bien
7.368816155307145,2,13.37783480554167,6.411811383222733,7.0,3.563370513113089,7.0,7.0,2.0,4.0,14.61428358799989,1,0,Très Bien
3.067805830440977,5,5.57140836305838,5.358322082299417,5.0,3.8668418669652174,5.0,4.0,4.0,2.0,10.45083932423876,1,1,Assez Bien
6.017630717811338,4,16.26818599607664,7.8815135088775286,1.0,3.2524288627828506,4.0,5.0,3.0,7.0,12.749620172627733,1,0,Bien
2.570858163646785,6,16.51502157630818,8.812686470794304,3.0,1.9389762138612747,7.0,9.0,3.0,7.0,9.159179618850736,0,0,Passable
1.5509545880276736,4,11.065766789577793,7.421270890430117,0.0,2.4055430354793574,3.0,4.0,5.0,5.0,8.605063318785861,0,0,Passable
3.433206938525087,4,15.630241561174362,5.397559280374233,6.0,5.241547678198047,9.0,10.0,5.0,9.0,9.22417865690358,0,0,Passable
7.155983680956897,2,9.069137016836626,7.912406638303486,7.0,6.1392396002578185,5.0,2.0,4.0,3.0,11.752835935835995,1,0,Assez Bien
7.382812613440217,5,4.468139228026437,6.19590139945042,9.0,3.963906028570606,3.0,9.0,3.0,9.0,7.545786866968498,0,0,Insuffisant
6.2827135502432325,5,8.339004464824422,8.490373763787655,1.0,1.4747249363442538,2.0,7.0,4.0,5.0,9.719941048540322,0,1,Passable
6.812739467119993,3,17.05255303115665,9.966517769713182,9.0,1.1343930247679257,7.0,2.0,2.0,2.0,14.914411711147809,1,0,Très Bien
6.290445717787396,4,5.781220267359842,3.0,4.0,3.7347065044269367,7.0,3.0,4.0,9.0,8.8948317406449,0,1,Passable
3.3962960119426193,5,10.99832448676023,7.222134946391265,10.0,2.681014101767132,5.0,5.0,5.0,1.0,10.834597164073262,1,0,Assez Bien
6.0798063616848514,6,11.119503626690742,3.5285321261047455,7.0,6.965533285106272,4.0,1.0,0.0,1.0,8.062496169983126,0,0,Passable
7.001023813069206,5,9.20459014611266,11.883577170659542,10.0,2.2442831568855945,2.0,6.0,2.0,7.0,15.123621696803317,1,0,Très Bien
6.885728324533936,7,9.447674400570097,6.063750932407619,7.0,5.4934482989774,2.0,4.0,3.0,3.0,10.567708115114847,1,0,Assez Bien
7.972283428686607,5,11.25287196982671,8.492746483650745,4.0,2.448459939909921,7.0,9.0,3.0,8.0,16.109850715249667,1,0,Très Bien
6.77075961800266,2,9.032431803228455,6.929366280810209,7.0,3.2912540963853787,10.0,4.0,5.0,7.0,8.892165851007624,0,0,Passable
5.878620518853957,7,6.022795259912241,5.393830838561881,5.0,4.430363521655672,7.0,4.0,5.0,7.0,9.58970068245893,0,1,Passable
7.675375595791069,1,11.752611800302097,5.155893905645146,4.0,5.298957069212531,4.0,1.0,2.0,1.0,13.58163373279336,1,0,Bien
4.933696851877349,5,14.756783038557403,10.171358346201519,10.0,5.056399944831719,4.0,10.0,5.0,1.0,12.267834989092716,1,0,Bien
2.7953133719307055,6,14.043503815286973,8.911876120356622,3.0,2.600302186055668,4.0,9.0,0.0,2.0,7.655217130816455,0,0,Insuffisant
4.5923325901405905,4,8.165925864135659,10.887168174755127,4.0,4.250868979378382,2.0,8.0,2.0,2.0,6.672263382594462,0,0,Insuffisant
3.1377433879838774,4,6.620702296178135,7.110906670315399,3.0,3.0630345261010707,9.0,2.0,5.0,5.0,6.980193736412341,0,0,Insuffisant
