heures_etude,absences,notes_precedentes,heures_sommeil,participation,reseaux_sociaux,motivation,soutien_famille,activite_extra,stress,note_finale,reussite,risque_abandon,niveau
5.993428306022466,1,13.836809430316178,9.274174270532566,1.0,5.961336157267447,5.0,6.0,5.0,1.0,20.0,1,0,Très Bien
4.72347139765763,1,7.321692662621324,4.738670583049869,7.0,3.123502873996577,3.0,10.0,4.0,4.0,18.845909883759248,1,0,Très Bien
6.295377076201385,4,8.766837762625196,7.015031727610854,9.0,2.282880144945127,10.0,7.0,4.0,10.0,20.0,1,0,Très Bien
8.046059712816051,1,13.02947566259225,5.966958349832148,8.0,1.495327215940701,9.0,8.0,3.0,6.0,20.0,1,0,Très Bien
4.531693250553328,3,13.868832091239923,6.533542800270892,7.0,2.229214798712132,5.0,8.0,5.0,7.0,20.0,1,0,Très Bien
4.531726086101639,1,13.924624934808037,7.603774314602982,1.0,1.8015213611828667,7.0,9.0,3.0,3.0,20.0,1,0,Très Bien
8.158425631014783,2,9.638891163200103,8.004157557313702,7.0,2.7659685568505106,1.0,10.0,5.0,9.0,20.0,1,0,Très Bien
6.534869458305818,5,9.06520305220128,6.831810334582983,2.0,5.530089730229919,2.0,2.0,3.0,4.0,16.841503817781412,1,0,Très Bien
4.061051228130096,4,10.480095498636242,4.129989497915796,2.0,0.8110366407369942,4.0,7.0,3.0,5.0,16.855632561638625,1,0,Très Bien
6.085120087171929,3,12.719618256854176,5.5524316291357305,8.0,0.9163743657304151,9.0,0.0,2.0,8.0,20.0,1,0,Très Bien
4.0731646143750755,3,16.456432107817648,8.34474950530025,8.0,2.6480467364070526,5.0,6.0,4.0,3.0,20.0,1,0,Très Bien
4.068540492859486,5,5.857688442687749,3.0,8.0,0.9556161744712579,5.0,4.0,2.0,8.0,17.55248782237267,1,0,Très Bien
5.483924543132068,3,11.3378137291249,8.781140727522999,3.0,1.5270952406837548,9.0,1.0,3.0,1.0,20.0,1,0,Très Bien
1.1734395106844042,2,8.001964676924388,7.781844985966812,6.0,3.508739828415756,8.0,1.0,2.0,8.0,15.952861914919321,1,0,Très Bien
1.5501643349739345,1,7.043271967939531,8.974264122295033,7.0,2.921094311681493,2.0,7.0,4.0,10.0,19.796019352389564,1,1,Très Bien
3.8754249415180544,2,14.90086993603445,6.70214621967856,4.0,3.6577644233392475,7.0,4.0,4.0,8.0,20.0,1,0,Très Bien
2.9743377593311524,1,13.633873723498017,3.9078918639656424,0.0,3.8865870303924437,1.0,10.0,3.0,6.0,18.60717106424532,1,0,Très Bien
5.628494665190548,2,13.348300547841786,7.645543962259747,8.0,5.013890890763768,10.0,2.0,4.0,5.0,20.0,1,0,Très Bien
3.1839518489575784,1,14.76307751919298,8.911979686057512,5.0,3.568550058168218,9.0,0.0,2.0,9.0,20.0,1,0,Très Bien
2.175392597329417,3,10.560843309701593,8.387082708270132,2.0,4.807471473809689,3.0,10.0,1.0,6.0,17.465561582055066,1,0,Très Bien
7.931297537843108,3,10.702087450999414,6.005962774767947,2.0,3.1606117549481834,2.0,6.0,4.0,1.0,20.0,1,0,Très Bien
4.548447399026928,6,18.557191850167722,7.13014161319397,9.0,3.5856450929201076,4.0,10.0,2.0,6.0,20.0,1,0,Très Bien
5.1350564093758475,5,11.260286837221276,6.200745596830114,0.0,3.5662808697055493,4.0,2.0,2.0,1.0,18.44294410118909,1,0,Très Bien
2.1505036275730864,6,14.205396339162274,5.771100303715942,7.0,3.426837001533516,3.0,6.0,2.0,6.0,16.034135298648117,1,0,Très Bien
3.9112345509496347,1,12.019144622889945,8.433082856769776,1.0,3.308513218412163,2.0,1.0,4.0,3.0,18.845658817085877,1,0,Très Bien
5.2218451794197325,2,6.455224409764755,5.203701533102256,0.0,5.731475653362993,5.0,3.0,1.0,6.0,18.085619213602605,1,0,Très Bien
2.6980128451553944,4,5.866112988596195,5.6592753541275815,6.0,4.047144318744013,4.0,1.0,3.0,6.0,12.516065969233152,1,1,Bien
5.751396036691344,2,10.263047340180286,5.3439615497914215,10.0,2.328918865163978,5.0,3.0,3.0,1.0,20.0,1,0,Très Bien
3.79872262016239,1,15.168303755009967,4.76462871505143,8.0,6.515137453544766,8.0,4.0,4.0,9.0,20.0,1,0,Très Bien
4.416612500413446,4,14.364874969908012,7.219621437763905,5.0,2.4344203915497324,2.0,7.0,4.0,8.0,20.0,1,0,Très Bien
3.796586775541206,4,14.7422314926721,8.742254572722963,7.0,2.9921570418371353,9.0,1.0,0.0,2.0,19.543799079834823,1,0,Très Bien
8.704556369017876,1,9.038861463191054,6.722684865632101,7.0,1.754053885206969,10.0,9.0,5.0,2.0,20.0,1,0,Très Bien
4.973005550524132,4,16.84761747036694,4.74137829915375,8.0,4.075668797442102,1.0,2.0,1.0,5.0,20.0,1,0,Très Bien
2.8845781420881993,3,9.105320099440847,8.259916809613042,6.0,5.535353304268966,8.0,9.0,2.0,10.0,19.36854909774903,1,0,Très Bien
6.645089824206378,1,12.638473196009906,9.528552631052458,8.0,0.7632518771265633,5.0,4.0,5.0,2.0,20.0,1,0,Très Bien
2.5583127000579555,2,11.96894313027679,6.030636513780108,8.0,2.583943620829063,2.0,10.0,2.0,1.0,18.028511898978973,1,0,Très Bien
5.4177271900095105,1,11.47837853905624,6.2821685999234225,10.0,4.674920503766884,8.0,8.0,5.0,2.0,20.0,1,0,Très Bien
1.0806597522404489,2,16.015776414886822,7.773490945125092,0.0,1.4110240288522307,5.0,9.0,3.0,5.0,14.41158875254049,1,0,Très Bien
2.343627902203139,2,9.884668439502118,9.432810621677577,5.0,3.861573383223017,10.0,10.0,5.0,10.0,18.300760675205076,1,0,Très Bien
5.393722471738247,3,7.951184232864216,6.2202487814121605,7.0,1.0478389863849582,10.0,4.0,4.0,7.0,20.0,1,0,Très Bien
6.476933159990821,4,12.059986458619258,5.001325328502693,9.0,3.6118962261389873,3.0,8.0,1.0,5.0,20.0,1,0,Très Bien
5.342736562379941,4,10.80051979714042,7.94712790940861,8.0,3.1167263311249243,7.0,3.0,3.0,1.0,20.0,1,0,Très Bien
4.768703435223519,0,20.0,8.198602109713448,3.0,7.976374486197953,4.0,9.0,5.0,7.0,20.0,1,0,Très Bien
4.3977926088214225,3,14.029522429319925,7.00919717565284,1.0,4.116702259505637,10.0,4.0,1.0,6.0,20.0,1,0,Très Bien
2.0429560192651453,0,10.771978274344127,6.162800110513824,10.0,0.0,6.0,8.0,4.0,7.0,20.0,1,0,Très Bien
3.5603115832105825,3,8.831665292438739,8.49156809648807,8.0,2.887880697376868,10.0,3.0,2.0,2.0,19.227894971652475,1,0,Très Bien
4.078722458080425,1,6.359134768293646,7.792054006821946,8.0,4.236444116528376,8.0,4.0,0.0,5.0,19.421588966337893,1,0,Très Bien
7.114244452437831,4,8.924342742787701,5.84734672464476,7.0,2.380263589142436,1.0,4.0,1.0,8.0,20.0,1,0,Très Bien
5.687236579136923,5,12.344825315277395,7.073642096958507,2.0,2.315144130133892,2.0,3.0,2.0,7.0,20.0,1,0,Très Bien
1.473919689274532,1,16.281985954784307,4.97243870196303,4.0,2.3883830815481097,8.0,3.0,1.0,6.0,17.11905067558464,1,0,Très Bien
5.64816793878959,3,15.365067427163757,8.02883568465688,1.0,3.8207390297487365,7.0,10.0,1.0,6.0,20.0,1,0,Très Bien
4.229835439167367,3,12.687284494939139,6.6066496459257165,2.0,1.117095035595439,10.0,4.0,1.0,1.0,20.0,1,0,Très Bien
3.6461559993880828,3,11.030497002892545,6.346433751422895,0.0,2.157711510252475,9.0,5.0,4.0,1.0,18.55272387793721,1,0,Très Bien
6.2233525776817356,2,12.806437069236463,6.950688272271349,3.0,4.549470221671043,2.0,6.0,3.0,7.0,20.0,1,0,Très Bien
7.061999044991902,3,10.444086007546272,7.060461548995372,4.0,2.2694107204036458,8.0,5.0,1.0,3.0,20.0,1,0,Très Bien
6.862560238232398,3,17.155091987291627,8.34239509234834,1.0,2.179641062860571,6.0,0.0,4.0,6.0,20.0,1,0,Très Bien
3.3215649535547227,4,11.43242945617476,7.886635796987832,2.0,0.935465063246895,1.0,1.0,0.0,5.0,16.09204496054797,1,0,Très Bien
4.381575248297571,3,11.74098642525982,6.765386081810796,5.0,3.968870883061557,4.0,6.0,3.0,3.0,20.0,1,0,Très Bien
5.662526862807128,1,5.352532724937996,8.145502224578493,5.0,3.6381591108974614,2.0,2.0,4.0,6.0,19.624786397375807,1,0,Très Bien
6.951090254244718,2,11.413695460431708,7.601105880537419,6.0,4.458546630850957,7.0,9.0,0.0,3.0,20.0,1,0,Très Bien
4.04165152430942,4,14.509452413894824,6.360100545570944,8.0,2.8306000152571316,9.0,10.0,3.0,8.0,20.0,1,0,Très Bien
4.628682046672366,1,8.796832268884364,6.812922762645271,3.0,3.473673155519389,6.0,1.0,4.0,7.0,20.0,1,0,Très Bien
2.7873300519879436,4,9.747838996521562,6.777665666735319,4.0,3.4610542453755233,4.0,5.0,0.0,9.0,15.200935420255716,1,0,Très Bien
2.6075867518386584,2,14.378133053200994,7.757892014761302,10.0,0.8625178323275611,5.0,10.0,4.0,5.0,20.0,1,0,Très Bien
6.625051644788396,1,7.57002832944584,6.4494660779175375,1.0,6.530167828827122,1.0,3.0,0.0,1.0,18.953726821033634,1,0,Très Bien
7.712480057141645,5,15.173403022625756,6.41438622036755,5.0,4.467087705568187,4.0,10.0,1.0,10.0,20.0,1,0,Très Bien
4.855979756839332,6,10.403568329480693,9.953135964150938,3.0,3.1184998091284797,10.0,4.0,1.0,8.0,20.0,1,0,Très Bien
7.007065795784048,1,10.834295338526392,8.409603222620657,4.0,2.6636766740922235,3.0,5.0,3.0,2.0,20.0,1,0,Très Bien
5.723272050095268,7,8.628364784623217,5.859099003362291,6.0,4.98593144832992,9.0,2.0,0.0,6.0,16.953276766093126,1,0,Très Bien
3.7097604907897512,4,13.13413878128365,7.856411490913297,5.0,3.1438855736989377,6.0,0.0,1.0,1.0,20.0,1,0,Très Bien
5.722791211016828,3,19.37961595508814,7.177525098482766,7.0,4.370433587763106,4.0,2.0,3.0,6.0,20.0,1,0,Très Bien
8.076073132931938,3,14.344491718381896,7.58732676289014,5.0,2.1329663880865746,3.0,2.0,2.0,4.0,20.0,1,0,Très Bien
4.928347921780097,0,9.407144214178393,7.206011986847657,9.0,1.6868260523276923,4.0,5.0,1.0,5.0,20.0,1,0,Très Bien
8.129287311628012,3,15.406861756474427,8.784463968227854,7.0,2.7573956284160563,8.0,3.0,1.0,10.0,20.0,1,0,Très Bien
0.0,3,11.049961362197251,7.518430516977169,3.0,3.0158662962333733,5.0,6.0,5.0,7.0,13.544876171051726,1,0,Bien
6.643805008750448,1,16.123454944282678,6.906866952678569,6.0,3.6352824596201927,1.0,10.0,4.0,6.0,20.0,1,0,Très Bien
5.174094136476342,0,14.420029206493089,8.563285865474526,2.0,5.200348603927196,5.0,1.0,2.0,1.0,20.0,1,0,Très Bien
4.401985299068265,2,3.170575303584801,7.349927561631808,0.0,4.6680477781349055,8.0,3.0,0.0,9.0,12.966073386457019,1,0,Bien
5.183521553071005,4,8.987761101134918,7.182217868993587,8.0,4.977010145193141,4.0,7.0,3.0,6.0,19.944704100728913,1,0,Très Bien
1.0248621707982144,6,14.83315566850617,7.471033903729172,8.0,1.901085850082806,2.0,10.0,2.0,6.0,16.534516467615365,1,1,Très Bien
4.560656224324976,3,12.454971816435053,6.85958646495045,5.0,2.557605734746793,3.0,5.0,0.0,9.0,19.542757160201425,1,0,Très Bien
5.7142251430234925,3,8.928732156876448,7.013840489493203,1.0,4.451993357502635,9.0,9.0,1.0,10.0,17.832461578448545,1,0,Très Bien
7.955788089483033,2,10.099231453518563,6.119958116857191,7.0,4.822421203999558,7.0,2.0,5.0,5.0,20.0,1,0,Très Bien
3.9634595634527052,1,6.281290139731858,5.873249170564182,9.0,4.1127780398498786,3.0,9.0,3.0,6.0,18.66260015238335,1,0,Très Bien
3.3830127942136246,0,11.734880137420811,5.502144420276341,5.0,2.155926969642491,5.0,1.0,3.0,6.0,19.493773035247642,1,0,Très Bien
3.996485912830927,2,18.632069178047292,4.912025069804386,6.0,1.4375731498087532,3.0,2.0,2.0,7.0,20.0,1,0,Très Bien
6.830804235404148,6,14.414800172196976,5.680423957923165,0.0,3.3494664672854406,10.0,0.0,4.0,9.0,18.85975691540623,1,0,Très Bien
5.657502219319369,6,18.57125100356527,6.738599448299611,2.0,1.662412799583361,4.0,0.0,0.0,5.0,20.0,1,0,Très Bien
3.9404795924659224,3,14.64719126936994,7.1546763736684555,0.0,3.69096165292348,8.0,1.0,5.0,5.0,18.82022111751656,1,0,Très Bien
6.026534866226712,3,15.082438030058075,6.593055155278539,9.0,4.876027860117777,3.0,2.0,5.0,4.0,20.0,1,0,Très Bien
5.194155098696081,2,17.922236063235072,3.466444764808963,0.0,3.2836333855664903,3.0,8.0,2.0,10.0,20.0,1,0,Très Bien
6.937289981065779,5,13.131789778026679,9.361879536643514,10.0,1.041256160742517,8.0,7.0,4.0,4.0,20.0,1,0,Très Bien
3.5958938122452953,3,11.438318035479359,8.629720184335573,0.0,2.2360562408991296,10.0,10.0,4.0,8.0,20.0,1,0,Très Bien
4.3446757068044635,2,15.097972549866036,7.668639776825693,3.0,4.297024904244767,10.0,10.0,4.0,2.0,20.0,1,0,Très Bien
4.215783693735685,2,16.361520711365657,9.861236008829902,6.0,3.7108821367751803,7.0,8.0,3.0,10.0,20.0,1,0,Très Bien
2.072970103735763,2,10.560106071863373,5.533953823774434,6.0,3.830838600379348,7.0,6.0,0.0,8.0,14.486171324376562,1,0,Très Bien
5.592240554129152,3,9.835292752979912,9.831437680939008,4.0,5.653444287938616,10.0,6.0,0.0,2.0,19.89696866927871,1,0,Très Bien
5.522110544359778,1,12.416568097292641,5.552178884874178,5.0,3.523603797639101,2.0,4.0,2.0,1.0,20.0,1,0,Très Bien
5.010226913284922,6,14.494496600794985,7.358106887937035,1.0,3.4762856433738842,7.0,6.0,1.0,10.0,20.0,1,0,Très Bien
4.530825733249706,4,14.394273145984684,5.0892440122986935,4.0,4.28501309720188,10.0,3.0,2.0,9.0,20.0,1,0,Très Bien
2.1692585158991715,6,7.727497199437202,7.02204114331655,6.0,1.2402571439897614,10.0,4.0,0.0,8.0,14.957310148161945,1,0,Très Bien
4.158709354469282,2,17.734818201189967,7.579249746997583,8.0,2.332334639125885,3.0,0.0,3.0,6.0,20.0,1,0,Très Bien
4.314570966946461,5,10.07650521180945,6.767964503298168,5.0,1.8922707912285084,7.0,10.0,2.0,4.0,20.0,1,0,Très Bien
3.395445461556762,2,11.204805009334262,8.070816166135206,9.0,3.9823710669753662,4.0,3.0,1.0,2.0,18.957330834849508,1,0,Très Bien
4.677428576667982,3,9.29203692003654,7.148521674230886,3.0,1.6213465057354457,8.0,2.0,5.0,8.0,20.0,1,0,Très Bien
5.8081017136290765,6,20.0,6.216377907433737,2.0,3.845171863185117,8.0,1.0,2.0,3.0,20.0,1,0,Très Bien
8.77237180242106,6,12.726212010863902,6.149780023296492,8.0,2.6748454784163442,6.0,1.0,4.0,10.0,20.0,1,0,Très Bien
5.349155625663678,5,9.447074757955306,8.216370658923545,6.0,2.465766134320165,3.0,7.0,1.0,4.0,20.0,1,0,Très Bien
5.515100781445529,4,14.591770649887337,6.019386955289549,10.0,4.367740805592775,6.0,0.0,4.0,5.0,20.0,1,0,Très Bien
4.851108168467666,3,14.3074073379301,8.373104455727406,5.0,1.001752526707192,6.0,7.0,3.0,4.0,20.0,1,0,Très Bien
1.162457569401917,1,11.436818929260347,8.834067689247895,6.0,2.266974230477681,3.0,8.0,0.0,8.0,17.557761004700122,1,1,Très Bien
4.946972249101567,4,14.521820138350149,4.4969292064808055,7.0,7.394280336972106,4.0,5.0,2.0,9.0,20.0,1,1,Très Bien
5.120460419882053,3,9.524124117507407,8.699389580951552,4.0,5.775627771231788,2.0,0.0,2.0,1.0,18.535651059694118,1,0,Très Bien
9.926484224970572,4,10.521245175152243,10.090634047667049,2.0,0.278377570426076,1.0,9.0,4.0,2.0,20.0,1,0,Très Bien
4.615278070437755,2,5.969350036301812,7.3780056418028925,2.0,2.2386649085694597,2.0,6.0,4.0,4.0,16.680288246606224,1,0,Très Bien
5.603094684667225,2,8.028146747341312,7.898626277942234,1.0,3.09422301053345,7.0,4.0,0.0,1.0,20.0,1,0,Très Bien
4.9305764605895135,4,17.422892417012058,8.555507986553739,7.0,0.8831896263243171,10.0,8.0,2.0,6.0,20.0,1,0,Très Bien
2.662643924760936,4,16.924285883166945,6.586776527231467,0.0,6.027046540236347,5.0,6.0,0.0,5.0,17.709963280584297,1,0,Très Bien
7.285645629030041,1,12.197365945946888,7.273420335306804,7.0,3.044371834041516,9.0,4.0,4.0,7.0,20.0,1,0,Très Bien
6.503866065373549,2,16.988794341569513,5.0287007055653365,2.0,2.7211175308214552,3.0,1.0,5.0,6.0,20.0,1,0,Très Bien
6.582063894086094,4,11.519776540175085,7.2079525427956765,8.0,3.5715978595535276,2.0,3.0,4.0,3.0,20.0,1,0,Très Bien
3.181225090410522,2,11.269769092296276,7.747167993466812,10.0,3.5476954684859408,4.0,1.0,1.0,5.0,15.09553845654303,1,0,Très Bien
7.805588621872198,3,12.169531945396669,7.7742445343897035,1.0,1.718468239406157,2.0,8.0,4.0,3.0,20.0,1,0,Très Bien
2.1962978744154382,5,11.625235214029304,8.59813708539637,9.0,4.972927117633183,7.0,1.0,4.0,9.0,16.576422491456423,1,0,Très Bien
6.173714187600541,2,11.354411029319458,5.837796732796706,8.0,3.2430539087649017,10.0,1.0,5.0,2.0,20.0,1,0,Très Bien
9.380911251619956,2,15.430194321448658,6.201089864989755,5.0,4.963119838449212,6.0,1.0,0.0,6.0,20.0,1,0,Très Bien
3.0189273497386235,2,12.450406961868609,9.843261018987032,0.0,2.1365424476966144,8.0,0.0,1.0,9.0,18.292993788608463,1,0,Très Bien
3.867404540794456,2,14.137445293301413,6.774507439354435,4.0,0.3061054525439326,5.0,8.0,1.0,10.0,20.0,1,0,Très Bien
5.199302730175282,4,15.094141575831992,7.300050680968492,9.0,5.155936364792794,2.0,7.0,2.0,7.0,20.0,1,0,Très Bien
3.9930486917676014,2,13.1645573869642,6.8994849374121685,8.0,4.110594699972934,4.0,1.0,5.0,5.0,20.0,1,0,Très Bien
1.8986731378677346,2,9.089186022275284,5.767478760542467,5.0,4.752324202555949,1.0,1.0,3.0,2.0,12.705371955908943,1,0,Bien
5.137125949612055,3,7.941402333107884,9.435293816337708,6.0,4.844598165771819,2.0,4.0,2.0,2.0,18.618039460612593,1,0,Très Bien
2.8753925725477902,2,12.446341904421915,6.208447882119091,3.0,3.028927216603325,4.0,3.0,2.0,4.0,16.205018056269225,1,0,Très Bien
5.9471848612703635,2,11.486231085525196,5.309071714439606,0.0,2.4496022213377913,6.0,1.0,2.0,10.0,17.643870039140225,1,0,Très Bien
3.1611515315323935,2,12.262174286760365,6.323889584045872,4.0,2.86248297252362,4.0,7.0,1.0,2.0,17.293598401388728,1,0,Très Bien
8.09986881003508,5,11.95183788225424,3.9974409974117,1.0,3.8271398561005356,4.0,7.0,0.0,8.0,20.0,1,0,Très Bien
3.4334934153275256,4,19.7507209804997,6.023068802525227,7.0,3.415557682244309,10.0,3.0,4.0,10.0,20.0,1,0,Très Bien
4.355876967588649,4,8.009321233075987,5.54780710322151,3.0,0.25622858837279905,10.0,3.0,1.0,7.0,18.047737603763057,1,0,Très Bien
6.62703443473934,4,6.030161190536626,7.9261429463909865,0.0,2.8222506997400245,2.0,8.0,4.0,7.0,19.161111361857216,1,0,Très Bien
2.5382713671320896,4,12.997130500558828,5.989878640660192,9.0,5.1208453998497685,9.0,3.0,4.0,3.0,20.0,1,0,Très Bien
5.4549198692082586,4,10.870732336235413,8.331705903368272,6.0,2.9980312865431427,10.0,9.0,3.0,7.0,20.0,1,0,Très Bien
7.614285508564857,0,12.948203609189854,9.097725989603981,10.0,6.336810889814052,8.0,10.0,2.0,8.0,20.0,1,0,Très Bien
1.785033530877545,1,13.751649066852004,8.171763004431398,1.0,1.5584435269056824,8.0,8.0,3.0,5.0,17.68741620439131,1,0,Très Bien
5.369267717064608,4,15.852314085536692,6.676917566709885,2.0,3.5227970543439158,5.0,2.0,2.0,1.0,20.0,1,0,Très Bien
5.519765588496847,1,7.478322538848185,7.211671745058389,8.0,1.5219880311539535,3.0,1.0,1.0,1.0,20.0,1,0,Très Bien
6.563645743554621,4,10.32984630642851,4.7125225897839105,8.0,1.7166366682319485,6.0,10.0,4.0,4.0,20.0,1,0,Très Bien
2.526098578243836,1,13.286283776642291,6.79933094121814,1.0,1.7305844116864837,9.0,7.0,3.0,2.0,20.0,1,0,Très Bien
2.3590867738314474,2,14.31139078706168,5.709342297899751,2.0,6.314519962143077,8.0,2.0,5.0,7.0,17.16195955561191,1,0,Très Bien
6.0438831312337955,2,18.580348650865158,8.041489571723949,10.0,2.6217838644112623,7.0,1.0,1.0,3.0,20.0,1,0,Très Bien
5.5939693464663724,1,14.867111913341601,10.85912858386671,8.0,1.9460424479106329,8.0,10.0,1.0,4.0,20.0,1,0,Très Bien
5.5009857006917535,4,11.829634212341169,7.749732453960714,0.0,2.995937811337262,4.0,7.0,5.0,9.0,20.0,1,0,Très Bien
5.692896418993952,7,9.328692741172015,4.0132897765680005,1.0,2.6663784182130184,6.0,7.0,2.0,2.0,15.447652211213887,1,0,Très Bien
3.6399505568430186,3,10.307130441842942,6.45815471062844,10.0,4.217176999021312,5.0,4.0,4.0,8.0,17.93764000853247,1,0,Très Bien
5.464507394322007,4,10.22189153112868,7.183736388061682,1.0,0.0,2.0,8.0,2.0,1.0,20.0,1,0,Très Bien
5.586144946597362,5,13.965700885541281,7.131036137890396,9.0,1.5680788263504748,8.0,10.0,2.0,3.0,20.0,1,0,Très Bien
3.571297163947264,3,12.770992336757491,5.90378031158687,2.0,4.269758240960911,3.0,5.0,1.0,4.0,16.007610518096204,1,0,Très Bien
8.731549022289514,2,8.029051287473463,7.367937613955403,9.0,2.2670570900528046,5.0,4.0,2.0,6.0,20.0,1,0,Très Bien
5.947665841823575,3,10.692295592728701,5.136248744620919,2.0,1.867573164930348,8.0,2.0,0.0,1.0,20.0,1,0,Très Bien
2.617393005594703,2,14.632642660354263,5.582636915972399,9.0,1.800447896539501,9.0,6.0,5.0,8.0,20.0,1,0,Très Bien
6.313107217267659,2,13.054987064922177,7.968696462405568,1.0,4.085467235111917,9.0,8.0,5.0,2.0,20.0,1,0,Très Bien
3.050636659545357,4,13.705933848038311,5.476505153680261,7.0,4.019947744631065,5.0,3.0,4.0,5.0,19.550341971781627,1,0,Très Bien
6.574169207484904,1,13.148765130171789,7.807317408238386,7.0,4.4364301430905,2.0,10.0,5.0,6.0,20.0,1,0,Très Bien
7.317191158014808,5,16.87929220382658,4.945804338015913,7.0,1.2559530383837374,7.0,6.0,2.0,8.0,20.0,1,0,Très Bien
3.358635363296579,2,12.70812919147311,9.647238825687605,1.0,1.1672673621894938,7.0,2.0,2.0,3.0,18.007803316657046,1,0,Très Bien
6.926752258488643,3,10.841931606387906,5.838595116393918,8.0,4.706024651921378,8.0,10.0,3.0,9.0,20.0,1,0,Très Bien
5.825561853872997,6,9.252734876599318,6.664500142294834,10.0,3.307685963789732,8.0,1.0,4.0,5.0,20.0,1,0,Très Bien
6.64412031998898,3,12.748828374629136,7.495919891635609,6.0,2.0910814923026724,5.0,10.0,4.0,8.0,20.0,1,0,Très Bien
8.793585965307894,3,4.677887955674748,6.1519750712483585,4.0,2.7642615085107933,1.0,0.0,5.0,4.0,20.0,1,0,Très Bien
4.509223767994259,7,11.447132994501864,7.215108941606957,6.0,1.148501236534861,4.0,5.0,2.0,9.0,17.910400616540727,1,1,Très Bien
3.492527671285021,3,11.382480420235968,7.863035086780188,7.0,2.2055934185590234,4.0,4.0,0.0,8.0,18.288980660615024,1,0,Très Bien
3.2209711407489534,1,7.906587439148157,8.440919848755229,8.0,3.238822059137885,3.0,1.0,3.0,5.0,18.25293124883499,1,0,Très Bien
3.3683794300691234,0,9.215202484032012,8.187246153959435,1.0,3.531707878546871,8.0,2.0,0.0,3.0,17.57700587771616,1,0,Très Bien
4.845796581171792,3,14.428972590444724,6.742284304295989,5.0,2.868853605770283,3.0,8.0,2.0,1.0,20.0,1,0,Très Bien
5.682303949633288,1,12.692135247224888,6.780052338934596,8.0,2.715442441132284,5.0,2.0,4.0,5.0,20.0,1,0,Très Bien
5.553381598660038,2,12.305365001121983,10.523662837037548,5.0,4.09988539068737,2.0,6.0,4.0,5.0,20.0,1,0,Très Bien
6.654366498072047,1,12.919042601796068,8.424833602373939,1.0,2.8479355213881052,6.0,0.0,0.0,4.0,20.0,1,0,Très Bien
5.026003783755814,3,12.27788276384677,5.617264515519679,0.0,2.329327096851779,6.0,6.0,1.0,10.0,18.273400709654254,1,0,Très Bien
7.907068154314634,1,15.728587688574944,7.149982245648328,2.0,1.8565544748004414,8.0,8.0,2.0,10.0,20.0,1,0,Très Bien
4.470686333524088,2,12.370287545110946,6.4972852918327115,10.0,0.34860823727563117,8.0,10.0,4.0,8.0,20.0,1,0,Très Bien
10.440338333179238,4,7.625360658543749,6.796998649115335,4.0,3.9748783111140638,1.0,7.0,5.0,3.0,20.0,1,0,Très Bien
6.251334695530012,3,16.890389894623233,5.155757263437868,6.0,5.195377363570421,5.0,6.0,1.0,10.0,20.0,1,0,Très Bien
3.285684887167435,4,13.111020801986538,6.38211514842107,9.0,1.7602342560485247,2.0,9.0,4.0,9.0,20.0,1,0,Très Bien
2.8582150038777754,2,10.232238807614797,9.71733365979087,9.0,1.09491952314234,10.0,7.0,5.0,3.0,20.0,1,0,Très Bien
5.96494483048637,2,8.239794845114943,7.868614451313254,2.0,2.0659129957807085,5.0,3.0,4.0,4.0,20.0,1,0,Très Bien
4.553074429348298,3,13.187742662874136,3.26325788777281,8.0,3.4358011700251243,10.0,1.0,1.0,6.0,20.0,1,0,Très Bien
6.428000988184184,1,11.648483985076874,8.82508523874692,9.0,2.242050104137734,9.0,10.0,0.0,9.0,20.0,1,0,Très Bien
5.94647524914709,2,16.722440358097227,8.634444284363742,3.0,2.215962461487014,4.0,8.0,2.0,10.0,20.0,1,0,Très Bien
4.854342174686255,4,10.962278157999517,6.4610720435403755,9.0,2.8756150199006485,8.0,2.0,1.0,2.0,20.0,1,0,Très Bien
3.30641256386319,6,9.4878576309526,8.075895315674822,1.0,3.151213246198904,1.0,10.0,1.0,2.0,15.685529226211527,1,0,Très Bien
1.9703055506282707,4,14.687388654707785,5.710901183774199,2.0,3.552378243808916,8.0,3.0,4.0,2.0,17.79423866221267,1,0,Très Bien
4.106970095865957,1,14.775845678150494,6.294616425600464,4.0,2.5572707234545757,6.0,6.0,5.0,5.0,20.0,1,0,Très Bien
6.712797588646945,4,12.505954102830586,9.24781954100478,2.0,2.5305656902090514,8.0,1.0,1.0,6.0,20.0,1,0,Très Bien
5.4281874882604075,4,14.029071143024725,6.592404940195437,4.0,0.11702106181892269,6.0,7.0,2.0,3.0,20.0,1,0,Très Bien
2.508522442576024,1,11.886938637773286,4.195402507067513,3.0,4.403528433485085,3.0,9.0,0.0,3.0,18.25227995933541,1,0,Très Bien
5.346361851702364,5,12.70159530302774,6.905045165827995,10.0,3.3785540359645267,8.0,7.0,5.0,2.0,20.0,1,0,Très Bien
5.770634759457674,2,15.49497264769177,6.882117410628465,9.0,5.266595691423945,5.0,4.0,0.0,6.0,20.0,1,0,Très Bien
3.2322851275977342,1,13.87595500206451,8.79755285406019,2.0,3.766666108608145,10.0,8.0,0.0,1.0,20.0,1,0,Très Bien
5.307450211891056,4,11.492176685002125,7.02150463326364,5.0,2.889605099913304,5.0,7.0,2.0,9.0,20.0,1,0,Très Bien
5.116417436892,3,16.05708763777845,6.3676265328395605,7.0,0.7709782149495319,7.0,0.0,4.0,10.0,20.0,1,0,Très Bien
2.714059404338754,3,4.905433881625463,8.56758421784681,3.0,0.5493552864402385,6.0,8.0,5.0,4.0,14.830859463082755,1,0,Très Bien
5.715574720696567,6,18.156219934265806,7.181185348751665,8.0,4.572522337845128,9.0,4.0,5.0,2.0,20.0,1,0,Très Bien
6.121569052736469,4,6.882122715327794,5.874965977651424,5.0,3.8423226953043508,7.0,8.0,2.0,6.0,20.0,1,0,Très Bien
7.166102486350554,9,10.118721525683112,8.732496340812427,4.0,5.19809990360801,3.0,8.0,5.0,5.0,20.0,1,0,Très Bien
7.1076041040698055,3,11.877247394414793,7.290492646775199,2.0,4.396872509230792,5.0,9.0,1.0,3.0,20.0,1,0,Très Bien
2.244661264085818,2,11.560557987815516,7.004388950019156,4.0,2.4433039138186334,9.0,9.0,3.0,3.0,18.86647684773877,1,0,Très Bien
3.124349920169754,3,15.019233120079665,7.2668625871174815,4.0,0.0,10.0,2.0,3.0,5.0,20.0,1,0,Très Bien
6.0300705344173195,2,8.826490144169297,5.393997442875104,3.0,3.906780325878531,2.0,7.0,3.0,4.0,18.890163361482585,1,0,Très Bien
6.027571901824418,5,12.78230045244919,6.208519335732494,5.0,1.4758503649214645,1.0,6.0,0.0,5.0,20.0,1,0,Très Bien
6.030095372612096,4,10.265363705340738,7.005373902749175,2.0,2.7235469448358676,8.0,6.0,5.0,2.0,20.0,1,0,Très Bien
12.0,3,12.88542293801225,6.70800445746298,9.0,3.6181664167115146,8.0,9.0,2.0,1.0,20.0,1,0,Très Bien
6.141781021386334,5,11.80568322060637,8.908642574224894,0.0,2.054031781978181,2.0,1.0,5.0,5.0,19.669630768659587,1,0,Très Bien
7.271131280361198,3,12.278806958048934,7.3261087790905055,6.0,1.7622497306648126,8.0,1.0,2.0,1.0,20.0,1,0,Très Bien
6.908003526986405,1,10.350225502606964,8.282355883954605,6.0,2.5392341005022607,5.0,1.0,5.0,3.0,20.0,1,0,Très Bien
6.302782502611596,3,10.469808149711753,7.014093031863774,3.0,0.0,2.0,10.0,0.0,8.0,20.0,1,0,Très Bien
4.369461510719309,7,12.861817542082282,8.584432725619184,8.0,1.4494657924346726,7.0,1.0,1.0,8.0,20.0,1,0,Très Bien
6.517938440986535,3,14.831146517268133,7.596291634859731,1.0,1.4277879867143324,7.0,3.0,3.0,9.0,20.0,1,0,Très Bien
3.4543495709248564,2,10.205161997406456,7.02013072808269,0.0,2.6462280193669017,3.0,6.0,3.0,1.0,19.194411495603507,1,0,Très Bien
4.526362786519982,5,9.39369736628127,6.98007536656147,2.0,1.5792635605716445,1.0,1.0,5.0,4.0,15.10886559797565,1,0,Très Bien
4.029272904341793,2,13.840380497015511,5.568342060563555,6.0,2.2262683519882387,4.0,4.0,0.0,6.0,19.011625732698114,1,0,Très Bien
5.163748278772645,4,11.902488320826931,7.760373580204466,8.0,2.3325530747611656,2.0,6.0,3.0,7.0,20.0,1,0,Très Bien
9.629317133347017,1,14.491494401957855,6.939692898195432,1.0,6.191528490185732,4.0,8.0,5.0,5.0,20.0,1,0,Très Bien
1.2654696148165039,3,9.282608359886558,6.247012059728193,5.0,4.154356872675661,8.0,7.0,4.0,7.0,16.194048923021718,1,0,Très Bien
6.372520380749027,8,6.661683223729708,8.659692656218107,2.0,2.8194262043149765,2.0,8.0,5.0,10.0,18.600852684517385,1,1,Très Bien
1.7745682576206967,3,10.400987754520997,5.1246759611577986,4.0,3.673617257656697,1.0,6.0,2.0,8.0,12.420618140190893,1,1,Bien
4.056136268421133,5,9.700942172204952,6.366256156851349,8.0,4.381074057184014,3.0,2.0,3.0,10.0,16.783078736757254,1,1,Très Bien
7.177901193934732,6,11.7636347997591,8.5415781231693,2.0,3.431654174347404,10.0,0.0,3.0,6.0,20.0,1,0,Très Bien
5.128560038190925,5,10.089464357188831,7.47328441138038,0.0,1.4491661984653177,7.0,9.0,4.0,4.0,20.0,1,0,Très Bien
2.8445104441413878,4,14.223050854009347,6.928211608520864,4.0,2.794485668074037,6.0,6.0,1.0,1.0,19.518250947755018,1,0,Très Bien
3.5693925814800638,3,11.135549212732451,7.37650531472522,0.0,1.5361614860277906,6.0,10.0,5.0,5.0,15.487021829269121,1,0,Très Bien
6.359195497869352,4,12.451423496321702,7.269121256573262,7.0,2.506381239971919,7.0,5.0,1.0,10.0,20.0,1,0,Très Bien
3.5392667365657267,0,12.472903675322831,4.725006180571118,6.0,2.761701462888024,8.0,1.0,5.0,10.0,20.0,1,0,Très Bien
5.43291717916395,8,12.584865277236561,6.476107171978057,10.0,4.5788694556583955,3.0,0.0,4.0,10.0,19.68792476380481,1,1,Très Bien
5.091143679807628,2,11.92761266863508,9.424782481770624,1.0,1.8088197436304974,3.0,9.0,1.0,4.0,20.0,1,0,Très Bien
3.6967993047883656,4,13.53180207123094,6.011013797834249,10.0,1.6886517462367316,10.0,3.0,0.0,5.0,20.0,1,0,Très Bien
9.28788817865065,0,9.613034598522578,6.522548478843499,8.0,1.9245993026217851,8.0,3.0,4.0,4.0,20.0,1,0,Très Bien
6.267838044636022,1,16.19825377996165,6.1875688550362185,4.0,2.086490886280828,7.0,5.0,5.0,9.0,20.0,1,0,Très Bien
0.9497148266847857,7,11.290387849894394,6.8694771650227935,6.0,2.522747035408144,10.0,10.0,2.0,3.0,15.417227000865342,1,0,Très Bien
5.3729086295388555,4,8.065352586303955,6.1253157530135525,3.0,3.493984999025595,5.0,4.0,2.0,3.0,20.0,1,0,Très Bien
3.676427070463224,5,12.564220070975319,7.73011225323709,0.0,1.8223379015354542,4.0,8.0,2.0,10.0,16.10685605767773,1,0,Très Bien
6.704866669592448,1,9.446458552657544,7.2959701184354,7.0,3.172338314998737,6.0,7.0,5.0,7.0,20.0,1,0,Très Bien
3.4149585231345987,5,13.996003603526624,8.160321422660527,0.0,3.1908777223034046,9.0,8.0,3.0,2.0,19.914990234947762,1,0,Très Bien
4.770527117066202,1,18.628816728127134,5.423588250716559,2.0,3.830513732607751,6.0,9.0,4.0,9.0,20.0,1,0,Très Bien
6.0099745579609145,2,9.64028372532645,6.489489275675645,5.0,2.68383802455735,8.0,6.0,4.0,8.0,20.0,1,0,Très Bien
6.731510388340243,1,12.997116999671954,6.661416052581798,7.0,4.248126937425895,1.0,8.0,1.0,6.0,20.0,1,0,Très Bien
2.5994071858884475,4,6.733483233886117,7.683470365132893,7.0,3.5535468092045677,6.0,2.0,4.0,9.0,15.754642371270926,1,1,Très Bien
4.330997528318103,3,13.361715688324042,5.8101682041894485,1.0,3.486269892573216,2.0,8.0,4.0,3.0,20.0,1,0,Très Bien
4.050109377678088,1,9.34285860060093,8.373480706387516,8.0,2.1739680902964476,3.0,1.0,1.0,4.0,20.0,1,0,Très Bien
3.693341534852576,3,10.125496144696553,8.779623385776413,3.0,3.4118450979896267,6.0,8.0,4.0,7.0,17.82357748151394,1,0,Très Bien
8.530908480562193,2,8.696140530480516,5.516691478546624,3.0,3.528431823707483,2.0,5.0,4.0,1.0,20.0,1,0,Très Bien
5.809963421921911,2,14.196453678164207,6.263690657659652,1.0,2.103615879141557,4.0,3.0,0.0,1.0,20.0,1,0,Très Bien
2.4782320913299096,1,15.021913072419787,6.202102737561861,0.0,4.791423695042788,6.0,10.0,5.0,1.0,20.0,1,0,Très Bien
6.835723894109552,3,12.070155643975523,10.948579307016248,9.0,6.935258849757137,5.0,1.0,1.0,8.0,20.0,1,0,Très Bien
9.244312394025266,2,9.40671988399284,6.35514984218817,6.0,2.0143036626853705,6.0,9.0,0.0,6.0,20.0,1,0,Très Bien
7.064930521102294,3,16.76856910831159,9.516438163234202,10.0,2.294721735975549,6.0,2.0,3.0,3.0,20.0,1,0,Très Bien
1.9612600680919732,3,9.74876961673603,5.100052007340086,9.0,2.3324624441160924,8.0,4.0,1.0,10.0,16.183690684322542,1,0,Très Bien
4.031531854267497,5,5.513903100217684,5.515523550753455,2.0,1.0356561114865124,9.0,8.0,5.0,7.0,19.090021143292724,1,0,Très Bien
7.533822298373245,6,13.375167029871205,5.970093202227699,3.0,1.6855641663998067,5.0,6.0,4.0,6.0,20.0,1,0,Très Bien
3.5846610687624385,3,8.68567597907545,5.731466032830216,10.0,4.285841964978259,6.0,10.0,4.0,5.0,20.0,1,0,Très Bien
5.887638856292456,5,14.965826380497525,6.598151898762252,8.0,2.8769796901186835,6.0,10.0,0.0,3.0,20.0,1,0,Très Bien
6.5492681068586736,2,10.856586909979743,5.936832695917753,5.0,5.878524504270377,6.0,2.0,0.0,4.0,20.0,1,0,Très Bien
3.1461390568438343,2,13.811139721632589,5.77098761089814,0.0,2.567243934866984,2.0,3.0,3.0,1.0,19.39725269425303,1,0,Très Bien
4.8809492878764,4,16.204501039656474,8.737707994709991,8.0,3.624526239611887,4.0,10.0,3.0,9.0,20.0,1,0,Très Bien
0.0,3,8.373423406137835,8.835690433769749,8.0,1.6435592400979828,1.0,1.0,5.0,5.0,11.89165975048571,1,1,Assez Bien
2.9512247173314203,2,10.302188607322783,8.423944747562974,4.0,2.8347280541155766,1.0,7.0,4.0,2.0,17.920273320750436,1,0,Très Bien
4.494863697213679,1,11.77298678202881,7.785998433376492,7.0,3.131731672280686,1.0,5.0,2.0,9.0,20.0,1,0,Très Bien
2.504433636070301,5,16.61265395710303,7.1391145986693285,6.0,0.0,7.0,2.0,3.0,7.0,17.708532997523687,1,0,Très Bien
8.26482260786327,3,10.024851846178663,6.2544539640011365,10.0,1.762556247285795,1.0,4.0,4.0,8.0,20.0,1,0,Très Bien
2.1397172440787346,4,10.216488912152979,5.570263742867362,7.0,3.953895658027374,6.0,4.0,3.0,3.0,16.40114049302533,1,0,Très Bien
4.119911026606032,1,13.434421726667425,7.544493555149031,8.0,3.8740011498309084,2.0,0.0,1.0,7.0,18.9069345862343,1,0,Très Bien
5.2614811545721825,3,10.268313822868286,5.239554411179803,1.0,1.1274369381391651,6.0,4.0,0.0,1.0,17.576986601718264,1,0,Très Bien
7.8825465781322315,4,12.45757764869285,5.50911860623691,9.0,2.4585572599085137,6.0,5.0,4.0,6.0,20.0,1,0,Très Bien
2.1282756976411212,2,7.34538773709562,8.729369884307214,4.0,0.0,3.0,9.0,3.0,10.0,17.040309570162727,1,0,Très Bien
7.326327504309919,2,18.64298982766979,9.85097356258313,7.0,2.9948444106543493,8.0,9.0,0.0,6.0,20.0,1,0,Très Bien
5.020466122039174,2,7.95687230907179,7.589942707249721,2.0,4.890449831579376,4.0,10.0,2.0,10.0,17.918354346432686,1,0,Très Bien
3.036982697904098,4,11.034741888029375,8.659685728441966,10.0,4.95543290479837,7.0,10.0,3.0,6.0,20.0,1,0,Très Bien
5.924206948526542,5,11.902556892473717,6.631227523834025,10.0,4.902103189685713,4.0,10.0,4.0,3.0,20.0,1,0,Très Bien
5.39811939114694,2,17.73806440307039,4.9934887208684735,5.0,3.7904520471572374,1.0,1.0,1.0,6.0,20.0,1,0,Très Bien
3.799566245682411,2,8.02546265720178,7.918257427927876,5.0,4.7373068662156275,6.0,2.0,0.0,3.0,17.802861034357775,1,0,Très Bien
5.139604169980037,4,17.951112406436252,7.853933984905096,6.0,2.7161058699805167,5.0,9.0,0.0,10.0,20.0,1,0,Très Bien
4.22937280627648,0,14.271530463306068,7.1075028308203665,10.0,2.217194001114014,9.0,4.0,1.0,9.0,20.0,1,0,Très Bien
5.227034690502496,3,13.251285973269738,6.636436812842333,2.0,4.710922828797473,9.0,2.0,4.0,7.0,19.9951432764933,1,0,Très Bien
6.324261349042093,0,9.046098938946134,8.443315867871647,7.0,3.4326893430692977,8.0,4.0,5.0,4.0,20.0,1,0,Très Bien
8.172033632290704,2,13.713423726114222,5.521400449858788,7.0,0.30714363839506253,7.0,4.0,2.0,3.0,20.0,1,0,Très Bien
2.524369002346302,2,9.8295401327406,5.839329131664013,8.0,4.824866844176737,2.0,7.0,5.0,6.0,18.399686545489,1,0,Très Bien
9.266066749312532,1,15.799983759595236,5.4878402398593575,7.0,2.6702244702684044,8.0,9.0,1.0,9.0,20.0,1,0,Très Bien
1.0958244009549962,4,9.086813912676801,7.12745944395374,2.0,1.9993114499949536,3.0,8.0,2.0,3.0,13.900083874256767,1,1,Bien
4.6964298099288335,5,11.660524516631748,5.368160481836113,5.0,4.468356828692734,6.0,7.0,4.0,8.0,20.0,1,0,Très Bien
6.176634412969153,1,10.334180735960485,5.973636729227135,8.0,4.266097839483027,10.0,2.0,3.0,6.0,20.0,1,0,Très Bien
5.561983735470065,4,9.037431112719016,5.941366656659203,0.0,1.5646791905314044,7.0,0.0,3.0,4.0,18.21688841028429,1,0,Très Bien
3.7546009603588124,0,14.223959450723743,6.609087501499062,2.0,2.7643683144907767,6.0,2.0,5.0,5.0,20.0,1,0,Très Bien
4.5837554992854495,6,13.606376242228901,4.768938330394034,1.0,1.6373564058761423,5.0,0.0,4.0,3.0,20.0,1,0,Très Bien
4.013998130682334,5,15.62703059670299,7.1308074880559005,7.0,1.6770829151150055,4.0,10.0,2.0,2.0,20.0,1,0,Très Bien
3.821270486111577,1,6.660374675375498,8.870955475997016,5.0,0.0,2.0,8.0,5.0,9.0,17.744692916453523,1,0,Très Bien
6.699204194042049,5,15.19251210702313,7.203237058475143,9.0,1.479012063313543,9.0,2.0,1.0,3.0,20.0,1,0,Très Bien
5.714030971930095,1,19.516346716070682,9.31198171720198,10.0,2.743279065847696,7.0,7.0,5.0,6.0,20.0,1,0,Très Bien
3.6141808094786914,4,10.645076732469159,9.000997278815387,10.0,0.0,7.0,5.0,4.0,5.0,20.0,1,0,Très Bien
6.799199750866501,2,17.68544583632691,8.166602570871781,7.0,0.9422213237607133,4.0,2.0,4.0,10.0,20.0,1,0,Très Bien
5.614599041753219,1,11.21051618382052,7.112028763955329,1.0,3.9105776266137537,5.0,8.0,3.0,8.0,20.0,1,0,Très Bien
6.62572423767792,3,7.88277078731608,7.033750582368159,10.0,0.8815452836297801,6.0,7.0,1.0,5.0,20.0,1,0,Très Bien
6.259257683847224,3,11.083102672779614,8.14569965854489,5.0,2.7641509165388634,2.0,2.0,3.0,8.0,20.0,1,0,Très Bien
3.3420099781558554,6,15.144611903025828,6.412494085743951,6.0,0.5199526464073103,4.0,6.0,2.0,5.0,18.35905575444758,1,0,Très Bien
3.879637919606061,0,9.485470553005406,4.176218872798804,7.0,3.6141563314824574,4.0,4.0,2.0,10.0,16.76227616860132,1,0,Très Bien
6.494587210246523,3,10.19898402298054,7.73800608115444,8.0,2.511369001407403,4.0,1.0,0.0,6.0,20.0,1,0,Très Bien
6.22074053086693,5,13.780618296879572,5.303397055097543,4.0,1.6234887635857804,7.0,7.0,4.0,5.0,20.0,1,0,Très Bien
4.958196812071704,1,12.009180350215718,5.556788157714423,10.0,0.0,7.0,0.0,1.0,2.0,20.0,1,0,Très Bien
5.234654766617564,3,13.753868857460223,7.000335921993682,2.0,1.6592016670012792,7.0,3.0,1.0,10.0,20.0,1,0,Très Bien
7.55532979157685,4,12.713488622275008,6.857312683669795,1.0,3.997112518854363,7.0,10.0,3.0,10.0,20.0,1,0,Très Bien
3.8168572223283403,2,13.43887595865472,4.8818865905265545,7.0,5.325088580432183,2.0,10.0,5.0,6.0,20.0,1,0,Très Bien
6.094194762340075,3,10.703096442571377,7.24823734619971,0.0,2.67111359860403,5.0,3.0,5.0,7.0,19.344228630419785,1,0,Très Bien
4.595614695132212,7,12.695192826091178,8.449209491291573,9.0,2.84987712316315,10.0,9.0,3.0,3.0,20.0,1,0,Très Bien
4.56463759354556,1,9.217880982912199,5.307487644601325,5.0,1.983804615287168,2.0,4.0,5.0,3.0,20.0,1,0,Très Bien
7.19755370397438,3,15.865300867510165,8.90872499627314,1.0,4.843925042048893,5.0,3.0,1.0,7.0,20.0,1,0,Très Bien
6.6508326979760595,3,10.097175849548059,4.659743762305084,2.0,2.639011467855317,6.0,0.0,3.0,10.0,20.0,1,0,Très Bien
6.627019272001277,1,15.386542462648169,10.17598621655643,7.0,4.340593071363804,3.0,6.0,5.0,4.0,20.0,1,0,Très Bien
7.610957614308658,1,11.299179117051404,6.383109354274775,0.0,3.372313529135214,6.0,9.0,0.0,2.0,20.0,1,0,Très Bien
5.042007683265518,2,12.605997032271963,7.218425495240337,5.0,3.1843579413939347,5.0,10.0,4.0,9.0,20.0,1,0,Très Bien
6.363905942589928,2,10.515106347327897,4.1619496412714945,2.0,1.4696159592056208,4.0,1.0,0.0,9.0,20.0,1,0,Très Bien
4.379466486813088,6,8.952013706495913,6.9067959002960375,5.0,5.673891951471878,10.0,9.0,5.0,6.0,18.723139291852533,1,0,Très Bien
5.648332704976884,1,6.765718837184096,7.342723266577288,2.0,5.198900528902137,9.0,2.0,2.0,2.0,19.24881285721753,1,0,Très Bien
4.739713891264631,3,8.834027524222622,6.870756843850758,10.0,6.411293465515035,8.0,4.0,1.0,3.0,20.0,1,0,Très Bien
5.193991929985437,3,11.028273440352235,6.155378384421439,10.0,1.3509150725428243,7.0,7.0,0.0,5.0,20.0,1,0,Très Bien
6.190314050873827,4,12.635637536486652,5.580153222208278,7.0,3.3960457509053223,1.0,9.0,0.0,5.0,20.0,1,0,Très Bien
3.3635586335330547,2,15.03113793984979,8.695789929305967,4.0,1.810028938624538,9.0,7.0,3.0,9.0,20.0,1,0,Très Bien
9.184774551370921,3,10.662727620609454,7.046210702496925,3.0,3.665492429360154,9.0,1.0,3.0,10.0,20.0,1,0,Très Bien
2.987965237000596,4,9.354117707198478,9.311128564775158,8.0,3.438334842788975,6.0,8.0,3.0,3.0,18.559981299075332,1,0,Très Bien
2.5716227744245357,2,7.671855641991862,6.210276467807615,4.0,2.379020329312619,7.0,5.0,5.0,2.0,15.217050820695604,1,0,Très Bien
7.316221747000135,3,13.440190853712313,6.347807959941674,3.0,2.657070309736804,3.0,8.0,2.0,10.0,20.0,1,0,Très Bien
6.583325387925871,2,16.14958354598803,8.223391366894244,7.0,6.136152240137881,5.0,3.0,0.0,8.0,20.0,1,0,Très Bien
6.24823963410431,4,15.798990803868866,4.565537556994654,7.0,2.7970316573575422,7.0,2.0,4.0,7.0,20.0,1,0,Très Bien
6.25669101852856,1,14.129798244441712,5.179804959770616,7.0,0.0,1.0,4.0,3.0,9.0,20.0,1,0,Très Bien
4.975506454306171,3,13.915629951802797,8.646227457029745,3.0,2.1957733862023194,1.0,4.0,2.0,3.0,20.0,1,0,Très Bien
3.2054912570283367,5,17.092871339128024,5.242099106165208,0.0,1.3570963918852288,5.0,3.0,5.0,6.0,16.24317090236415,1,0,Très Bien
5.151609116387453,2,12.996244384250431,4.271423477046179,1.0,1.6203492601479719,9.0,6.0,2.0,5.0,20.0,1,0,Très Bien
3.6456765769757764,4,13.938389028072514,9.802790782109636,3.0,4.064021414023223,7.0,7.0,3.0,5.0,20.0,1,0,Très Bien
6.9502394668355025,2,11.037648414444003,4.909273528188692,9.0,4.3363690891055935,1.0,4.0,1.0,10.0,20.0,1,0,Très Bien
4.705885236995723,1,7.913869887435728,7.276179097492254,1.0,1.7354285775002416,5.0,8.0,0.0,8.0,16.442260202035683,1,0,Très Bien
3.349005606414977,3,9.94845329850127,7.103627789086406,10.0,2.173972906176421,8.0,6.0,3.0,1.0,20.0,1,0,Très Bien
4.357228316694013,4,11.972522884396033,3.0,9.0,1.95276172474292,8.0,6.0,4.0,1.0,20.0,1,0,Très Bien
5.825862908551248,7,12.18235611750391,6.599024465248287,2.0,5.277156345592706,2.0,7.0,0.0,3.0,19.375226233160273,1,0,Très Bien
3.8725508943920506,4,17.77885756456618,7.672619874218665,8.0,4.381198279133928,7.0,3.0,2.0,2.0,20.0,1,0,Très Bien
3.3555592088671373,6,12.243831502773206,7.531464072278291,8.0,4.015411100475369,10.0,9.0,4.0,2.0,20.0,1,0,Très Bien
5.487374422983825,4,15.536530332076932,8.355281025705253,10.0,1.4519140299189215,5.0,5.0,0.0,2.0,20.0,1,0,Très Bien
5.4899331422174455,1,10.694768275271052,6.418763027641849,8.0,0.43611100395402147,9.0,4.0,4.0,4.0,20.0,1,0,Très Bien
3.9861136492577405,1,11.064972342704298,8.068756663138242,6.0,4.8457159275274435,3.0,0.0,2.0,1.0,20.0,1,0,Très Bien
4.057923388763355,7,8.012977088329656,5.966006397879893,3.0,5.8783751123940755,1.0,8.0,3.0,10.0,12.557623106462023,1,1,Bien
5.464099874715273,4,9.773015961370284,4.884298875380837,0.0,0.36514560699822685,4.0,1.0,4.0,9.0,16.66400797370763,1,0,Très Bien
2.1038313170053518,3,13.58094417409126,5.053407436478151,2.0,6.3622301776845465,7.0,5.0,3.0,5.0,13.81623753956723,1,0,Bien
2.1850724512468895,3,12.0226805411824,4.806834317206878,7.0,2.840981770209844,1.0,7.0,2.0,5.0,15.260029627921837,1,0,Très Bien
3.563111557495128,3,14.828815859691701,8.514378951836791,3.0,3.252261643509792,2.0,2.0,2.0,9.0,18.44178399337848,1,1,Très Bien
4.573105696576306,3,12.543761845035151,4.728139736412166,9.0,1.0231710835356091,5.0,4.0,4.0,5.0,19.717882986680593,1,0,Très Bien
5.621815131196009,1,10.942638805086775,7.411058260973955,9.0,0.3378620240264638,9.0,6.0,4.0,8.0,20.0,1,0,Très Bien
7.950712433899104,1,18.444890591360878,6.601113708891351,1.0,0.0,1.0,3.0,2.0,1.0,20.0,1,0,Très Bien
6.7153192464040385,3,11.718289293860858,6.846027139824052,7.0,4.546233558647599,4.0,4.0,4.0,1.0,20.0,1,0,Très Bien
4.680122940073145,0,15.489002909115912,9.045410942799549,6.0,2.8758952023320457,3.0,0.0,4.0,4.0,20.0,1,0,Très Bien
4.961967584194622,3,10.796372380365966,6.34235894917709,10.0,3.691173611571624,5.0,3.0,4.0,8.0,20.0,1,0,Très Bien
2.9949412707243823,3,14.1287984381507,7.917402342324525,9.0,4.699675428214125,5.0,6.0,5.0,3.0,20.0,1,0,Très Bien
4.96297372801522,0,14.784046977455061,7.056345027071668,8.0,2.8563006779815034,10.0,9.0,4.0,1.0,20.0,1,0,Très Bien
4.422682722159723,2,12.625475911726742,6.771971641550953,1.0,5.534199864999222,2.0,6.0,0.0,9.0,17.356795852947734,1,0,Très Bien
5.645437120676179,1,4.936551231910194,10.449953686579711,4.0,1.7618789075364516,5.0,9.0,2.0,9.0,20.0,1,0,Très Bien
3.345538112895354,2,12.054757382568338,4.837987381426945,5.0,2.373580911966151,9.0,9.0,2.0,9.0,19.777601341014712,1,0,Très Bien
6.038693028482345,4,15.691380143279925,8.933697753156167,1.0,1.645767375186542,5.0,3.0,1.0,9.0,20.0,1,0,Très Bien
8.065477826005155,4,13.582442499083191,7.984609848234959,1.0,4.2532593851309795,10.0,5.0,3.0,2.0,20.0,1,0,Très Bien
4.782479703086285,1,13.33751662568774,6.280712508052324,9.0,4.670340106320257,2.0,4.0,1.0,4.0,20.0,1,0,Très Bien
5.8034234441978825,3,6.833229198127443,9.443977776162418,3.0,2.320616319082668,7.0,0.0,4.0,2.0,20.0,1,0,Très Bien
6.380287983422225,3,9.838634787974824,4.227834831417195,7.0,0.9102789726776912,6.0,7.0,4.0,7.0,20.0,1,0,Très Bien
4.197559056228328,2,13.234072893454318,6.217350014051393,10.0,4.845917001362586,7.0,6.0,0.0,3.0,20.0,1,0,Très Bien
5.448184963620833,2,13.231149830360676,5.187276693596386,4.0,1.6788763082563363,8.0,4.0,0.0,9.0,20.0,1,0,Très Bien
5.02518480156359,3,15.644000340398708,7.61812519730719,8.0,2.3957985701339526,10.0,9.0,0.0,7.0,20.0,1,0,Très Bien
5.195352197097663,2,11.565399734561717,5.330403848219234,3.0,1.390115076424068,5.0,9.0,0.0,8.0,20.0,1,0,Très Bien
3.4539804322890673,3,13.217472260021443,7.649595920111978,2.0,3.431187842185244,2.0,6.0,0.0,9.0,16.046787438097606,1,1,Très Bien
5.049020348517885,2,12.04912272579388,6.720345376267669,9.0,1.8450568837431185,7.0,9.0,0.0,8.0,20.0,1,0,Très Bien
5.9959965824909,1,9.03917179049533,6.280969086015873,7.0,4.052111036306012,7.0,2.0,0.0,7.0,20.0,1,0,Très Bien
7.902287215590084,0,5.2326260067157575,7.582970869049966,0.0,2.1603603604161963,8.0,7.0,0.0,9.0,20.0,1,0,Très Bien
6.918541652170414,3,13.29302907639023,6.597067564092904,8.0,3.806766897011509,7.0,4.0,5.0,1.0,20.0,1,0,Très Bien
9.306364915023114,4,12.521841625238434,5.367047735411441,3.0,1.6129726170670695,10.0,1.0,0.0,4.0,20.0,1,0,Très Bien
3.465304874223901,4,10.145474873699493,11.202059484452468,10.0,4.839394316153224,7.0,1.0,2.0,4.0,19.01929616891716,1,0,Très Bien
6.744641273441356,3,7.1424808304524054,6.269249225456283,8.0,2.250146097303074,9.0,3.0,0.0,5.0,20.0,1,0,Très Bien
5.366684011476703,3,13.889218543226214,3.6735863797719777,7.0,3.13510230562865,8.0,6.0,3.0,8.0,20.0,1,0,Très Bien
9.379605866435345,6,11.202239777413343,5.736851965417917,2.0,1.2181494317488752,2.0,9.0,0.0,10.0,20.0,1,0,Très Bien
3.383403429289697,4,13.670624167104437,5.099084967440905,2.0,2.975879831009422,2.0,3.0,5.0,1.0,18.331222912768407,1,0,Très Bien
3.3205563156384477,4,17.592145591235276,8.239218424060773,8.0,1.2738187840377848,7.0,8.0,4.0,6.0,20.0,1,0,Très Bien
3.8012147091119557,5,5.575707359040885,7.482478989387379,2.0,2.934157624534793,10.0,1.0,5.0,9.0,15.010073043321723,1,0,Très Bien
0.7522085513803862,1,9.901197573892908,7.598069202685516,3.0,1.5577006477060735,10.0,5.0,5.0,10.0,17.36335825474058,1,0,Très Bien
3.948489956638478,4,11.37187316006426,6.444966301244134,8.0,2.7669718208113845,3.0,3.0,4.0,8.0,18.37647254576543,1,0,Très Bien
3.481734676892604,2,16.364478522439953,6.580974629414618,3.0,3.698881531945846,1.0,5.0,0.0,2.0,20.0,1,0,Très Bien
5.300787572952415,4,7.090790942380545,6.443603344588498,10.0,0.9414923897940612,9.0,9.0,0.0,7.0,20.0,1,0,Très Bien
5.683511951554319,5,17.807583077041812,6.8782102237967955,2.0,2.934707175035467,3.0,8.0,4.0,5.0,20.0,1,0,Très Bien
8.752341678431772,2,12.407567704698872,8.253000153047253,6.0,3.612464384555275,1.0,9.0,3.0,2.0,20.0,1,0,Très Bien
6.9008476763721,4,11.711998014798425,7.50411311875802,5.0,3.6061075764735686,6.0,8.0,1.0,1.0,20.0,1,0,Très Bien
3.8461926886751936,1,11.405820710343281,7.7501692444313,0.0,5.877573615756017,4.0,8.0,2.0,2.0,19.299484292187643,1,0,Très Bien
3.203170657303284,2,10.691210903459913,7.749338362373804,9.0,1.883237340546365,1.0,8.0,4.0,10.0,20.0,1,1,Très Bien
5.983838343013011,4,15.144350277807465,8.326663656072608,7.0,2.9957872378942585,4.0,2.0,0.0,6.0,20.0,1,0,Très Bien
2.3595335859587157,1,8.794437737752684,7.432225062310382,0.0,5.621582686355879,8.0,10.0,2.0,8.0,13.715714663415689,1,0,Bien
8.662917531708707,1,13.03624254493156,7.538272109018378,3.0,0.9401156754557816,7.0,8.0,0.0,3.0,20.0,1,0,Très Bien
7.358880241442574,0,10.847455002879073,8.783209361789735,5.0,0.0,1.0,2.0,1.0,5.0,20.0,1,0,Très Bien
4.06164869579059,3,9.713599654457706,6.002431122995332,5.0,3.803357492843679,10.0,9.0,1.0,2.0,20.0,1,0,Très Bien
1.573730941818245,3,19.75792552705169,5.716386130072739,6.0,4.564835342406506,9.0,2.0,4.0,8.0,18.79303843613213,1,0,Très Bien
7.707744748330826,4,13.25715220426038,5.221117601219716,10.0,0.0,6.0,4.0,2.0,4.0,20.0,1,0,Très Bien
4.770920309494764,2,13.83979663398343,7.274371845430384,4.0,2.5202987433778645,2.0,5.0,5.0,10.0,20.0,1,0,Très Bien
7.4756326239469235,3,15.413330342005986,4.219401638171315,4.0,1.4730950564041834,3.0,8.0,2.0,6.0,20.0,1,0,Très Bien
1.8111446824112658,6,7.735950164044358,7.693231144089516,3.0,3.4645129179027907,7.0,0.0,5.0,3.0,13.83328458389278,1,0,Bien
3.8012499540924543,2,17.256875727366094,6.836210358249171,5.0,2.949228609432354,3.0,7.0,1.0,8.0,20.0,1,0,Très Bien
5.010487399436366,2,4.473128464514772,8.701959549731585,6.0,4.963419199644308,3.0,3.0,0.0,8.0,16.02994601989564,1,1,Très Bien
5.093961187529484,2,9.693700769884439,5.992124034302514,9.0,0.9827169364999415,5.0,9.0,5.0,3.0,20.0,1,0,Très Bien
4.099869057041513,4,10.622904980463298,6.69502257187374,9.0,3.5790501651716413,3.0,6.0,5.0,9.0,20.0,1,1,Très Bien
6.2456998646949975,1,13.745170094911519,8.683304999940052,0.0,3.932418382882305,3.0,5.0,4.0,10.0,20.0,1,0,Très Bien
2.8647591412348112,4,12.656154798424463,9.07470347016723,8.0,3.0755139515205734,5.0,5.0,3.0,5.0,18.20717741183789,1,0,Très Bien
4.715241029957413,3,11.49955577790482,5.97977145137227,7.0,0.0,5.0,6.0,1.0,10.0,19.623359232853208,1,0,Très Bien
5.240591263423798,3,11.964007966116828,7.27267184888074,6.0,3.623309776965315,9.0,3.0,5.0,9.0,20.0,1,0,Très Bien
6.028877668117498,5,9.065930929432295,7.441628466526073,8.0,1.9040167554086391,1.0,5.0,1.0,7.0,20.0,1,0,Très Bien
6.423229756177779,3,7.508302816547481,7.560480108431722,2.0,0.38508524800733523,1.0,2.0,4.0,10.0,20.0,1,0,Très Bien
2.7507158163242615,1,14.179534867008181,6.606136511026567,9.0,3.553804093154257,9.0,4.0,0.0,3.0,20.0,1,0,Très Bien
1.9317716585287554,1,14.081118337608556,8.922075097185452,3.0,4.150802512302198,5.0,1.0,2.0,6.0,19.00820975628672,1,0,Très Bien
7.555353643797018,3,16.753483125471178,4.165444774567682,6.0,2.076900487162772,4.0,2.0,1.0,10.0,20.0,1,0,Très Bien
5.6646280239591835,5,9.629948709554377,6.368304647798374,5.0,4.250762469343892,2.0,8.0,4.0,2.0,20.0,1,0,Très Bien
3.5030269268868928,4,14.078445630902767,7.6718960991594205,1.0,4.265821782108859,9.0,5.0,4.0,6.0,20.0,1,0,Très Bien
8.102303951045046,2,11.148879814905804,7.685837217924015,1.0,2.973818490801358,6.0,2.0,4.0,5.0,20.0,1,0,Très Bien
5.231349268585717,7,15.571424955580447,9.029138545922144,9.0,3.8945080275639916,9.0,1.0,2.0,3.0,20.0,1,0,Très Bien
7.358594368127653,0,15.065888330034426,8.797338089801931,6.0,4.464539652577151,5.0,4.0,1.0,7.0,20.0,1,0,Très Bien
5.135036962820218,4,12.63362819767337,6.571687562039164,8.0,3.787569710804462,4.0,9.0,5.0,4.0,20.0,1,0,Très Bien
9.121495849763974,2,10.98140953000204,8.949806865295907,10.0,0.0,7.0,4.0,4.0,6.0,20.0,1,0,Très Bien
8.510681684886409,3,14.882796535824784,5.928937384333818,8.0,0.0,5.0,0.0,2.0,9.0,20.0,1,0,Très Bien
4.502071703041853,1,13.940713569769697,8.396331074187756,6.0,4.599093749003663,8.0,2.0,0.0,6.0,20.0,1,0,Très Bien
6.943141901908711,3,9.946678793741452,9.71578371763149,10.0,1.9673735846227998,8.0,6.0,3.0,4.0,20.0,1,0,Très Bien
6.290751899170295,1,8.016603979561708,8.822416160282454,7.0,2.25606292074632,2.0,8.0,1.0,10.0,20.0,1,0,Très Bien
7.737263115064698,3,11.13440129795461,7.1586555752861845,9.0,5.834990986390034,5.0,4.0,2.0,2.0,20.0,1,0,Très Bien
3.070153078839791,6,16.546241446044625,6.502331842341817,2.0,1.8994801735492084,10.0,3.0,3.0,9.0,20.0,1,0,Très Bien
6.372102919996879,3,15.439461476199115,4.707113055611071,0.0,2.792303564053296,8.0,2.0,3.0,4.0,20.0,1,0,Très Bien
7.116848973699176,2,8.663017590988257,7.465809456871306,6.0,3.018702656679586,3.0,9.0,2.0,4.0,20.0,1,0,Très Bien
1.4825210271537714,1,8.496727752300236,5.327174158043621,7.0,2.6805651583881436,7.0,8.0,5.0,2.0,17.47500048266025,1,0,Très Bien
2.63348297466845,4,15.824051549038458,5.810298004579095,1.0,5.01612213513271,3.0,6.0,5.0,5.0,16.851254912718254,1,0,Très Bien
0.9215356444797989,4,8.593092285726513,5.213881298894993,8.0,2.4380951651551586,6.0,6.0,2.0,6.0,14.619082308754756,1,0,Très Bien
4.461186331110884,3,13.527885970926024,6.309411501015017,3.0,4.079025966495362,2.0,7.0,2.0,10.0,20.0,1,0,Très Bien
6.435084511591924,1,10.151786353991028,6.958045878269527,9.0,3.1053908802710484,6.0,9.0,4.0,6.0,20.0,1,0,Très Bien
8.004714104192056,4,16.851134773565047,7.410421871748557,10.0,4.450398514356281,6.0,0.0,0.0,3.0,20.0,1,0,Très Bien
5.14818956083955,2,9.688725602586363,6.099240046879055,8.0,0.9420760915732824,8.0,10.0,5.0,9.0,20.0,1,0,Très Bien
8.257231091142584,4,15.430084590617485,8.603925559592774,2.0,0.0,5.0,3.0,4.0,7.0,20.0,1,0,Très Bien
2.2397970835702172,1,12.554575962181094,6.687692113015051,7.0,3.044623480209406,1.0,4.0,3.0,3.0,16.681715735762012,1,0,Très Bien
1.5932351212896907,5,12.75658456270286,5.818416350101721,10.0,1.7288245244989504,8.0,4.0,3.0,4.0,18.147927225896158,1,0,Très Bien
4.888904602206763,3,6.089074255945797,7.339438400865155,1.0,5.1973198719356954,9.0,0.0,3.0,7.0,16.861433041695776,1,0,Très Bien
5.768130897878614,1,5.391259940382844,9.945329250315723,2.0,2.8754016192250984,1.0,2.0,2.0,8.0,18.963455493773118,1,0,Très Bien
4.934610503811814,2,11.338302179198058,7.502740849802676,0.0,3.329661495217227,5.0,1.0,1.0,6.0,19.076751331519606,1,0,Très Bien
0.8651157999202468,1,12.740718190249835,6.4557165589395895,4.0,2.5389525531423365,6.0,6.0,4.0,4.0,16.159342065110152,1,0,Très Bien
4.821759920974423,5,8.62440651678683,4.7088079658219435,3.0,2.0229891009668055,4.0,4.0,1.0,2.0,17.60827820964205,1,0,Très Bien
2.3910609989902936,1,8.733919768570974,6.670881518541894,0.0,3.086260109117714,2.0,2.0,0.0,10.0,11.84644433080158,1,1,Assez Bien
6.339345097660077,3,13.684417889478398,7.352392187632173,9.0,4.522088160960593,5.0,10.0,0.0,8.0,20.0,1,0,Très Bien
5.733196492193697,2,13.688563441371391,6.418628663116645,8.0,2.531119700802567,4.0,7.0,4.0,1.0,20.0,1,0,Très Bien
3.1202404273452897,3,11.586776818836219,4.5019230426385,5.0,2.4257615408845887,7.0,0.0,3.0,9.0,17.249841394136197,1,0,Très Bien
3.972266165326613,2,14.340605163558225,5.72415191574485,5.0,4.2072252674389885,6.0,0.0,5.0,8.0,20.0,1,0,Très Bien
2.881572956222097,5,8.477393112839561,9.181807691331636,10.0,0.47300497788843643,3.0,5.0,0.0,3.0,17.489146846460038,1,0,Très Bien
4.874641805453656,4,10.932195248739088,9.15100150559569,1.0,4.782708499529926,9.0,0.0,1.0,10.0,19.10094169767673,1,0,Très Bien
6.910284641002477,5,16.94363281735102,5.670041246193103,6.0,1.790469333462224,4.0,3.0,1.0,4.0,20.0,1,0,Très Bien
3.0285479073289125,2,12.204966389819452,8.009135180799133,8.0,4.416841718267433,5.0,5.0,5.0,10.0,20.0,1,0,Très Bien
6.008093031035688,3,12.378937543760998,5.232140822844739,5.0,3.4407680559173928,3.0,0.0,2.0,4.0,20.0,1,0,Très Bien
3.9394847632551184,2,18.91783975790322,9.106474422992429,10.0,0.0,8.0,8.0,3.0,2.0,20.0,1,0,Très Bien
3.4142543354753117,1,7.801973502453688,7.367853771841355,7.0,3.0178090270664817,7.0,3.0,2.0,10.0,18.295616528097966,1,0,Très Bien
4.785939280090885,3,14.389291099926332,8.4244622479248,4.0,4.971422368630729,7.0,8.0,4.0,5.0,20.0,1,0,Très Bien
2.929515355161252,1,16.9919588394243,4.427359979226192,1.0,2.5446717679594975,8.0,8.0,0.0,3.0,20.0,1,0,Très Bien
3.892701389305636,7,11.025426220504361,8.016455652887332,3.0,2.6823663632235197,7.0,5.0,5.0,1.0,19.690045177749536,1,0,Très Bien
2.604244214822303,6,14.578892360564538,6.988488904473245,0.0,1.8488847577113987,3.0,6.0,5.0,2.0,15.786533159876676,1,0,Très Bien
8.929450265832779,3,9.053941508367286,8.277893606186264,0.0,4.793266745207323,3.0,0.0,5.0,7.0,20.0,1,0,Très Bien
5.070527103943458,4,9.939802813297945,8.372301697146774,5.0,2.3056245805055253,2.0,4.0,2.0,1.0,20.0,1,0,Très Bien
3.6005489840148286,1,13.154899248142904,7.098677034212124,1.0,5.687295023997455,1.0,2.0,2.0,2.0,15.597156604132655,1,0,Très Bien
5.427959821468444,1,14.39570001933177,6.098755541356128,5.0,4.73300257047814,5.0,9.0,4.0,10.0,20.0,1,0,Très Bien
4.77534390061834,2,15.362809537218737,8.169544273269242,0.0,4.997915497660106,4.0,9.0,1.0,7.0,20.0,1,0,Très Bien
4.558060800933554,3,16.70888576081848,6.909768250892308,10.0,3.1202600830881937,2.0,5.0,1.0,1.0,20.0,1,0,Très Bien
6.22833340008685,3,11.797660324334453,5.690822569708536,9.0,2.2705107010038525,1.0,3.0,4.0,7.0,20.0,1,0,Très Bien
6.51501542009461,1,15.580835265517763,5.619771652813471,2.0,3.717637608374214,3.0,8.0,5.0,8.0,20.0,1,0,Très Bien
3.938997704778945,4,10.973085469652553,4.784253375531428,8.0,5.327987446330862,6.0,6.0,1.0,2.0,19.09946312339195,1,0,Très Bien
3.8483635187106398,1,14.706273934764804,6.234563260655405,1.0,5.659860917502657,2.0,3.0,4.0,4.0,16.897965455340902,1,0,Très Bien
4.449896605696712,3,12.622466393556545,8.654038069111568,7.0,0.2142046332782077,10.0,10.0,1.0,7.0,20.0,1,0,Très Bien
0.39615767052883033,3,13.337033721245772,7.266744699558151,5.0,7.05719608607382,7.0,5.0,4.0,1.0,13.278576555125085,1,0,Bien
1.9696178756028955,1,13.270523622066111,6.205348441115439,5.0,3.3782138935966604,7.0,1.0,1.0,6.0,15.557727657376669,1,0,Très Bien
7.733748534889049,2,7.185884970606564,8.207283907270119,6.0,4.168696832831282,3.0,2.0,5.0,5.0,20.0,1,0,Très Bien
8.289935427002568,4,8.62763442341768,5.751285067414917,4.0,1.6570753604654471,1.0,10.0,2.0,6.0,20.0,1,0,Très Bien
4.501927920887243,2,12.307624319452568,7.143025411499168,10.0,1.5537352426391569,9.0,6.0,2.0,8.0,20.0,1,0,Très Bien
6.153113926111533,0,6.938162761076494,6.730554440911727,3.0,0.8417712803239059,5.0,10.0,5.0,1.0,20.0,1,0,Très Bien
5.622500309087072,4,14.493633309599268,8.168695938382529,5.0,5.555478274388129,2.0,3.0,1.0,3.0,20.0,1,0,Très Bien
11.157761616910475,0,14.614667898864425,4.634157443620749,7.0,1.967889997977991,8.0,9.0,5.0,9.0,20.0,1,0,Très Bien
7.2391498228691535,2,12.981511658633371,5.724703381278016,3.0,2.862160216915112,10.0,6.0,4.0,8.0,20.0,1,0,Très Bien
4.744164817038467,5,8.636597961726235,4.542631511358199,4.0,2.5479546905631922,10.0,8.0,2.0,4.0,19.11091793613727,1,0,Très Bien
3.0889191187991485,1,16.140416816605544,6.610604917286095,6.0,1.4687584704888583,4.0,4.0,0.0,10.0,20.0,1,0,Très Bien
1.787107359484855,5,18.111631919155073,8.817141255448647,5.0,2.7015677897161714,10.0,0.0,1.0,9.0,18.582547931203475,1,0,Très Bien
5.406927271734446,4,12.441230482337922,6.241829185519709,3.0,3.131850015531506,7.0,4.0,0.0,7.0,19.45187945338293,1,0,Très Bien
3.487298509431393,4,13.531606135353709,6.233974092706524,3.0,4.873166875239207,5.0,5.0,0.0,2.0,19.47755573541893,1,0,Très Bien
2.1554925808046517,3,12.605215964388131,8.307586636276206,9.0,1.4113509955582515,3.0,10.0,3.0,1.0,20.0,1,0,Très Bien
3.7068542315149466,6,13.591107566996397,8.60282433768295,3.0,2.124748742752876,10.0,1.0,0.0,1.0,19.498046412566246,1,0,Très Bien
2.83690399277121,2,11.641323730120812,6.867143399096815,0.0,3.8251610901726716,8.0,7.0,0.0,3.0,17.57405569199412,1,0,Très Bien
8.37428327014513,4,11.89630728046859,8.027072281074839,4.0,3.0680864170011364,2.0,1.0,5.0,10.0,20.0,1,0,Très Bien
6.763279513898901,2,14.717152801492096,5.3845681886830805,7.0,3.0957175933256615,1.0,8.0,3.0,2.0,20.0,1,0,Très Bien
4.9840547173667655,5,19.036872485689322,9.066961500888121,6.0,1.5433901562757855,5.0,1.0,3.0,4.0,20.0,1,0,Très Bien
7.959888277780052,3,7.7997862967947835,10.223059440905576,4.0,4.167692989729295,4.0,2.0,3.0,8.0,20.0,1,0,Très Bien
5.154736615295237,3,11.688562546791099,7.7818236867830874,2.0,5.120435933337708,10.0,7.0,4.0,5.0,20.0,1,0,Très Bien
3.2774315973434724,3,8.458618544303754,3.873502567985799,10.0,4.981749839392633,7.0,10.0,3.0,5.0,18.53300454736473,1,0,Très Bien
8.046248154539315,1,16.77607469572825,6.162654606403324,0.0,2.709577967543636,9.0,5.0,5.0,6.0,20.0,1,0,Très Bien
6.077820087369317,3,10.236786092040305,7.919237982503982,6.0,0.0,6.0,0.0,4.0,5.0,20.0,1,0,Très Bien
2.925507691347087,6,7.6703976186426175,6.367775504250456,10.0,3.3505962519741743,1.0,3.0,1.0,5.0,15.400453107207852,1,1,Très Bien
4.619322643832784,3,13.91456099654572,8.908297831375146,2.0,3.150465449367195,8.0,4.0,4.0,7.0,19.024752918905467,1,0,Très Bien
3.2487634932304856,1,17.232933344229334,7.882235896653798,3.0,1.4728220895463848,2.0,10.0,1.0,6.0,20.0,1,0,Très Bien
2.234400538071328,3,13.990793605682288,5.940286748851305,4.0,1.7675141081101986,4.0,2.0,3.0,10.0,16.805625310597442,1,0,Très Bien
6.852355095063283,3,12.614393631845752,7.0483972161568795,7.0,1.5066641273691015,3.0,0.0,3.0,2.0,20.0,1,0,Très Bien
8.818833280940261,2,13.227422768327981,5.659250169041365,6.0,3.411786344676763,6.0,2.0,1.0,1.0,20.0,1,0,Très Bien
2.2028648523617176,3,16.244521988476663,6.726122682381337,8.0,1.766391568859135,2.0,8.0,2.0,1.0,20.0,1,0,Très Bien
6.125938473381142,0,9.37740218995755,6.168110139351173,10.0,3.247631188825711,5.0,1.0,5.0,4.0,20.0,1,0,Très Bien
3.698714861756346,8,11.66445868774106,8.762142700349557,2.0,6.564811696573177,9.0,0.0,4.0,2.0,15.891313903954796,1,0,Très Bien
4.0257492324706075,1,10.6419295544714,10.174018085246493,10.0,2.721240124345256,3.0,6.0,5.0,6.0,20.0,1,0,Très Bien
3.8152121515222617,1,8.496404078124868,4.853217500146372,9.0,1.2599496177108138,2.0,6.0,5.0,9.0,16.670118056370256,1,0,Très Bien
3.2720184606403677,3,11.014874221749594,4.115175570685372,0.0,0.8199833027849839,2.0,4.0,0.0,10.0,15.514655222594758,1,1,Très Bien
5.097043255889654,2,15.323163287947345,6.632241367222921,0.0,3.4951032560526816,9.0,1.0,3.0,10.0,20.0,1,0,Très Bien
3.3380997671779244,2,13.699806445178176,4.722376451756976,9.0,6.00434027512613,6.0,0.0,4.0,8.0,20.0,1,0,Très Bien
5.540913651559678,3,13.932931500324601,7.069317405506376,0.0,1.6476000193374387,2.0,4.0,5.0,4.0,19.77295345568474,1,0,Très Bien
4.899523781101726,4,12.439426834959955,8.12340417070889,1.0,0.0,3.0,9.0,4.0,2.0,20.0,1,0,Très Bien
4.522103906267181,3,13.569971348185765,9.241212845900238,1.0,5.561198868755465,1.0,3.0,5.0,1.0,18.786464189390124,1,0,Très Bien
3.1848726759168042,7,9.598228972955685,7.302091838072922,6.0,6.774381628240121,2.0,8.0,3.0,7.0,14.884338540004675,1,1,Très Bien
3.8464573388633347,3,11.071470342218312,6.710267162725631,8.0,4.135088610416417,2.0,4.0,5.0,10.0,15.793026885191328,1,1,Très Bien
6.510782451651512,3,12.57601271090603,4.032422625140374,7.0,3.645831494457362,2.0,10.0,1.0,3.0,20.0,1,0,Très Bien
6.0018343752487615,3,12.83254757664567,7.039277723778698,3.0,3.1000882787332094,7.0,9.0,3.0,6.0,20.0,1,0,Très Bien
3.044889510402898,5,12.96056356476562,7.106930890824192,1.0,4.02153115224394,3.0,1.0,4.0,5.0,13.741127409028005,1,0,Bien
5.198664610858452,5,11.584994153950866,7.958435221319118,2.0,3.952207698177321,4.0,3.0,2.0,5.0,20.0,1,0,Très Bien
6.502774246743578,4,10.86772979660901,5.937267847706363,9.0,3.424480214468401,2.0,8.0,5.0,2.0,20.0,1,0,Très Bien
1.6611894377572565,4,20.0,6.34742109964621,4.0,1.5715361667365313,5.0,7.0,1.0,9.0,17.75002374423452,1,0,Très Bien
6.08672038475987,2,14.720361818797196,4.7829966170437235,8.0,3.416542350652115,9.0,2.0,3.0,4.0,20.0,1,0,Très Bien
3.674752482108307,6,13.239442427857867,3.5630607896739024,7.0,2.852380116795939,9.0,7.0,0.0,10.0,20.0,1,0,Très Bien
6.141197337186319,3,11.300374505380818,5.337254363804825,2.0,1.7969261306124986,7.0,1.0,3.0,1.0,20.0,1,0,Très Bien
3.4734816869149663,2,10.64634351916837,4.644511278620476,8.0,3.4130399688494992,8.0,2.0,4.0,2.0,20.0,1,0,Très Bien
1.390235798670962,6,11.607598218819133,7.5050684431309165,9.0,2.27070398590907,5.0,4.0,4.0,9.0,17.70297394689355,1,1,Très Bien
1.7449151242336747,4,12.87848653076005,6.222798914999714,2.0,3.1016028359512484,5.0,10.0,0.0,7.0,14.066150908305817,1,0,Très Bien
5.096169893322764,3,6.358693367810756,6.192644304887816,9.0,3.684732405729129,3.0,9.0,1.0,10.0,20.0,1,1,Très Bien
5.519445003442963,3,7.291831213875949,5.523380430737182,7.0,3.897230424694601,6.0,9.0,4.0,2.0,19.75444952767097,1,0,Très Bien
3.191366749791183,6,10.089352833183128,3.0,0.0,2.307662813097882,1.0,7.0,1.0,7.0,13.238082714790504,1,1,Bien
6.277184917554748,4,12.621418310335706,9.262466123121325,3.0,3.6755877872324967,3.0,0.0,1.0,4.0,20.0,1,0,Très Bien
1.6769598754620803,2,11.282180558544447,5.499594215834818,3.0,4.024771060345003,2.0,3.0,3.0,10.0,14.687611880251556,1,1,Très Bien
4.867840402705367,1,16.434363678298453,6.38136989522514,5.0,4.460827579984308,7.0,0.0,1.0,2.0,20.0,1,0,Très Bien
2.5779676004750867,3,7.552809639012693,4.817661752066034,1.0,3.4572912487634575,9.0,0.0,5.0,4.0,14.75042319704978,1,0,Très Bien
3.696327784395682,4,9.745963591189888,8.457895515160951,6.0,3.9080230245677443,4.0,4.0,4.0,5.0,18.498355791307326,1,0,Très Bien
5.094797342632828,5,16.560275222973303,7.215143405555986,4.0,2.367899845345464,7.0,5.0,4.0,4.0,20.0,1,0,Très Bien
3.2791732694320954,6,12.39335797402544,5.760452072101197,9.0,6.865379626561972,8.0,0.0,2.0,3.0,17.53144785505479,1,0,Très Bien
4.230888911540349,2,14.654527748403476,6.411655582983964,5.0,2.90383245533986,10.0,10.0,1.0,6.0,20.0,1,0,Très Bien
7.012585618428881,4,18.15374082980839,9.517269883187305,10.0,4.681777184505453,2.0,5.0,2.0,1.0,20.0,1,0,Très Bien
3.8462162609537023,4,9.918586746294533,6.890545852178082,5.0,2.269861080208964,7.0,4.0,3.0,8.0,20.0,1,0,Très Bien
6.671384224130284,0,11.702056986623903,6.7273996935761415,10.0,3.5621308098037607,3.0,3.0,2.0,5.0,20.0,1,0,Très Bien
2.740586290684764,4,11.182719297207385,5.587927770791103,5.0,3.5061364138353985,8.0,9.0,1.0,8.0,17.82931400785,1,0,Très Bien
6.059608355830566,5,6.136220986550173,4.1581282742915455,9.0,3.7917208269053653,6.0,4.0,4.0,10.0,19.785774670209126,1,0,Très Bien
7.883137241315801,2,11.068809588732092,6.759941989630983,7.0,1.727995712772635,3.0,7.0,3.0,4.0,20.0,1,0,Très Bien
0.056710999745421375,5,14.643186562141995,7.4882276684869264,9.0,3.5841636718600998,8.0,8.0,1.0,4.0,16.098640291397107,1,0,Très Bien
3.406209489059046,4,13.621768625436722,8.649376696491505,3.0,2.275688008624055,3.0,10.0,3.0,5.0,20.0,1,0,Très Bien
6.15414425436108,5,13.857249508164031,3.627255198250517,9.0,4.229186242758656,9.0,1.0,0.0,5.0,20.0,1,0,Très Bien
4.593909227914015,2,10.873473058081501,5.312355509465457,7.0,1.6826566205123936,3.0,5.0,1.0,6.0,20.0,1,0,Très Bien
5.742291746742618,2,10.031708291983076,6.1288883641653245,8.0,3.4588496726738245,1.0,2.0,0.0,5.0,20.0,1,0,Très Bien
3.792029626568359,0,15.807767015695863,6.994778727140197,3.0,2.9575384660488906,2.0,1.0,2.0,5.0,20.0,1,0,Très Bien
5.1731795749458,4,10.50804856092699,6.782449462707366,0.0,5.782358777819495,4.0,0.0,1.0,8.0,16.905923394813478,1,0,Très Bien
4.688645529215841,1,12.882246116379642,6.817466971469096,2.0,4.6766810022526375,2.0,3.0,0.0,6.0,17.85149839113393,1,0,Très Bien
7.335564123319615,2,12.490004042032615,7.612144087854917,0.0,5.058746005826181,4.0,7.0,5.0,2.0,20.0,1,0,Très Bien
5.508841686602426,3,16.385151048771355,5.645060333831336,6.0,1.8426673349870792,4.0,2.0,4.0,4.0,20.0,1,0,Très Bien
5.675205324150404,2,14.914237073017079,8.401212163350541,0.0,2.4249555010017607,4.0,4.0,2.0,4.0,20.0,1,0,Très Bien
4.1762460677550655,2,8.114224137998637,7.650178662549221,10.0,2.9938975299019766,1.0,9.0,1.0,5.0,20.0,1,0,Très Bien
4.024787551855013,1,8.43734049967488,6.520251603807881,3.0,4.716838127079331,9.0,4.0,1.0,6.0,16.580361010398356,1,0,Très Bien
4.134883624360758,3,13.736729454207403,9.401361987833372,0.0,3.5641144410119696,10.0,4.0,4.0,5.0,19.272812406967198,1,0,Très Bien
5.788904284756594,4,11.8069870578625,9.33462405335765,1.0,1.8762336381956246,7.0,10.0,4.0,6.0,20.0,1,0,Très Bien
4.158031038359474,6,10.634484648138708,8.399343032790712,10.0,1.9396382769014286,2.0,8.0,0.0,8.0,19.87510106554931,1,0,Très Bien
5.579549713792826,3,15.046883651983412,3.0,0.0,4.788707314709896,3.0,7.0,0.0,4.0,19.349058698998988,1,0,Très Bien
9.150801597290878,2,12.562378146266733,9.368417639076963,4.0,3.612510080548963,8.0,7.0,0.0,3.0,20.0,1,0,Très Bien
6.742249406863385,3,12.157372160668332,8.192137783707901,6.0,3.078692032432179,7.0,0.0,3.0,9.0,20.0,1,0,Très Bien
4.347952935664318,1,14.33948592226515,10.009612956569406,2.0,2.9544191837113094,4.0,0.0,2.0,3.0,20.0,1,0,Très Bien
7.40242784432789,2,10.874673015169307,8.856196887600309,7.0,4.343093491031636,4.0,1.0,1.0,8.0,20.0,1,0,Très Bien
4.183849253956897,1,16.705556956417663,9.367514016245927,4.0,1.418437192388504,9.0,7.0,2.0,10.0,20.0,1,0,Très Bien
0.9237509296442923,3,9.635857130300977,8.317982275270568,4.0,3.077791607045787,5.0,9.0,4.0,5.0,15.136161362474153,1,0,Très Bien
2.983827378165192,4,13.970787199026265,9.023039797968268,4.0,3.1674318387651867,5.0,0.0,5.0,9.0,18.57903898758417,1,0,Très Bien
1.2584161579482886,2,16.301498515979535,9.99118561110166,7.0,1.1311347768745128,7.0,3.0,2.0,3.0,19.80326727846462,1,0,Très Bien
4.296973031917383,2,7.868113532183701,7.324832107567309,1.0,2.6888978865182045,1.0,8.0,2.0,10.0,16.741943930423385,1,0,Très Bien
5.036836758379104,3,10.969994472442652,4.641654183882805,1.0,6.429786614871863,3.0,1.0,0.0,10.0,16.045674765544327,1,0,Très Bien
8.352874624550566,2,15.426622178656674,6.538808649977287,7.0,1.7474883942661383,2.0,2.0,4.0,8.0,20.0,1,0,Très Bien
5.653854747528325,2,15.471733643193076,7.584918399075155,8.0,3.1890599396037196,10.0,10.0,2.0,7.0,20.0,1,0,Très Bien
4.561798942382271,3,11.485513198835282,7.112331376557337,10.0,0.0,6.0,5.0,1.0,7.0,20.0,1,0,Très Bien
6.658811162366979,1,9.795986718969422,5.13015705076086,9.0,2.791631235977609,6.0,10.0,0.0,10.0,20.0,1,0,Très Bien
0.5777293819842297,6,14.867807466992286,4.553398562207532,9.0,1.3884381857779766,10.0,9.0,2.0,9.0,15.927157274399333,1,0,Très Bien
5.471229116217132,2,15.550647307744814,5.888255997047756,1.0,2.472268805078814,1.0,2.0,4.0,8.0,20.0,1,0,Très Bien
6.541730387773933,2,8.506009954462815,8.211609333976227,3.0,3.6392501702103104,6.0,3.0,5.0,3.0,20.0,1,0,Très Bien
2.042827508440317,2,8.38825905310086,9.370509656234454,7.0,1.3113511209299447,10.0,8.0,1.0,6.0,19.319148921791054,1,0,Très Bien
7.287508086413858,4,12.675770045950799,8.374851420666552,1.0,3.361551933213182,2.0,8.0,5.0,6.0,20.0,1,0,Très Bien
5.676992814988829,1,13.888081900286675,8.586140930671204,3.0,1.8303395564655132,4.0,9.0,4.0,5.0,20.0,1,0,Très Bien
4.169424172198397,2,11.102792744309836,6.878776640254664,9.0,0.9968199593879823,6.0,4.0,4.0,3.0,20.0,1,0,Très Bien
6.26556373221257,4,14.037881459947048,4.3868763134410536,0.0,4.474056072143259,3.0,6.0,4.0,9.0,19.41192179200022,1,0,Très Bien
9.541385715608792,3,9.869590179487854,6.317169128675942,1.0,1.5578875297772856,3.0,8.0,5.0,7.0,20.0,1,0,Très Bien
5.36373251011699,3,5.655919202778794,6.611853382191432,6.0,2.364242091328271,3.0,7.0,3.0,4.0,17.010795860503762,1,0,Très Bien
5.496441172600672,3,10.728296783002211,6.2544212697464765,0.0,2.143893594686439,4.0,10.0,1.0,6.0,20.0,1,0,Très Bien
4.081278200919511,6,12.189696439539304,7.082042298061939,0.0,3.3253260969813754,9.0,6.0,4.0,5.0,18.977162537752925,1,0,Très Bien
3.3003112610704166,3,11.172480120310631,7.662129639839426,1.0,3.0484534662246627,4.0,7.0,3.0,1.0,18.31984191730426,1,0,Très Bien
6.660671633088491,3,8.524190209021544,8.279522782365246,3.0,2.7521521812725287,4.0,4.0,0.0,2.0,20.0,1,0,Très Bien
3.2878323481822656,1,6.553053072363547,6.582820203450499,6.0,1.9368954673453571,4.0,4.0,3.0,1.0,16.30535956022141,1,0,Très Bien
5.143132474438785,2,10.457733586896307,4.144360891533109,3.0,2.6020460027234193,7.0,4.0,0.0,9.0,17.451993920023405,1,0,Très Bien
4.044685106469767,4,14.69296731494923,6.275683421063298,4.0,3.4407624692757475,5.0,0.0,5.0,9.0,19.363698286256774,1,0,Très Bien
5.957959651492784,3,15.768592318241048,7.065565595487976,3.0,3.1768393416006466,2.0,5.0,3.0,5.0,20.0,1,0,Très Bien
5.667324210573897,3,15.563140152415365,8.834211883200112,3.0,4.682653624025781,7.0,4.0,5.0,8.0,20.0,1,0,Très Bien
7.075079888515798,2,9.55227139455434,6.148288236723841,8.0,4.144515989876835,3.0,7.0,4.0,10.0,20.0,1,0,Très Bien
3.979967202290506,3,8.538881029108907,7.768815442599102,5.0,4.659697581547649,1.0,7.0,3.0,4.0,16.879831385214814,1,1,Très Bien
4.460250129413257,1,13.489903844939686,7.435131849453149,2.0,5.03011276839293,9.0,1.0,3.0,1.0,20.0,1,0,Très Bien
3.042472568435385,2,13.905300034793775,7.065850799685083,5.0,3.280628362698135,5.0,10.0,4.0,4.0,20.0,1,0,Très Bien
4.111413479847776,2,13.200508815601491,8.395799978986886,6.0,4.280432128770812,10.0,5.0,0.0,7.0,18.9455656616031,1,0,Très Bien
5.754600986089704,3,5.95781017728671,6.008738204871129,6.0,3.503537817740591,1.0,10.0,4.0,2.0,19.536198676593816,1,0,Très Bien
6.513977233290704,5,9.3993462453496,6.1372203255347255,7.0,4.990143923332214,1.0,9.0,1.0,2.0,20.0,1,0,Très Bien
3.1556693516447494,3,11.910933629142065,6.982148765358658,3.0,0.36771486092133676,1.0,9.0,3.0,6.0,19.05699560285737,1,0,Très Bien
6.73921184021132,6,13.461654583891281,6.03978024235945,0.0,2.5266580649970094,9.0,5.0,1.0,9.0,20.0,1,0,Très Bien
7.711275717609902,2,14.30192208780746,7.7620184365819,5.0,3.6151106974734564,8.0,2.0,4.0,3.0,20.0,1,0,Très Bien
5.826869806447402,5,12.43276056684612,5.930211543450801,7.0,3.8549412488815262,6.0,0.0,5.0,7.0,18.200771493265393,1,0,Très Bien
8.753591625116131,6,12.992351419614709,7.339456311617702,4.0,2.973542010283317,10.0,6.0,4.0,10.0,20.0,1,0,Très Bien
3.452421601792854,6,12.254596375083313,6.8497408468198655,2.0,0.5062495440491235,6.0,9.0,2.0,9.0,18.750267576097045,1,0,Très Bien
2.510690593377166,3,14.056858122655449,7.3223889471650585,3.0,2.733663584600553,6.0,4.0,1.0,9.0,16.91386379047057,1,0,Très Bien
1.4425595021914428,4,12.938596954472732,6.310387907405441,7.0,4.224307102584763,4.0,9.0,2.0,4.0,17.543740920647217,1,0,Très Bien
7.9920886229783665,3,12.197212980141861,6.49136755820976,5.0,2.526523142665687,5.0,4.0,1.0,2.0,20.0,1,0,Très Bien
6.308731312708115,2,11.194893602587857,7.144013901995575,4.0,3.138752426420539,10.0,10.0,5.0,1.0,20.0,1,0,Très Bien
4.8888306581790895,5,12.243874275127443,7.303111759241969,8.0,5.874823913060601,3.0,7.0,2.0,6.0,19.49371471234118,1,0,Très Bien
5.5599372526396404,4,13.453774136517824,6.993697126913266,9.0,2.7196839803026553,3.0,4.0,2.0,5.0,20.0,1,0,Très Bien
2.749021905403247,2,12.802426166694184,9.558043534769626,2.0,2.763926923681493,10.0,4.0,1.0,6.0,20.0,1,0,Très Bien
9.891503959233653,0,13.142479255035761,5.513894621888074,6.0,3.291259317226622,7.0,0.0,4.0,7.0,20.0,1,0,Très Bien
5.258442363950455,0,16.028165584053557,6.903694307570929,8.0,3.3563082953906616,5.0,1.0,0.0,9.0,20.0,1,0,Très Bien
5.218789589209786,5,12.795491768239762,4.639556466824523,10.0,3.201927015508035,8.0,4.0,4.0,10.0,20.0,1,0,Très Bien
6.451533247797384,6,10.053004438580526,7.558122218001079,10.0,3.5898011726070607,5.0,6.0,0.0,10.0,20.0,1,0,Très Bien
5.962018463473426,1,14.650820357982507,5.327130195434779,3.0,1.2149018325240033,4.0,2.0,1.0,6.0,20.0,1,0,Très Bien
5.447768048558263,2,7.9014049869932474,6.582534616185136,9.0,2.8181927790787875,3.0,0.0,3.0,6.0,20.0,1,0,Très Bien
3.4190510891093764,5,8.755759857782138,6.4419035120030115,9.0,1.1574328060254628,2.0,10.0,4.0,3.0,18.600325661976136,1,0,Très Bien
5.942936714271991,4,13.007541794160208,7.421336689901757,2.0,3.0839506291472807,3.0,1.0,2.0,8.0,20.0,1,0,Très Bien
8.764048992950068,3,13.549190003359737,6.17081362368223,0.0,3.906863781484069,7.0,2.0,4.0,9.0,20.0,1,0,Très Bien
7.690840092309955,2,8.264846329488016,6.1070414534590265,8.0,2.79195475484548,8.0,8.0,1.0,1.0,20.0,1,0,Très Bien
8.186373253278795,0,10.85154755703975,9.153784696128847,0.0,1.5797420324185718,5.0,7.0,3.0,6.0,20.0,1,0,Très Bien
3.9775686471376295,4,10.181748503341025,7.426850185711789,1.0,2.353622196408562,1.0,3.0,3.0,7.0,14.21492566477883,1,1,Très Bien
3.020790359482838,5,10.53997103135521,6.158423721966598,8.0,5.701513664430067,3.0,7.0,4.0,8.0,16.564750178029584,1,1,Très Bien
4.748426159800704,2,14.830793328818837,6.623749492283154,4.0,5.17454548082004,4.0,8.0,4.0,10.0,20.0,1,0,Très Bien
5.111449824577389,3,14.119516390641758,9.468032428406117,3.0,2.1866761448212664,10.0,2.0,5.0,8.0,20.0,1,0,Très Bien
7.188383036941897,7,11.942633460438877,6.647252682623354,8.0,2.179217846796278,4.0,5.0,4.0,7.0,20.0,1,0,Très Bien
1.6150707405703613,5,10.362114218655217,5.966085065271418,8.0,2.8368282999663266,1.0,7.0,1.0,8.0,15.265548756257433,1,1,Très Bien
8.059100638921228,3,7.951050989339578,5.972505774810411,1.0,4.859517618720849,10.0,9.0,0.0,9.0,20.0,1,0,Très Bien
4.683984202842021,1,16.260554816345845,6.176310278515634,2.0,0.3735620922314915,9.0,6.0,5.0,10.0,20.0,1,0,Très Bien
4.14623786010516,3,13.776341700854754,6.108253416359917,2.0,2.1672418093413586,10.0,8.0,0.0,7.0,19.640696285766634,1,0,Très Bien
2.975791249479665,4,9.879992687780579,5.080528227476135,4.0,3.6169787298417493,4.0,6.0,2.0,3.0,14.343590536865559,1,0,Très Bien
1.6902866562684613,1,14.158798492874674,5.313699854579533,2.0,3.4438194254587002,2.0,0.0,1.0,9.0,12.681119699872475,1,0,Bien
6.646341167923829,3,11.789329138276123,5.756019438457945,9.0,2.358526059186461,9.0,8.0,5.0,1.0,20.0,1,0,Très Bien
5.146635934376808,3,11.13867148541297,7.887356527679646,5.0,2.6215627361239267,4.0,4.0,3.0,8.0,20.0,1,0,Très Bien
2.4200782005178922,4,13.305634584868807,6.42814406909069,1.0,3.496441580677565,4.0,5.0,5.0,6.0,16.996487862596695,1,0,Très Bien
2.409842455872768,1,9.775505250261826,6.6892574663589395,5.0,2.384405549535173,6.0,1.0,2.0,3.0,14.950069399738574,1,0,Très Bien
4.328430601419743,2,10.96873044146967,8.905132037882346,5.0,1.4048340068305327,8.0,1.0,3.0,9.0,20.0,1,0,Très Bien
8.338043050578786,3,12.364383192598638,8.942510724907628,1.0,2.7218940360472006,5.0,3.0,5.0,6.0,20.0,1,0,Très Bien
4.48081729727279,2,10.50164642134436,6.576812585293397,5.0,3.284035067720558,8.0,3.0,3.0,7.0,17.085514461360017,1,0,Très Bien
1.9937140937637876,1,14.007255630802572,6.053704733974887,5.0,0.0,1.0,4.0,4.0,2.0,19.36184542231409,1,0,Très Bien
4.508513871828112,1,17.607199511034782,5.703354529489693,5.0,3.5883347638127345,4.0,6.0,3.0,1.0,20.0,1,0,Très Bien
4.454552860504659,3,9.737105602178572,8.039163654562357,4.0,4.461263503487711,1.0,10.0,5.0,1.0,19.484850056022353,1,0,Très Bien
0.0,0,7.004624111087867,6.692939149716568,6.0,2.464115941399082,3.0,0.0,3.0,3.0,13.724018610316458,1,0,Bien
4.8914102669643755,3,5.994779497571216,6.420257664515814,4.0,2.4913265833126212,7.0,9.0,1.0,3.0,19.86254457374995,1,0,Très Bien
4.538130939582644,1,11.548595575515053,5.779503137293671,10.0,1.8923741241874277,1.0,3.0,4.0,8.0,20.0,1,0,Très Bien
6.3924127296268365,1,10.010506229621452,5.845500386482917,0.0,2.77142359618332,5.0,8.0,4.0,7.0,20.0,1,0,Très Bien
8.69791218989069,7,12.623581503201242,7.480087287239867,8.0,2.162742207836394,1.0,7.0,2.0,10.0,20.0,1,0,Très Bien
7.253130059095515,3,12.397793016078303,5.026842601169107,2.0,5.171408358095215,6.0,2.0,4.0,8.0,20.0,1,0,Très Bien
4.462222618890339,2,7.190349460157711,8.492303040681907,1.0,3.1869096635788963,9.0,5.0,0.0,1.0,20.0,1,0,Très Bien
2.7869481825166593,4,6.555348511555782,6.199233034277622,9.0,0.0,3.0,10.0,1.0,4.0,17.54203947797916,1,0,Très Bien
10.14671960649972,4,12.887799721038286,6.775546083622311,5.0,3.855801953200208,6.0,8.0,2.0,8.0,20.0,1,0,Très Bien
5.118436868028977,0,12.40628650415987,4.994533062789168,7.0,5.578709734105651,4.0,7.0,0.0,10.0,20.0,1,0,Très Bien
5.027858583825893,3,10.722546004900346,6.981451092636453,1.0,3.7636020754215176,6.0,6.0,3.0,2.0,19.193658372779105,1,0,Très Bien
4.951749825779993,3,7.028569244603086,6.50751858596416,3.0,4.785024854392907,2.0,6.0,0.0,7.0,15.857228769064895,1,0,Très Bien
5.39616952153571,7,13.414173788294972,6.9248791017153,1.0,4.0157718340917725,4.0,0.0,2.0,8.0,19.45234984326562,1,1,Très Bien
4.711279176152115,3,15.81569863627183,9.207563347542836,8.0,4.486475795763446,7.0,4.0,4.0,9.0,20.0,1,0,Très Bien
3.8526759862395275,2,12.833947320656767,7.26654706868536,9.0,4.413439843204996,6.0,6.0,1.0,7.0,20.0,1,0,Très Bien
3.9062821175192157,4,9.457578328304805,5.808011223781294,1.0,4.430628098378701,9.0,1.0,2.0,9.0,13.90582676148537,1,0,Bien
4.934493459568003,2,12.133656496713455,5.933020134180148,9.0,3.4750141374699517,7.0,5.0,0.0,2.0,20.0,1,0,Très Bien
3.91315045773247,2,7.9016577571989455,7.892696778870652,1.0,0.42745075114596265,1.0,1.0,0.0,1.0,15.039737859022688,1,0,Très Bien
3.5743084346456713,3,15.173882141516378,8.948039936490137,4.0,1.3660653663140063,6.0,2.0,2.0,1.0,20.0,1,0,Très Bien
5.212860455383794,0,12.245533003588616,7.422877031126575,4.0,1.393565215264411,3.0,0.0,5.0,4.0,18.826038910562765,1,0,Très Bien
4.490045565158289,0,6.695529264740305,8.033069116832154,6.0,0.0,8.0,2.0,5.0,1.0,20.0,1,0,Très Bien
8.007985977165378,3,11.097976918668952,7.914606585005058,0.0,2.3478529627591147,1.0,6.0,2.0,7.0,20.0,1,0,Très Bien
0.0,4,13.389904530702692,9.128596620036282,1.0,5.123209864784117,10.0,4.0,5.0,8.0,14.322114996387752,1,0,Très Bien
7.1830137038449235,6,11.000857137073433,4.075614740910951,10.0,0.845435846734583,2.0,3.0,2.0,3.0,20.0,1,0,Très Bien
7.492170384995259,4,11.172312835679477,8.000828408956792,10.0,4.092112754257896,3.0,7.0,4.0,1.0,20.0,1,0,Très Bien
0.8532195351837011,2,8.326793378858184,8.475604065855347,5.0,3.7936559425094196,3.0,7.0,2.0,3.0,14.562745930150655,1,0,Très Bien
4.314624811839303,2,13.699622961244968,4.99191444079664,1.0,3.344953136065904,7.0,0.0,3.0,2.0,20.0,1,0,Très Bien
4.257118268008417,8,10.054592399942587,5.671497723990376,3.0,4.773870813621926,8.0,8.0,1.0,6.0,15.874073755272635,1,0,Très Bien
2.1849766105643575,4,5.530663868984902,5.72382587705777,9.0,2.9380288456234127,9.0,8.0,1.0,7.0,15.654809323217394,1,0,Très Bien
3.444366624818249,3,10.886227887988818,5.906814705433925,5.0,5.282286848640123,7.0,1.0,3.0,9.0,15.982780053255219,1,0,Très Bien
2.7788483090683425,1,14.943449146711059,6.277424423596711,6.0,2.7007631828154115,8.0,1.0,0.0,5.0,18.526594479411713,1,0,Très Bien
8.504540886847245,2,10.839211660200158,7.3639042195824125,9.0,3.515045851944962,6.0,7.0,0.0,4.0,20.0,1,0,Très Bien
6.871356786294922,1,17.21395495537056,8.298511976751055,4.0,2.7875969449146933,2.0,10.0,0.0,1.0,20.0,1,0,Très Bien
7.543110189988317,3,13.28690384564555,8.621975436652804,7.0,1.6143032528692252,1.0,5.0,0.0,6.0,20.0,1,0,Très Bien
6.44334412808647,4,13.016274486841098,5.743265408248327,5.0,0.9801217455449249,3.0,2.0,4.0,8.0,20.0,1,0,Très Bien
2.7418964575655416,0,11.614805202247174,5.732945501945526,4.0,3.8628628289174856,9.0,1.0,3.0,4.0,19.258282185527353,1,0,Très Bien
3.9509594674404527,2,11.795141376707129,8.973732760024335,3.0,5.020930134302971,7.0,4.0,1.0,1.0,20.0,1,0,Très Bien
5.978749122455836,5,11.209729094641489,7.970115903127967,5.0,3.3662316921418127,2.0,7.0,3.0,5.0,20.0,1,0,Très Bien
2.5557443822161092,5,11.09319182375242,7.124297262803494,5.0,3.770927638637274,1.0,5.0,1.0,10.0,11.480441365471439,1,1,Assez Bien
6.425996860344776,3,13.592601486201445,7.7100050133324505,5.0,0.668517462740486,2.0,2.0,0.0,5.0,20.0,1,0,Très Bien
4.5193492036837295,1,9.192506310628303,6.955294327222839,0.0,3.57788672528037,3.0,8.0,4.0,2.0,18.041311632249496,1,0,Très Bien
4.250358384900805,3,8.772318513827221,7.786877024571422,5.0,0.0,6.0,7.0,2.0,6.0,19.43317873151414,1,0,Très Bien
6.421919936406983,2,8.630414847373867,6.49589995524139,0.0,1.2066292050480714,9.0,9.0,2.0,10.0,20.0,1,0,Très Bien
5.88852662297208,5,18.136963643031464,7.403207401658846,4.0,5.001289221657878,8.0,5.0,5.0,9.0,20.0,1,0,Très Bien
4.278067668361841,1,13.59102870501174,4.734180924445756,6.0,3.020475061905095,10.0,0.0,0.0,6.0,20.0,1,0,Très Bien
7.318659606728496,3,12.913476605040435,5.968323557761853,0.0,3.158753996514601,9.0,1.0,0.0,8.0,20.0,1,0,Très Bien
2.8378733448002054,3,8.827455989119706,5.984483234814485,0.0,3.830701902769821,8.0,3.0,3.0,10.0,12.605233692457617,1,1,Bien
6.231871213888527,4,13.870026902024485,6.438414950189629,5.0,4.197195316793977,7.0,1.0,4.0,3.0,20.0,1,0,Très Bien
6.186202515936768,2,11.650285960640014,5.610230117830378,6.0,2.593758795694634,6.0,2.0,4.0,10.0,20.0,1,0,Très Bien
4.38090712137202,2,12.64250682339525,6.199684561265377,5.0,3.439376072732756,8.0,7.0,3.0,2.0,19.680880206129316,1,0,Très Bien
5.652266044484236,1,9.070139052409331,4.728378906402819,4.0,2.8957317919756522,6.0,8.0,4.0,4.0,20.0,1,0,Très Bien
2.497772847229394,0,12.48080657225273,7.82305071459235,5.0,0.7020226946104944,2.0,5.0,4.0,9.0,20.0,1,0,Très Bien
6.848054038413802,2,10.72849938538055,6.8762297216329085,2.0,2.4682402679625257,9.0,3.0,2.0,9.0,20.0,1,0,Très Bien
4.630195727114022,2,9.703166528909437,4.442188588335975,8.0,3.6195710325269395,9.0,10.0,4.0,3.0,20.0,1,0,Très Bien
3.954553958961921,1,14.202319007421746,5.74775513417999,4.0,2.422526193066166,3.0,1.0,0.0,1.0,16.476693853903207,1,0,Très Bien
7.098018451673779,5,7.3868765744099925,7.50490214134325,1.0,2.4361387467412547,9.0,6.0,2.0,1.0,20.0,1,0,Très Bien
3.5913126189144817,7,13.694328792942452,6.185467080421315,9.0,4.173298231855931,2.0,9.0,0.0,4.0,20.0,1,0,Très Bien
2.1830774072728807,2,14.05345840065899,5.954587809792855,9.0,3.241678333156419,3.0,10.0,0.0,4.0,19.853802201011348,1,0,Très Bien
1.8867416529521925,2,9.361068973346278,6.888110984487885,6.0,3.527812728596018,6.0,6.0,3.0,10.0,17.617974091757645,1,0,Très Bien
6.21201990269128,2,9.539014616602598,7.515396302767324,2.0,0.5629148693226056,4.0,9.0,5.0,6.0,20.0,1,0,Très Bien
2.439141295007434,1,11.330922956200794,4.845471314441259,0.0,3.672480016013287,8.0,8.0,4.0,5.0,19.169407564064695,1,0,Très Bien
8.50958836396873,2,12.846108631386661,7.825192721826819,2.0,1.3373366768591786,1.0,4.0,4.0,6.0,20.0,1,0,Très Bien
0.8361411842325559,2,11.541435024557323,5.799560077588935,8.0,2.963218323889929,6.0,9.0,4.0,10.0,15.733343961233341,1,1,Très Bien
8.392912736580076,5,13.300687380575638,6.973108047625302,4.0,1.4051950208285553,2.0,3.0,4.0,7.0,20.0,1,0,Très Bien
5.422034934405237,0,17.288938957612196,6.9468697889627355,6.0,4.399388171173926,6.0,9.0,2.0,7.0,20.0,1,0,Très Bien
4.806573776259215,3,10.476849692550859,6.2094008226403385,2.0,5.74441187566842,1.0,5.0,1.0,10.0,16.07839599808821,1,1,Très Bien
3.9101618263821005,2,6.854460087889739,5.464510380803929,3.0,2.778637253404209,2.0,1.0,0.0,10.0,14.527550347105391,1,0,Très Bien
5.798272228704142,5,14.47777074909196,6.571470177861604,0.0,2.7646656369612335,9.0,1.0,5.0,9.0,20.0,1,0,Très Bien
4.9247305951503035,3,17.04994372778259,9.437995463612793,2.0,4.546124498545234,6.0,8.0,5.0,6.0,20.0,1,0,Très Bien
7.2066037640330425,5,13.178305089153373,4.9574874543045535,6.0,3.857830550082203,8.0,6.0,1.0,8.0,20.0,1,0,Très Bien
5.228455297324079,6,8.736753973938995,9.538469528657313,3.0,2.893075889778821,7.0,6.0,1.0,2.0,18.847199664052226,1,0,Très Bien
5.300603522923756,3,11.628322910294397,6.610418243385201,1.0,3.5523148286620243,9.0,4.0,1.0,8.0,19.321727707045337,1,0,Très Bien
4.272775575572288,5,8.644429547365103,7.053057125632959,4.0,6.044720197075004,9.0,6.0,2.0,9.0,18.089501248405718,1,0,Très Bien
4.886108752557865,2,13.928566481888843,5.369933782922909,4.0,1.9921943932123491,4.0,8.0,1.0,4.0,20.0,1,0,Très Bien
5.615603537784119,0,7.946128791904696,5.843095874983779,1.0,2.1211710107431196,7.0,9.0,2.0,5.0,20.0,1,0,Très Bien
1.5796632146867489,6,11.0996136395154,6.245635524942971,10.0,4.191987416278783,5.0,4.0,3.0,5.0,17.08821199881352,1,1,Très Bien
2.303629155788574,5,8.986986521118281,5.431457543683132,5.0,6.168651576793272,7.0,8.0,3.0,2.0,15.296810037779704,1,0,Très Bien
6.48652818804543,3,12.380474055404886,6.686623063943692,9.0,3.265823930832609,4.0,0.0,5.0,5.0,20.0,1,0,Très Bien
5.341730876255884,6,10.900974968586727,6.389476162289843,3.0,0.43565816254636847,10.0,2.0,3.0,9.0,20.0,1,0,Très Bien
4.632033327294642,3,12.530286309750792,9.7761717136536,0.0,3.585573096146004,1.0,6.0,2.0,4.0,17.7413706781724,1,0,Très Bien
5.036867866130787,1,12.067051664899097,5.251038721479309,2.0,2.2125771852344505,4.0,3.0,2.0,10.0,18.774020001364853,1,0,Très Bien
5.695163410723342,0,9.040022916827668,7.154035775122881,8.0,3.714242819858888,10.0,1.0,0.0,3.0,20.0,1,0,Très Bien
3.920480639381277,2,13.880631190587065,7.371769422852737,9.0,0.9610122432127008,3.0,2.0,1.0,7.0,20.0,1,0,Très Bien
3.4433905491953745,2,11.853703044470654,5.394519177022244,6.0,0.7863153255959725,9.0,6.0,4.0,8.0,20.0,1,0,Très Bien
5.391690510195363,4,9.0344129764023,8.030241243179258,5.0,2.5546941271385433,5.0,7.0,4.0,10.0,20.0,1,0,Très Bien
3.0432544447699357,5,18.722779668617378,6.4025094806775575,0.0,5.478374836922438,4.0,10.0,1.0,6.0,19.848030807164214,1,0,Très Bien
5.816505511428944,1,13.429290500151374,3.2614155226253994,8.0,0.9425743664351862,8.0,8.0,4.0,6.0,20.0,1,0,Très Bien
1.5948327915243192,4,11.540218339802083,7.9897744181568475,8.0,2.519481729256863,5.0,5.0,4.0,5.0,18.115563782401185,1,0,Très Bien
7.058311274651287,3,16.24561358010547,5.3245886738464545,0.0,0.8042941301315905,3.0,9.0,4.0,6.0,20.0,1,0,Très Bien
5.9451949648260864,2,17.525446828159822,5.428337580791352,5.0,3.434808294910696,2.0,8.0,5.0,9.0,20.0,1,0,Très Bien
5.5120594686277515,3,11.563951733058344,8.031853124338598,6.0,3.332256532815634,8.0,3.0,2.0,2.0,20.0,1,0,Très Bien
6.965381967891028,2,13.042192459304285,6.479257776372325,1.0,0.8641312928548488,2.0,4.0,2.0,10.0,20.0,1,0,Très Bien
8.330948888925153,3,9.035991545991177,8.376658225827251,9.0,4.931595399689945,8.0,0.0,2.0,3.0,20.0,1,0,Très Bien
7.028740130036261,5,11.558421747695965,8.815249143047978,7.0,0.11669057474765765,5.0,8.0,1.0,1.0,20.0,1,0,Très Bien
1.3182515373367094,2,11.402812338720391,6.032607309516553,7.0,5.3646793632512315,8.0,8.0,3.0,4.0,17.95546151790382,1,0,Très Bien
2.440846066528597,5,12.554481100864962,8.189893743932545,5.0,5.0617033101466555,5.0,8.0,5.0,2.0,19.420798690699584,1,0,Très Bien
3.7503628446086426,1,12.99828143591103,5.866808797910677,8.0,3.4586953776764933,1.0,2.0,5.0,6.0,19.620531366009423,1,0,Très Bien
5.052182100421668,0,13.67948534648418,10.349673875698265,2.0,4.344166976380629,2.0,9.0,4.0,1.0,20.0,1,0,Très Bien
6.035318040938246,4,12.712927968899876,5.960564493203178,1.0,2.732835402537274,6.0,9.0,0.0,8.0,20.0,1,0,Très Bien
3.548512373693069,6,8.367772120112505,8.539131161440006,1.0,0.6894434686014472,3.0,9.0,2.0,10.0,14.042169615568426,1,1,Très Bien
5.373533528954157,4,9.184598682776745,8.265685038822363,5.0,3.354728303247041,8.0,7.0,5.0,6.0,20.0,1,0,Très Bien
3.489234135293355,3,10.360777141608981,7.474131733163401,6.0,0.6436238387281668,5.0,2.0,5.0,9.0,18.845419933738278,1,0,Très Bien
3.7769643940161037,5,11.153278224230313,5.9941852578749755,5.0,2.983679859740522,3.0,5.0,0.0,6.0,17.094184399223806,1,0,Très Bien
2.1866778063035555,2,15.15232287141634,6.7729037620878865,10.0,1.144736116314773,10.0,4.0,4.0,10.0,20.0,1,0,Très Bien
3.1535335077781914,2,8.51118303944126,3.7696178305831722,2.0,4.46312059789332,7.0,7.0,5.0,7.0,14.698234994342707,1,0,Très Bien
2.2966307887673327,2,10.927754855487901,7.336630057573376,4.0,3.570253248923991,8.0,2.0,5.0,5.0,16.187189968669944,1,0,Très Bien
3.0482534940453343,4,14.85902849464215,7.524422996542578,7.0,4.017457881081988,4.0,0.0,3.0,8.0,17.191435902425354,1,0,Très Bien
7.107283593215679,3,11.100367576510163,7.200249128592057,5.0,3.5104386148171542,9.0,8.0,0.0,8.0,20.0,1,0,Très Bien
3.1012022223361138,5,13.381246949528473,3.0,1.0,5.821220565413725,6.0,9.0,4.0,10.0,15.58134025841562,1,1,Très Bien
10.26476412967478,2,11.58137387121629,5.1015453323652835,6.0,4.5335996688462075,1.0,8.0,4.0,9.0,20.0,1,0,Très Bien
5.9866358017617785,2,12.770349771974168,5.877863525727006,7.0,5.55543275552281,5.0,2.0,2.0,6.0,20.0,1,0,Très Bien
5.369672247389747,3,11.314582368571378,7.437488399783569,3.0,1.649924487586457,5.0,1.0,3.0,1.0,20.0,1,0,Très Bien
3.2832844396375727,3,14.001196418185062,7.434008358464476,0.0,2.186122039014606,7.0,3.0,4.0,9.0,16.96978042986005,1,0,Très Bien
6.4006197588179825,4,7.3648307777806945,6.7446643120432315,1.0,0.0,7.0,7.0,3.0,3.0,20.0,1,0,Très Bien
3.848724347524452,1,10.910063974834365,7.952868304905935,3.0,2.4114179377878,6.0,5.0,2.0,9.0,20.0,1,0,Très Bien
5.244019629290723,0,12.889718030082925,5.46063643704565,6.0,2.9466766238149256,8.0,9.0,0.0,7.0,20.0,1,0,Très Bien
10.12016907653759,1,13.60108574401858,7.915352508540995,1.0,3.6514681003539224,2.0,0.0,5.0,3.0,20.0,1,0,Très Bien
4.8078802005507,4,16.478857868261482,7.712113157259837,5.0,2.203586421633392,7.0,7.0,5.0,9.0,20.0,1,0,Très Bien
7.298546652571352,3,10.82692599940327,7.566332099256866,1.0,4.10460168028327,10.0,4.0,1.0,7.0,20.0,1,0,Très Bien
3.593647149748225,4,16.438445285582617,6.726939353371517,6.0,3.9995144763623185,7.0,5.0,1.0,7.0,20.0,1,0,Très Bien
4.930023019006077,1,10.022928520020988,9.746115737246893,1.0,2.289641835091186,4.0,4.0,1.0,7.0,18.05195040947404,1,0,Très Bien
8.54160127127102,5,15.985939234633932,7.739793532734818,2.0,1.562351842122931,10.0,9.0,5.0,2.0,20.0,1,0,Très Bien
3.746065884424465,3,14.452401380095118,5.5474962051196615,8.0,3.0988617288157907,2.0,4.0,3.0,4.0,20.0,1,0,Très Bien
8.624897115993857,4,9.259624261103331,7.372458213603976,3.0,3.1489832760573586,4.0,2.0,1.0,10.0,20.0,1,0,Très Bien
6.415503870910951,4,12.921117711755466,8.128725065611327,4.0,2.0883918722138484,4.0,3.0,0.0,8.0,20.0,1,0,Très Bien
3.8750664482114647,4,11.846292493403425,6.117837101613536,8.0,2.611187187052854,6.0,4.0,4.0,2.0,20.0,1,0,Très Bien
6.264815478111042,1,13.876753781025002,8.633908370396648,6.0,0.8732112131951286,7.0,10.0,3.0,4.0,20.0,1,0,Très Bien
6.9451088992534595,4,11.330185234700071,7.573050558574016,7.0,4.017825830894165,3.0,10.0,5.0,10.0,20.0,1,0,Très Bien
6.243619924434393,3,11.078261323014805,3.4862824935019794,10.0,4.042099282339113,10.0,1.0,0.0,8.0,20.0,1,0,Très Bien
1.8595505602190872,2,16.107283748288552,7.449507966006889,2.0,3.073480805279914,1.0,5.0,5.0,3.0,16.21185092264458,1,0,Très Bien
3.545725648350263,5,11.703837316632981,6.390956268380927,10.0,4.148253016317046,3.0,1.0,3.0,6.0,18.579299002490004,1,0,Très Bien
4.504962728896991,4,14.4792669725753,7.805769721812604,10.0,3.1967347714179812,9.0,3.0,3.0,2.0,20.0,1,0,Très Bien
4.851133141799908,3,11.323945544867401,8.416322260377722,3.0,5.424399105283655,1.0,0.0,3.0,8.0,16.18631113852046,1,1,Très Bien
6.241344195101356,4,16.999989777682572,7.292743070712727,6.0,1.055387543864442,8.0,3.0,2.0,8.0,20.0,1,0,Très Bien
5.355402001866508,4,9.96499611199352,9.497878350917043,3.0,3.302685647377785,2.0,6.0,4.0,1.0,20.0,1,0,Très Bien
2.3293112825797975,3,10.157569406258446,6.7319396731547565,1.0,4.355023122985985,6.0,7.0,1.0,3.0,14.195015939912759,1,0,Très Bien
5.760395702011927,1,16.57355154334771,7.937226734580813,9.0,5.238150038744007,3.0,1.0,2.0,2.0,20.0,1,0,Très Bien
6.221171490567646,2,10.665160827314242,8.207413860456022,5.0,4.188862639120195,7.0,2.0,4.0,7.0,19.6076763050916,1,0,Très Bien
6.11958089586208,0,16.803222918493177,6.853981046660901,8.0,1.4430293913936154,2.0,0.0,5.0,7.0,20.0,1,0,Très Bien
7.161561451109243,4,14.675521738784438,8.168161461966672,1.0,0.5174268973582152,4.0,6.0,1.0,4.0,20.0,1,0,Très Bien
6.667844309097808,1,11.5360508803175,6.107990519256747,0.0,2.7451844114727324,10.0,3.0,2.0,8.0,20.0,1,0,Très Bien
5.918360158456873,5,6.5601195839485245,6.3661473714681724,7.0,3.5425774650040953,9.0,10.0,2.0,3.0,20.0,1,0,Très Bien
4.859668577082706,1,11.942045087184493,5.031266964495531,0.0,4.417102580017442,6.0,9.0,0.0,9.0,19.69053001949619,1,0,Très Bien
1.6780781329680172,4,12.304890160600275,7.36211367455507,0.0,1.356795067416965,4.0,7.0,2.0,5.0,14.292792438315553,1,0,Très Bien
5.859236438265172,1,15.501653199913118,7.487877513781516,2.0,3.916107088521864,2.0,4.0,3.0,2.0,20.0,1,0,Très Bien
5.4153753743262225,6,16.765341528720334,8.768894737868845,4.0,0.0,10.0,8.0,5.0,9.0,20.0,1,0,Très Bien
5.543157674390747,4,9.945038462568757,8.186710006533826,8.0,1.890759370466721,9.0,5.0,2.0,1.0,20.0,1,0,Très Bien
2.446502848359381,1,14.403545291964548,6.572806665028851,10.0,4.290416136938006,4.0,10.0,3.0,8.0,20.0,1,0,Très Bien
2.8378869191834752,3,14.296206468040047,5.232730468998584,9.0,1.2131840629192197,9.0,9.0,4.0,6.0,20.0,1,0,Très Bien
7.1063057066658075,3,15.220238107231335,7.6492756037799605,1.0,1.3446253342421879,2.0,1.0,4.0,1.0,20.0,1,0,Très Bien
4.92088969228669,4,13.496069736406634,8.666129758621963,0.0,2.211865465270799,7.0,0.0,3.0,4.0,20.0,1,0,Très Bien
6.363001394745249,2,6.17250692711469,8.132777460705915,0.0,3.265488316383346,5.0,0.0,0.0,3.0,19.796010489645177,1,0,Très Bien
5.056636752260922,4,11.53373270241672,8.626716287285932,7.0,1.3271176113740528,8.0,8.0,0.0,7.0,20.0,1,0,Très Bien
5.05951227899149,3,8.532877275249255,6.682165703202636,9.0,2.9515744540448186,8.0,0.0,4.0,7.0,20.0,1,0,Très Bien
6.876567611951995,3,11.392182681245778,6.300071547736532,9.0,2.351732235756505,4.0,2.0,5.0,6.0,20.0,1,0,Très Bien
3.967910543565252,2,14.940012708401682,5.894647971652302,9.0,4.736897999402579,4.0,1.0,2.0,10.0,20.0,1,0,Très Bien
5.192241553881967,4,12.915452507624918,6.916155300079606,1.0,2.274328864245671,8.0,3.0,4.0,10.0,20.0,1,0,Très Bien
4.075449422589915,3,15.444272599192299,6.882113806046771,8.0,3.0425092273303234,3.0,0.0,4.0,8.0,19.599676331917067,1,0,Très Bien
4.131007545135369,1,13.025261762140618,7.310016442808674,8.0,3.2495056752605165,7.0,0.0,3.0,7.0,20.0,1,0,Très Bien
4.381655753062721,1,8.105022180993291,6.806053814446738,1.0,2.370394062964084,8.0,3.0,0.0,4.0,17.375333943390057,1,0,Très Bien
5.444267543267426,2,4.4374589802817965,6.799558405409843,2.0,4.15455197149371,8.0,3.0,5.0,7.0,18.128020700188898,1,0,Très Bien
4.042502756673045,2,12.446426285038772,5.834958920541784,1.0,4.466420365923787,10.0,6.0,3.0,1.0,19.692625394338563,1,0,Très Bien
7.511512251147042,1,11.358220600946504,8.412428520327236,5.0,2.266551660212899,4.0,7.0,4.0,3.0,20.0,1,0,Très Bien
3.2107853955609924,6,9.069162781854354,7.114777093365567,6.0,3.439680458541354,9.0,7.0,1.0,2.0,18.843481862748614,1,0,Très Bien
4.626256711677282,2,6.898118251045866,6.738334098572077,5.0,1.6087065887209977,10.0,7.0,2.0,7.0,19.688194359750838,1,0,Très Bien
4.12053788345165,5,9.795770359581873,5.878856120126192,2.0,3.845702549251828,4.0,8.0,4.0,9.0,16.418091351418987,1,1,Très Bien
7.893955768707466,7,11.416525545405673,5.002130334413371,2.0,3.349234593195117,8.0,0.0,3.0,5.0,20.0,1,0,Très Bien
5.393109553023149,5,13.99763347111917,8.961946288824016,1.0,2.454089034978916,6.0,8.0,1.0,9.0,20.0,1,0,Très Bien
7.063689078937269,4,12.56589324470394,7.83195806219771,1.0,3.494898605775108,5.0,9.0,1.0,8.0,20.0,1,0,Très Bien
2.028879253926056,3,16.824201741518188,4.564123236145049,10.0,3.8892834976555166,4.0,7.0,4.0,1.0,19.03010162678609,1,0,Très Bien
5.534100531738518,4,8.893187831863816,8.144713451064485,4.0,4.845581719653046,5.0,0.0,5.0,2.0,20.0,1,0,Très Bien
6.779261591246874,1,14.643176676172299,8.383721755349663,10.0,3.5962232638435263,1.0,6.0,0.0,6.0,20.0,1,0,Très Bien
5.164567978550848,2,12.141896229386184,7.186564183451394,10.0,4.332615548525615,7.0,8.0,1.0,5.0,20.0,1,0,Très Bien
7.130960750130702,4,14.084007372355753,9.397166343627639,7.0,5.85728304339267,8.0,3.0,2.0,7.0,20.0,1,0,Très Bien
3.9654230997992554,1,10.69045541020337,7.325079463184324,5.0,1.449051390042524,9.0,8.0,3.0,9.0,17.962769095565562,1,0,Très Bien
7.81869488037116,4,15.215041121671769,4.874764708076215,8.0,4.756983694836778,3.0,0.0,3.0,4.0,20.0,1,0,Très Bien
9.5977962472385,6,12.88567427503573,7.5477535015724815,10.0,1.6812770935953727,9.0,8.0,3.0,8.0,20.0,1,0,Très Bien
4.274322879120682,3,9.961665045246752,7.367345952569094,4.0,1.9298242367789866,10.0,5.0,4.0,4.0,20.0,1,0,Très Bien
4.1089949571984565,1,11.963927913260436,6.0950547268327675,9.0,2.982300491135018,5.0,3.0,3.0,3.0,20.0,1,0,Très Bien
7.906768954235401,2,11.2813324231887,7.860338255316138,3.0,2.030953750765793,10.0,4.0,3.0,2.0,20.0,1,0,Très Bien
8.159144291461425,4,13.46753505191338,4.498502100713707,8.0,1.7801519405698802,6.0,6.0,2.0,8.0,20.0,1,0,Très Bien
3.9542799456934636,3,8.460669751876473,8.485850241164185,9.0,2.9093928936333358,1.0,9.0,0.0,8.0,20.0,1,0,Très Bien
4.159626365808285,1,11.911944893652917,5.682817444591821,10.0,2.5001265265183834,9.0,3.0,5.0,3.0,20.0,1,0,Très Bien
4.436430782278985,7,13.185921757947993,5.522580812324451,4.0,2.0020459163558124,9.0,7.0,4.0,1.0,20.0,1,0,Très Bien
2.311098977931446,2,12.0990699215791,6.829262841538784,0.0,1.5710759258773033,6.0,2.0,4.0,6.0,15.652449282365144,1,0,Très Bien
3.1626961070316035,5,16.040823733166988,7.649459392065453,4.0,5.137723938713174,8.0,1.0,3.0,5.0,16.916615874077173,1,0,Très Bien
2.9917184664958643,6,14.322068322213157,7.245886095390144,4.0,1.199699558253661,4.0,0.0,2.0,8.0,17.992201598976976,1,0,Très Bien
3.464404869791743,1,11.97755760977776,5.886011251341433,4.0,2.748480650339091,5.0,5.0,1.0,6.0,19.542408091308324,1,0,Très Bien
4.930630225226437,0,12.65006729249302,6.2408660632121675,1.0,4.676884022515074,5.0,1.0,3.0,4.0,20.0,1,0,Très Bien
5.468429465073042,2,12.886996654446,5.300436478933807,5.0,4.214320949363346,7.0,7.0,3.0,10.0,20.0,1,0,Très Bien
8.101000985628154,3,13.209898812500473,6.662980147555195,4.0,3.350572420942069,7.0,10.0,4.0,10.0,20.0,1,0,Très Bien
3.003291918522418,5,6.523026013006176,8.612531821766364,1.0,2.0645370898329385,7.0,9.0,4.0,2.0,17.966763972860562,1,0,Très Bien
6.968644796953168,0,11.095421112691959,6.993605593534186,9.0,2.9718689006613697,5.0,3.0,3.0,8.0,20.0,1,0,Très Bien
4.572022311548982,0,7.546682795419721,8.289121382139179,7.0,1.3138944515295758,4.0,8.0,4.0,5.0,20.0,1,0,Très Bien
4.901072580695134,3,15.83484284237846,9.183102006589287,5.0,2.572298076998342,8.0,3.0,2.0,8.0,20.0,1,0,Très Bien
6.3496389843332075,4,11.817451439991217,6.11797222144455,10.0,2.5495982837590443,1.0,3.0,1.0,5.0,20.0,1,0,Très Bien
2.7545559568754028,3,11.419977150961131,6.720140120416953,9.0,2.6944453759913944,1.0,7.0,1.0,6.0,17.802880100895926,1,0,Très Bien
5.764819492368101,4,14.690391996099706,10.256789291593742,10.0,1.8179851980038715,6.0,7.0,1.0,10.0,20.0,1,0,Très Bien
5.332904416426112,3,13.266974392349624,9.166515117969919,2.0,0.45617835638341386,2.0,4.0,3.0,5.0,20.0,1,0,Très Bien
5.984902528016298,5,8.614096456862379,4.491393211281471,8.0,4.877779882173664,3.0,2.0,5.0,3.0,20.0,1,0,Très Bien
5.5783372878156365,6,11.787283912417893,7.58072247409136,10.0,4.544654396031328,4.0,1.0,3.0,10.0,19.88759282046433,1,0,Très Bien
9.91060027982179,3,10.994499080320846,7.000839988509543,10.0,4.311981457776849,2.0,8.0,3.0,8.0,20.0,1,0,Très Bien
3.7245200314973683,4,6.766401334181838,8.239679666288144,3.0,3.567628887732403,10.0,8.0,2.0,3.0,17.55422250190833,1,0,Très Bien
3.9380060899963647,1,9.929171300288386,5.882531848772417,2.0,3.255543851381377,7.0,4.0,1.0,4.0,18.31395090567711,1,0,Très Bien
3.753718947150471,3,11.449379033950603,5.740587441938992,6.0,1.9594719162048908,10.0,7.0,4.0,6.0,20.0,1,0,Très Bien
3.8890457616794905,3,11.655147205524472,5.9858939270595855,7.0,2.1197605446895627,1.0,6.0,4.0,2.0,20.0,1,0,Très Bien
3.7252257453869646,2,7.553305728968074,6.142107180702351,6.0,5.183033205493192,3.0,2.0,0.0,7.0,16.951120475535326,1,0,Très Bien
7.378033062215104,4,15.454996749142428,8.222986250213522,0.0,5.524361017146624,2.0,4.0,0.0,5.0,20.0,1,0,Très Bien
7.841008495979709,3,11.693690823325683,5.228198240276679,0.0,2.7228698985338484,9.0,8.0,5.0,10.0,20.0,1,0,Très Bien
3.8585074125010475,5,12.11265922998169,6.066079150061022,4.0,3.005646263000009,8.0,3.0,4.0,5.0,19.02153041943208,1,0,Très Bien
3.3352888537915426,3,13.20192491501951,4.316481414247838,7.0,4.09848233286409,3.0,2.0,1.0,5.0,19.000954614337147,1,0,Très Bien
5.942831112772808,3,9.635771238288987,8.51067673511856,9.0,3.1401998430603686,5.0,6.0,3.0,2.0,20.0,1,0,Très Bien
3.8955539114380575,2,13.36906791939809,8.90654514914671,10.0,3.2535518322973966,3.0,7.0,4.0,10.0,18.70849432857407,1,0,Très Bien
6.265863635511021,0,10.898776061945451,6.50938985370432,2.0,2.9103011069576907,6.0,4.0,5.0,9.0,20.0,1,0,Très Bien
5.405846041702599,4,9.310243378058425,6.553075952780166,7.0,1.5932461431728089,5.0,7.0,5.0,3.0,20.0,1,0,Très Bien
1.9685117700055361,3,13.720342480066197,7.679832853424346,2.0,2.4404814292774892,2.0,4.0,4.0,7.0,16.506615700893754,1,1,Très Bien
8.095010402660122,2,16.475021576405425,9.211723011067384,3.0,2.799500633366971,10.0,8.0,0.0,5.0,20.0,1,0,Très Bien
8.591755346191043,4,14.174488120457495,7.612916121345876,9.0,0.0,8.0,6.0,1.0,10.0,20.0,1,0,Très Bien
3.7744226190312276,6,14.768932695421292,5.953687086287328,6.0,3.1312698909137335,6.0,4.0,4.0,10.0,17.59463066744756,1,0,Très Bien
4.224596880128032,4,10.438108180313103,4.571766142020339,2.0,6.483848819142041,3.0,8.0,3.0,5.0,16.55726050627472,1,0,Très Bien
5.57173078144981,4,7.207140812494631,5.327310606004769,3.0,2.3559463828673657,1.0,4.0,3.0,4.0,19.07492802951848,1,0,Très Bien
5.66891357997405,2,16.470412566299522,7.109829175468698,7.0,3.049689277068583,5.0,7.0,2.0,10.0,20.0,1,0,Très Bien
6.317088545345661,1,18.16354466821428,6.017008715198808,3.0,1.7392710428232097,2.0,3.0,3.0,6.0,20.0,1,0,Très Bien
9.0204090775327,1,16.628420321309047,7.292451558986138,8.0,1.3591510648697895,2.0,8.0,4.0,7.0,20.0,1,0,Très Bien
4.646105545011901,1,10.99264218306075,6.170613975645649,3.0,2.5348624252721472,9.0,5.0,4.0,7.0,20.0,1,0,Très Bien
3.4034055109230925,4,8.536096983813467,5.412780353058382,3.0,3.9446898218801607,10.0,5.0,3.0,8.0,15.347771985088041,1,0,Très Bien
2.2413615439709456,3,8.802951906541299,5.234452552820393,4.0,2.6493698699818085,7.0,2.0,0.0,5.0,14.480498142375067,1,0,Très Bien
3.538139920116162,4,6.9488022971578545,9.343531764059843,0.0,2.438884112404374,6.0,2.0,1.0,7.0,14.941636185615106,1,0,Très Bien
4.933746054252405,4,11.677864144769863,8.333481623775464,6.0,3.7433935723465392,1.0,3.0,5.0,4.0,20.0,1,0,Très Bien
8.589115727035576,2,16.817033874247365,9.595776927741937,8.0,3.3001456776361096,10.0,0.0,4.0,9.0,20.0,1,0,Très Bien
3.964777401927657,6,11.575012104383271,7.809926351132654,8.0,3.4189107613567957,2.0,5.0,3.0,5.0,18.08183414506481,1,0,Très Bien
5.447575903277797,3,12.906968701044825,6.355012887077741,0.0,4.785441661689111,7.0,0.0,5.0,3.0,20.0,1,0,Très Bien
4.967154207854496,1,16.126790892912624,8.985011383734907,5.0,4.596951343758304,3.0,10.0,3.0,5.0,20.0,1,0,Très Bien
7.376786546896168,3,10.7877140645028,6.9503979979573485,2.0,5.243610041290408,2.0,3.0,4.0,9.0,20.0,1,0,Très Bien
10.053864851747242,2,18.106594370158785,7.331262655435529,3.0,1.1807525835615618,6.0,6.0,2.0,8.0,20.0,1,0,Très Bien
3.938262454159359,2,17.97628322249236,6.935763431386722,7.0,4.2858831489652935,8.0,5.0,1.0,1.0,20.0,1,0,Très Bien
4.021121114963556,3,11.606665983958552,3.0,3.0,5.468734399827628,8.0,7.0,4.0,5.0,17.396607671587127,1,0,Très Bien
7.0883217541381445,3,10.267397207942361,9.40710251844228,7.0,0.5510159901794571,2.0,3.0,5.0,6.0,20.0,1,0,Très Bien
6.363782979252623,3,14.09171413917094,7.73650591893663,3.0,2.969858404981596,6.0,8.0,3.0,10.0,20.0,1,0,Très Bien
8.693414651472068,3,10.957425172443426,7.494734591302765,8.0,2.185098985260974,5.0,9.0,2.0,2.0,20.0,1,0,Très Bien
6.167856370651927,6,8.530334348797991,6.907335906594159,5.0,2.96349710060823,7.0,7.0,4.0,6.0,20.0,1,0,Très Bien
4.281415818425881,6,15.843715960568941,7.2451417305791965,0.0,4.720467423711497,4.0,4.0,1.0,9.0,14.277914845978229,1,1,Très Bien
6.181309661384619,3,15.649342161831239,6.104081596230628,9.0,0.9063967408967857,2.0,5.0,2.0,4.0,20.0,1,0,Très Bien
7.2174071611658155,3,12.466534811290682,7.924869028460907,1.0,3.367481572758766,10.0,4.0,5.0,3.0,20.0,1,0,Très Bien
6.640964362394728,3,8.211405738815467,5.039352483401301,6.0,2.153076816756006,3.0,5.0,3.0,9.0,20.0,1,0,Très Bien
6.014548062214596,2,8.311421246347841,7.279102648705821,9.0,4.766462427277826,9.0,0.0,0.0,2.0,20.0,1,0,Très Bien
7.133349379178307,3,12.321687865257458,7.842360205856657,6.0,3.631401633186431,10.0,3.0,1.0,9.0,20.0,1,0,Très Bien
7.3385911808913455,3,10.500386896484903,6.701996299265645,2.0,2.7633800879618775,8.0,8.0,2.0,10.0,20.0,1,0,Très Bien
7.764317982075054,3,10.976721203575176,7.556301688706537,0.0,1.9228245463598608,9.0,3.0,4.0,2.0,20.0,1,0,Très Bien
6.297419775179286,1,15.06588946518001,5.512998411648624,7.0,6.986882839777698,5.0,1.0,4.0,10.0,20.0,1,0,Très Bien
4.665763839366291,4,14.199537952267672,5.551259843656053,9.0,3.4198328405154816,5.0,5.0,2.0,3.0,20.0,1,0,Très Bien
5.293427372866645,1,16.13442804149284,7.3550756815395895,10.0,0.8700682919834137,7.0,1.0,4.0,7.0,20.0,1,0,Très Bien
7.413017933016714,4,9.028130329868226,8.017824481931576,10.0,1.7838868646275583,7.0,2.0,2.0,2.0,20.0,1,0,Très Bien
3.366128658025528,2,10.970425293939865,4.187701516747434,9.0,3.6189229346237823,1.0,6.0,1.0,1.0,18.629779057340436,1,0,Très Bien
5.737346617745803,2,14.276945086380337,7.78303095266615,6.0,1.9049605877296418,5.0,3.0,4.0,9.0,20.0,1,0,Très Bien
4.213322375345278,5,13.344235023038674,6.185197749435495,9.0,2.0894878504329624,8.0,0.0,1.0,6.0,20.0,1,0,Très Bien
5.057489645869635,4,16.597141147762866,6.710790869038881,7.0,4.4788887256316805,7.0,8.0,3.0,9.0,20.0,1,0,Très Bien
7.556903725214598,1,13.261610117712207,4.990723114652444,0.0,4.346114453462163,2.0,5.0,3.0,3.0,20.0,1,0,Très Bien
5.382198136039807,1,17.544327312316657,5.722574139719938,2.0,2.143189403347241,8.0,8.0,3.0,3.0,20.0,1,0,Très Bien
5.092873096312298,5,13.620053405169422,8.449187988295467,1.0,4.756282796224228,2.0,2.0,3.0,10.0,18.36618798109199,1,1,Très Bien
2.2802877180401615,3,15.18650234276598,7.049295060970319,0.0,1.9340767208786551,10.0,4.0,4.0,3.0,20.0,1,0,Très Bien
6.492507132054442,1,11.029455159646629,6.425832397435662,4.0,5.540311728353328,1.0,8.0,2.0,2.0,20.0,1,0,Très Bien
6.29096836228215,1,12.042861635651967,6.825267471053448,2.0,3.806318703834855,3.0,5.0,4.0,6.0,20.0,1,0,Très Bien
9.32650944661092,5,14.732833211518425,7.733817736996452,9.0,3.435272576863018,3.0,1.0,5.0,3.0,20.0,1,0,Très Bien
4.384443530093998,4,16.838934511779165,7.660741744245007,7.0,2.422794999074522,6.0,0.0,4.0,5.0,20.0,1,0,Très Bien
5.438300655327878,4,14.187710847932259,6.887459499404799,5.0,2.0870224437391003,3.0,8.0,1.0,5.0,20.0,1,0,Très Bien
5.498767367421511,1,11.750484684196142,8.639438666345002,9.0,0.0,7.0,0.0,2.0,10.0,20.0,1,0,Très Bien
8.15490655952695,0,16.132005088585025,8.45569395536,8.0,2.5587814476058464,8.0,4.0,0.0,3.0,20.0,1,0,Très Bien
4.809408935226096,4,5.424064031160357,7.620058043695593,8.0,2.984256755852982,3.0,0.0,0.0,3.0,17.344160789850516,1,0,Très Bien
5.558043051540679,2,7.7332964954793795,7.081917674365106,10.0,0.26084771967492326,9.0,4.0,2.0,1.0,20.0,1,0,Très Bien
6.215793019433079,4,14.044902671005167,7.985981642679309,5.0,4.235075893636317,1.0,4.0,0.0,6.0,20.0,1,0,Très Bien
5.3732182463127165,1,12.042325068759375,7.471401132701775,1.0,2.759442770430956,3.0,6.0,2.0,3.0,20.0,1,0,Très Bien
4.107132770898944,1,13.816540953372495,8.591200107708922,8.0,4.822068138390934,3.0,6.0,1.0,1.0,20.0,1,0,Très Bien
5.388179985796615,4,12.193222567295827,8.34934206510746,1.0,1.9745093716153115,7.0,10.0,1.0,10.0,20.0,1,0,Très Bien
7.1472634997195446,2,13.712837083811618,5.472619147873408,2.0,4.854631172709379,5.0,9.0,4.0,9.0,20.0,1,0,Très Bien
2.9469694011778795,1,9.556791537020429,5.37105524388744,5.0,2.326453645711614,4.0,0.0,0.0,1.0,15.275654970371983,1,0,Très Bien
5.265939348293752,1,13.711458258239073,5.948125683393886,1.0,2.9245722470137614,2.0,8.0,2.0,5.0,20.0,1,0,Très Bien
3.599758370121654,3,14.983243584622754,8.464208035100382,4.0,3.32342286240314,7.0,0.0,1.0,5.0,20.0,1,0,Très Bien
7.390093257849685,4,15.661651811793698,4.635536504843132,1.0,2.937507347779992,3.0,4.0,4.0,2.0,20.0,1,0,Très Bien
1.9536261904324506,2,18.040662883946098,7.59213608366199,3.0,3.456535144477187,7.0,6.0,0.0,1.0,19.890064214057084,1,0,Très Bien
3.8821563054568236,2,12.73229533050716,7.543814636639442,10.0,0.11317733885087966,10.0,7.0,0.0,6.0,20.0,1,0,Très Bien
5.754423750129042,4,12.821733260541537,8.743972088029288,10.0,2.790918380575116,7.0,1.0,0.0,7.0,20.0,1,0,Très Bien
8.13104805846868,3,7.4304826074784565,7.270508035995832,2.0,2.879367152455763,2.0,0.0,1.0,9.0,20.0,1,0,Très Bien
4.868499477854025,1,10.405765796584724,4.985185914124149,4.0,0.02027869953485517,7.0,3.0,1.0,8.0,20.0,1,0,Très Bien
3.8896009466136032,1,11.420753777980162,5.560967559027816,5.0,3.9637055641698993,6.0,3.0,0.0,10.0,17.927628497371842,1,0,Très Bien
8.76231413888118,3,15.150958656829065,5.227006717153263,6.0,1.63296989779526,10.0,9.0,1.0,3.0,20.0,1,0,Très Bien
2.103972199167512,2,10.166996627731113,6.193084050500289,9.0,4.413493835468973,4.0,5.0,0.0,9.0,14.592353381302804,1,1,Très Bien
0.6023880867598361,3,14.389020059246498,6.7256476488641095,7.0,3.1289274909420928,5.0,0.0,3.0,1.0,16.710689136625117,1,0,Très Bien
5.880028900106665,2,11.99513484910986,5.251837710668415,8.0,2.1385771843495878,8.0,0.0,1.0,6.0,20.0,1,0,Très Bien
3.9958915512947777,6,11.468495654655714,9.205992985978433,3.0,4.507038087794427,5.0,2.0,2.0,10.0,16.00094081883537,1,0,Très Bien
2.9575343657385735,7,12.746681907399768,5.012077942071338,3.0,5.492800580413954,3.0,4.0,1.0,2.0,12.68408724896536,1,0,Bien
6.416712894598707,4,10.826530883241473,9.01915513579372,6.0,3.0577601014195444,2.0,5.0,0.0,10.0,20.0,1,0,Très Bien
5.487601427542398,2,10.712888255722003,8.77774454715901,9.0,5.062329136715849,6.0,4.0,2.0,9.0,20.0,1,0,Très Bien
3.871842738526543,2,6.885642282629656,8.347453824533552,9.0,2.7358100948443758,6.0,4.0,4.0,9.0,18.618047587213308,1,0,Très Bien
2.439391202658211,0,11.256137378016332,5.959350088754874,10.0,4.443482786298128,7.0,8.0,2.0,8.0,20.0,1,0,Très Bien
6.744914656560289,5,10.56009556155382,7.513676318765352,8.0,2.4487841966975212,8.0,1.0,2.0,7.0,20.0,1,0,Très Bien
6.300402355917322,2,10.452057031952762,5.083943299674074,10.0,5.738837668744279,4.0,0.0,1.0,6.0,18.53025618863293,1,0,Très Bien
4.801648272441234,4,13.250619187770122,8.366360552550624,1.0,4.615960934437542,8.0,5.0,5.0,2.0,20.0,1,0,Très Bien
8.693273992095332,4,13.97589585837153,6.889022827695596,10.0,3.7055171124882484,1.0,8.0,2.0,4.0,20.0,1,0,Très Bien
2.859830467347695,4,12.696583513926983,6.386019678119972,5.0,0.0,6.0,6.0,2.0,10.0,17.56425854315131,1,0,Très Bien
1.9489496581505223,5,14.986245571348423,5.164382730015596,9.0,3.673224962100788,6.0,7.0,0.0,7.0,17.85983652307861,1,0,Très Bien
3.616183860237511,3,13.726685777491095,3.2837408220564748,9.0,1.1476005515605898,3.0,4.0,1.0,6.0,18.657302730854255,1,0,Très Bien
4.908827967289004,3,11.114831430583074,5.442188714446366,7.0,3.529879511321519,9.0,9.0,0.0,9.0,20.0,1,0,Très Bien
5.486678898645383,5,10.61143114285686,8.66919729341936,4.0,4.916248782958297,5.0,3.0,1.0,5.0,18.504059631323376,1,0,Très Bien
4.5175278842873405,4,12.938466710300538,6.395749857287794,4.0,4.03349545052092,1.0,5.0,4.0,6.0,18.069335895923118,1,0,Très Bien
5.704110793028594,3,13.721301329705703,6.746006714327429,7.0,4.288068608722972,7.0,2.0,5.0,10.0,20.0,1,0,Très Bien
2.496921151619112,4,16.193532921094494,7.983331537432679,0.0,2.4404648257347423,10.0,0.0,2.0,6.0,17.987546448240177,1,0,Très Bien
7.887529208146519,3,15.573519134820287,9.708503317174397,5.0,0.7130989331695385,3.0,10.0,1.0,8.0,20.0,1,0,Très Bien
4.835697643214862,3,10.375580980478492,8.987506982418457,9.0,1.8428292621177629,10.0,3.0,2.0,8.0,20.0,1,0,Très Bien
7.234591663176255,4,11.693981159618215,5.541497494275718,8.0,2.5053953248660568,10.0,8.0,2.0,6.0,20.0,1,0,Très Bien
5.685450692755408,3,14.01305341475331,4.0861441428438905,5.0,2.9789090696989433,4.0,3.0,3.0,8.0,20.0,1,0,Très Bien
5.913506438307568,1,15.203993334176916,10.539421388650155,6.0,4.9036919452188155,6.0,0.0,0.0,7.0,20.0,1,0,Très Bien
6.139534560464408,3,14.816908406114376,10.403487417489181,3.0,4.095866804163226,8.0,3.0,5.0,1.0,20.0,1,0,Très Bien
5.8954171200346295,2,11.80836650150596,7.282680394643924,9.0,6.329587832438234,4.0,6.0,1.0,5.0,20.0,1,0,Très Bien
6.285445519735088,2,8.237932042714451,5.094267631627268,0.0,1.498069008585,9.0,2.0,4.0,10.0,20.0,1,0,Très Bien
7.658305060264863,4,9.003190871263225,8.444839800840908,8.0,4.745951735222857,8.0,9.0,5.0,10.0,20.0,1,0,Très Bien
5.39304233940294,4,12.817900542958244,6.838024470981085,5.0,4.3130341160187005,10.0,5.0,3.0,10.0,20.0,1,0,Très Bien
6.418007515177025,1,13.026676738273036,6.830528315340084,2.0,2.8251567672011424,10.0,0.0,0.0,5.0,20.0,1,0,Très Bien
4.820528611425546,7,8.703961879696845,8.341688264657694,3.0,1.5585509425183843,6.0,10.0,4.0,10.0,18.887729498984296,1,0,Très Bien
7.880234430898946,3,12.133708832667814,7.501562120309948,9.0,2.0767812443917384,7.0,3.0,4.0,9.0,20.0,1,0,Très Bien
3.6472153958814606,2,13.89367307091535,5.221277633477582,5.0,2.0046656943488816,8.0,2.0,2.0,7.0,20.0,1,0,Très Bien
8.60188086582163,6,8.546320027478568,6.512887097377039,5.0,5.566001612281166,2.0,0.0,0.0,7.0,19.95330261634191,1,0,Très Bien
4.919684098711313,0,15.314991605413244,7.99172939299202,8.0,4.24237568749362,5.0,2.0,3.0,10.0,20.0,1,0,Très Bien
2.1384497957639037,6,10.867406554320524,7.7653783336075275,3.0,4.298484423548293,7.0,3.0,1.0,2.0,14.2299174192535,1,0,Très Bien
5.2562088298215786,3,15.772839337729952,7.393024861537714,4.0,3.1315104739509594,8.0,4.0,1.0,8.0,20.0,1,0,Très Bien
3.6378966850502383,3,10.3996426626723,8.400134431713797,4.0,2.6568059722231174,5.0,5.0,3.0,3.0,19.08276206797152,1,0,Très Bien
6.681287097977448,5,8.920123551347462,6.457424518274103,2.0,3.5060036982829197,3.0,1.0,2.0,9.0,19.19985238572049,1,0,Très Bien
3.694752041395218,5,10.625589030474842,7.268004662828608,1.0,3.1536980393895835,6.0,1.0,2.0,6.0,15.827727054184587,1,0,Très Bien
4.107633133570441,2,11.71455563076804,3.0,7.0,2.8559554551035014,5.0,5.0,4.0,9.0,19.004782855597313,1,0,Très Bien
1.220918538108938,4,10.834560279685558,6.325524709235779,9.0,3.550033313482463,8.0,4.0,0.0,9.0,15.023745723740133,1,0,Très Bien
4.095387361501847,3,11.35199573528066,8.145854362863467,8.0,1.401174988256371,9.0,0.0,4.0,7.0,20.0,1,0,Très Bien
0.15224134674208667,6,13.00189544902857,6.414408299324286,9.0,3.4005142885206263,9.0,2.0,1.0,10.0,10.551067654127335,1,0,Assez Bien
1.8321943530285534,1,11.486461890610801,6.300658912424332,10.0,2.8338000716698324,6.0,10.0,3.0,8.0,17.90546855774802,1,0,Très Bien
6.520829312288595,3,11.80166281814398,5.437820572337772,8.0,1.9280756116462596,4.0,4.0,0.0,2.0,20.0,1,0,Très Bien
6.571600317301664,5,6.8723208023922115,8.505048839093718,4.0,3.9609409012263397,4.0,1.0,3.0,5.0,18.198195867430385,1,0,Très Bien
5.85091512356993,3,13.175094048031418,7.822694910310856,10.0,5.692774033711443,9.0,0.0,0.0,3.0,20.0,1,0,Très Bien
3.066047713741574,2,11.732390106924996,8.238121896734627,8.0,4.917104567487588,4.0,8.0,5.0,1.0,20.0,1,0,Très Bien
4.90457728771604,0,16.830878941448614,4.410679057063166,3.0,2.576077595380397,8.0,4.0,1.0,6.0,20.0,1,0,Très Bien
4.992794921818863,1,9.181304498238125,6.759324935101549,1.0,3.99659622058585,9.0,1.0,1.0,9.0,18.14012239952556,1,0,Très Bien
2.6832706216149145,4,6.575114014501457,6.579833488374991,2.0,4.265080219784176,5.0,9.0,5.0,2.0,16.419145896452847,1,0,Très Bien
8.006796603534301,6,13.854205481790126,6.579142440102171,0.0,3.178757644402667,6.0,3.0,0.0,9.0,20.0,1,0,Très Bien
6.7547245811513426,2,13.039581054939001,6.075958684423066,4.0,2.96400779496884,3.0,2.0,2.0,8.0,20.0,1,0,Très Bien
4.558071652340672,4,8.974700938406563,6.480843592329977,0.0,3.5156391417675907,5.0,6.0,0.0,9.0,15.397638951777909,1,0,Très Bien
5.053771677989062,1,7.410753134987726,8.274467174059978,10.0,6.768868251097708,5.0,0.0,1.0,5.0,19.880515046201836,1,0,Très Bien
5.416765615895105,1,16.61219019205287,4.130722969978256,0.0,3.385975937049847,2.0,9.0,3.0,2.0,20.0,1,0,Très Bien
0.9165302631514187,9,16.242331171820346,9.66594215204568,10.0,1.098868661632715,10.0,3.0,4.0,10.0,16.359344707455797,1,0,Très Bien
4.5056452349588065,2,4.5376297238816115,7.725761687539692,10.0,1.430560408471149,6.0,6.0,3.0,10.0,20.0,1,0,Très Bien
3.6360315040044027,2,10.625330912230497,6.936502156509681,6.0,2.7432126234120995,9.0,10.0,1.0,6.0,20.0,1,0,Très Bien
2.996759980210169,3,16.992576164351696,8.36025121955939,1.0,1.1296741904415544,7.0,9.0,3.0,7.0,20.0,1,0,Très Bien
4.43779941422809,4,10.5718123266664,4.822247882247348,7.0,2.801223414028344,8.0,4.0,2.0,3.0,18.96316357992393,1,0,Très Bien
8.595373053699046,2,10.528163297920042,6.002948642273479,5.0,6.337815996580364,2.0,3.0,2.0,6.0,20.0,1,0,Très Bien
6.28168572253402,1,11.151722017111895,6.818386851414169,3.0,2.232851143781083,9.0,3.0,0.0,6.0,20.0,1,0,Très Bien
3.8576420204344064,2,8.637309078695523,9.048340555648267,8.0,1.369074974708473,3.0,10.0,3.0,8.0,20.0,1,0,Très Bien
6.145165562712317,1,6.885672767315867,6.930255128310163,9.0,2.68863243280548,10.0,1.0,3.0,1.0,20.0,1,0,Très Bien
7.798710873172004,0,15.157641932204246,7.6750820067777195,7.0,2.844076850905714,5.0,7.0,1.0,4.0,20.0,1,0,Très Bien
6.849267365825538,3,6.471189281256973,6.115631506095808,9.0,1.516758896689879,7.0,3.0,0.0,1.0,20.0,1,0,Très Bien
5.119260739840349,2,12.741814356326268,7.730263103451237,2.0,1.1424521533093193,4.0,1.0,0.0,8.0,19.413705673510606,1,0,Très Bien
3.706126444588852,6,14.65973847827295,9.515859389461685,2.0,5.0343765700478755,7.0,8.0,3.0,2.0,17.203125396998097,1,0,Très Bien
6.39644662722718,2,7.646321103296525,8.493290037511171,3.0,3.7511460529472496,8.0,9.0,4.0,8.0,20.0,1,0,Très Bien
5.786970770843499,2,9.227194792214785,6.8778160183331805,8.0,2.275889809686963,10.0,6.0,3.0,3.0,20.0,1,0,Très Bien
6.790386440055465,2,15.63953756517477,8.013236270898204,8.0,1.2668929938235305,10.0,2.0,3.0,8.0,20.0,1,0,Très Bien
6.270343603363939,6,13.59867516068112,7.866275431910818,4.0,2.2238375108677144,4.0,6.0,3.0,6.0,20.0,1,0,Très Bien
7.09910543063867,1,10.148142879363338,7.759881507545914,8.0,1.1609461189689396,5.0,0.0,2.0,1.0,20.0,1,0,Très Bien
3.9295295768788643,4,15.606747010083513,8.667930041290614,5.0,2.1307765387542412,3.0,0.0,5.0,7.0,18.56310506704152,1,0,Très Bien
7.634788131268651,4,15.619607170362908,8.6567165557562,7.0,6.100362010658168,5.0,3.0,0.0,7.0,20.0,1,0,Très Bien
5.395199209384799,2,12.807158079047122,6.809262104687674,10.0,3.3582818197297715,8.0,3.0,5.0,6.0,20.0,1,0,Très Bien
9.150521745250531,3,9.299519316379012,7.962818592216654,7.0,2.072975770397064,3.0,3.0,2.0,1.0,20.0,1,0,Très Bien
3.6216243638208643,0,10.759653889584614,6.42535761826031,9.0,4.01930339279063,5.0,8.0,4.0,5.0,20.0,1,0,Très Bien
8.4719276063305,3,12.85916023186617,5.615391405526633,6.0,1.6049351563867367,10.0,5.0,1.0,1.0,20.0,1,0,Très Bien
5.395821566925296,4,11.434215512557536,6.59575936644402,3.0,2.3915627974828713,1.0,2.0,4.0,1.0,18.805179347773887,1,0,Très Bien
3.6971639927711033,2,14.816871534704553,6.8855827723906255,3.0,0.21874283118127025,2.0,5.0,0.0,6.0,19.649590022023858,1,0,Très Bien
4.032228331891357,4,7.410677759671991,4.507628516233012,5.0,4.911103572549076,3.0,1.0,1.0,8.0,13.464904308548524,1,1,Bien
4.3593053836113596,0,7.517209412801284,8.29049883912508,8.0,2.697405903057933,1.0,1.0,5.0,1.0,19.037874555482837,1,0,Très Bien
5.848331892803833,2,12.542613334447298,3.0,6.0,1.7718532628318666,9.0,6.0,4.0,2.0,20.0,1,0,Très Bien
6.0456709760709995,4,10.525366758579286,11.072225409229482,4.0,3.9742361340334464,9.0,2.0,0.0,5.0,20.0,1,0,Très Bien
3.852599992122842,4,10.118854155906778,9.252818700694478,4.0,1.4284175244949964,5.0,6.0,4.0,8.0,19.790574647744865,1,0,Très Bien
4.951290815478035,2,6.695829842476808,6.60848691374153,7.0,1.51959807958388,4.0,2.0,1.0,4.0,19.870337016080157,1,0,Très Bien
9.284540717223727,3,12.058637534394546,7.01413954084566,5.0,2.4314280283885563,5.0,1.0,1.0,5.0,20.0,1,0,Très Bien
8.455086340201422,4,11.841734675997703,7.454457810380925,0.0,1.2037232038287238,4.0,3.0,4.0,10.0,20.0,1,0,Très Bien
5.872647339348064,4,13.960436945855221,6.116259418016587,0.0,2.0198269892247582,5.0,3.0,2.0,5.0,19.563902064247813,1,0,Très Bien
5.076006956336401,3,12.206718399362916,7.288928721380405,8.0,2.7027636320368043,7.0,2.0,4.0,3.0,20.0,1,0,Très Bien
5.240062653436523,3,11.60218776527851,6.784000033447509,7.0,2.8381879268857717,8.0,8.0,5.0,6.0,20.0,1,0,Très Bien
6.227035945460833,3,15.53100191037101,6.858590924153551,5.0,1.0130482282869036,2.0,5.0,4.0,5.0,20.0,1,0,Très Bien
2.954414869603189,2,8.062598089654351,7.272191595220958,0.0,2.6335052339812663,4.0,4.0,4.0,2.0,15.920203591184062,1,0,Très Bien
4.48524692515331,3,13.609167656542729,5.029708302469008,1.0,3.8710009805163583,8.0,5.0,2.0,10.0,18.428850803708297,1,0,Très Bien
1.662831852244821,4,6.986558505613953,7.059354586200472,9.0,4.121154510809661,7.0,10.0,3.0,4.0,16.427616836244965,1,0,Très Bien
5.798446245210559,5,9.484914359997576,7.245171619926216,2.0,2.253709827560657,9.0,7.0,1.0,4.0,20.0,1,0,Très Bien
6.294391879405482,5,8.362028602130058,7.1932744320338715,9.0,2.7167410701061145,5.0,4.0,5.0,7.0,20.0,1,0,Très Bien
4.033627075401252,1,14.345827606355755,6.6762538668457685,2.0,2.6282702992248734,6.0,3.0,0.0,7.0,20.0,1,0,Très Bien
8.147973526580065,5,11.803769299213817,8.706786663954057,1.0,0.9124565795528778,8.0,6.0,1.0,9.0,20.0,1,0,Très Bien
2.5484686739953175,4,11.959490266221069,6.469521167677673,1.0,2.1897621404816934,5.0,4.0,1.0,10.0,16.907665888693977,1,0,Très Bien
2.0712502395803596,2,8.679801036811646,7.340988860234786,5.0,4.19434244566514,9.0,3.0,3.0,2.0,14.768699795709509,1,0,Très Bien
5.448903637119944,2,11.100919512201333,8.945946300888318,6.0,4.218172188274169,4.0,4.0,1.0,6.0,20.0,1,0,Très Bien
7.094196605224309,1,9.709604090072665,6.880935789969532,3.0,3.617838115826225,8.0,10.0,1.0,2.0,20.0,1,0,Très Bien
8.367855382915737,3,13.150365044562648,7.321694901201327,0.0,0.0,3.0,3.0,2.0,9.0,20.0,1,0,Très Bien
4.0822314742621195,5,9.026726594005158,6.855423045527655,5.0,1.827730974804601,5.0,7.0,2.0,2.0,17.321736150464353,1,0,Très Bien
7.157361666862592,1,15.989383095615228,8.856054690345399,6.0,3.7013916510214204,8.0,7.0,2.0,6.0,20.0,1,0,Très Bien
4.922983060998585,2,6.973258651127717,6.613413157620557,3.0,5.568588927522654,10.0,0.0,2.0,8.0,18.806347314378677,1,0,Très Bien
4.654745400118361,3,9.580440502630315,8.925031865932308,5.0,2.9781598745712357,7.0,2.0,2.0,6.0,19.4047052651884,1,0,Très Bien
6.767319874973345,3,17.03160152989829,6.8446181580294025,8.0,3.143809360290793,1.0,10.0,5.0,3.0,20.0,1,0,Très Bien
6.304645756826839,3,10.694583756113897,5.710810414827975,3.0,2.830272398533452,4.0,3.0,0.0,5.0,20.0,1,0,Très Bien
1.8472156860315012,3,8.055364006786764,8.019059755861182,9.0,1.0402111623457286,2.0,1.0,3.0,4.0,15.468590983136991,1,0,Très Bien
7.9530806994517915,5,12.657214687613006,6.542998249366516,3.0,3.5278896149335157,2.0,4.0,4.0,1.0,20.0,1,0,Très Bien
7.760182708294903,4,10.573823273356373,7.930751348648744,9.0,0.7179785290633656,7.0,10.0,5.0,5.0,20.0,1,0,Très Bien
3.748874596980941,3,9.492389233145083,3.0,4.0,2.8721378162374815,3.0,7.0,2.0,10.0,18.51906655572617,1,1,Très Bien
5.791607066874818,5,8.712387567603848,7.007807892842419,2.0,3.1335746728559366,3.0,1.0,3.0,5.0,16.9124396468287,1,0,Très Bien
5.988060372565478,4,20.0,6.31059205186378,9.0,3.073947413489111,6.0,8.0,4.0,7.0,20.0,1,0,Très Bien
5.521347531647814,1,11.245344299447591,5.405111970203083,1.0,1.052389261659251,6.0,6.0,1.0,7.0,20.0,1,0,Très Bien
3.8993896923091595,3,6.223297919001369,6.170138497240301,8.0,1.9364600207357903,1.0,5.0,5.0,2.0,18.79272575251518,1,0,Très Bien
3.656753264123897,3,16.481129277016603,6.139445283561023,0.0,4.03310400965188,1.0,7.0,1.0,4.0,19.900497679117194,1,0,Très Bien
4.9488918580171095,1,13.833212715331712,6.928021307724128,4.0,3.109286730227926,6.0,1.0,3.0,1.0,20.0,1,0,Très Bien
7.345458038518729,5,9.700600706940637,4.949010308072566,4.0,1.946289062924382,7.0,4.0,0.0,5.0,20.0,1,0,Très Bien
6.087200309188865,3,9.200642733941574,7.47441067038957,7.0,1.393300404249699,9.0,3.0,0.0,5.0,20.0,1,0,Très Bien
4.258771335827788,2,14.020418388474692,9.049322177808682,5.0,4.204215375034198,4.0,7.0,3.0,4.0,20.0,1,0,Très Bien
6.54339742129669,3,11.259245017531637,7.421392745421739,5.0,3.0515444869075057,10.0,0.0,0.0,10.0,20.0,1,0,Très Bien
0.0,3,6.222066544664696,8.213482913843514,5.0,1.3038624657839808,6.0,2.0,0.0,7.0,11.679032916668726,1,0,Assez Bien
7.297531400744207,3,17.361719893814005,8.641843681920694,3.0,2.717023468614224,3.0,9.0,1.0,6.0,20.0,1,0,Très Bien
1.5205724424438007,1,10.698028613352129,8.854734268276266,0.0,1.7908384898664598,4.0,7.0,0.0,10.0,14.86066489097153,1,0,Très Bien
4.275118117193736,5,16.48671520944728,9.805208039231958,2.0,3.4520695123697553,9.0,4.0,0.0,3.0,20.0,1,0,Très Bien
2.7606602107477123,1,15.835304873897146,6.251197002586105,9.0,4.880428158350689,1.0,3.0,3.0,2.0,20.0,1,0,Très Bien
2.4106370485581885,4,8.996971366551557,5.922274022258325,10.0,1.3787407193940626,5.0,5.0,0.0,4.0,15.881365540000221,1,0,Très Bien
7.321653574757039,2,15.099569593089443,8.175198472487102,5.0,3.2357612886661222,7.0,4.0,5.0,9.0,20.0,1,0,Très Bien
4.064597597376217,3,10.045672350408957,8.0623993294861,4.0,3.2084767628117326,3.0,2.0,2.0,10.0,18.849524227282664,1,0,Très Bien
5.693007763461432,4,6.3998982395881745,8.163512949423534,9.0,0.0,2.0,10.0,2.0,5.0,20.0,1,0,Très Bien
4.906158842241632,3,10.726205501933572,9.833923681375378,0.0,4.2489246251722115,2.0,4.0,3.0,1.0,19.106050134839062,1,0,Très Bien
5.954081654446243,8,13.192912505328836,7.017054863197742,4.0,6.148421358463767,1.0,3.0,2.0,3.0,17.940675061734282,1,0,Très Bien
5.15364378212051,2,10.611790056010987,7.639234839469277,1.0,3.2070545327984075,5.0,0.0,1.0,9.0,20.0,1,0,Très Bien
2.4340155516228608,2,11.078854977224696,5.529417622774788,0.0,5.039430008974739,3.0,0.0,5.0,7.0,15.26659489535848,1,0,Très Bien
6.99253363889428,1,15.430698134785839,10.202981685963938,3.0,1.1181584431292437,7.0,6.0,5.0,3.0,20.0,1,0,Très Bien
4.012486833677375,1,12.319481940870276,6.495182618186334,5.0,1.9218536565690465,1.0,3.0,3.0,1.0,20.0,1,0,Très Bien
1.886836202680498,5,9.470105066145143,6.537676107758755,6.0,3.1068648516093718,9.0,0.0,0.0,4.0,14.280669705588886,1,0,Très Bien
4.143769678068175,2,14.10609097100198,6.479875163487636,8.0,1.7194799101675529,2.0,5.0,2.0,9.0,20.0,1,0,Très Bien
8.00151958126862,0,12.593026700862735,6.032656212033493,4.0,3.057146859068551,8.0,10.0,1.0,7.0,20.0,1,0,Très Bien
6.7004434842269855,2,4.435185595613872,5.905844426728526,7.0,4.505062057884388,10.0,10.0,3.0,5.0,20.0,1,0,Très Bien
4.302695731184282,5,13.285058741314346,6.214443575665712,7.0,1.675402836363351,4.0,10.0,3.0,6.0,20.0,1,0,Très Bien
4.301484591363143,4,13.175486123148305,4.951306107923584,10.0,4.571279089818706,6.0,10.0,0.0,1.0,20.0,1,0,Très Bien
4.356729897565235,4,12.06036338874258,5.822023119605142,8.0,0.11505941833083799,9.0,0.0,4.0,7.0,20.0,1,0,Très Bien
9.153495967121682,4,14.675101743208725,9.92344466717143,2.0,2.146852221799625,7.0,7.0,2.0,5.0,20.0,1,0,Très Bien
5.763870904463107,4,9.982819247020494,8.103482715462054,2.0,2.7046017340839676,8.0,8.0,1.0,7.0,19.430193745088197,1,0,Très Bien
5.8600832943821395,1,13.009499366462702,8.388856265091578,8.0,1.6095630515098163,7.0,10.0,3.0,5.0,20.0,1,0,Très Bien
7.060566908063684,3,7.299121886497941,8.765813181125372,6.0,2.167779822604192,2.0,2.0,2.0,5.0,20.0,1,0,Très Bien
5.477578318053027,1,13.221271150196495,9.751201846543587,3.0,5.094217243600431,9.0,6.0,1.0,3.0,20.0,1,0,Très Bien
4.481915708358594,4,17.85917908661969,4.342866172834234,0.0,4.859897857248443,1.0,4.0,5.0,5.0,20.0,1,0,Très Bien
4.607300301830043,4,9.015430942597376,5.155175327070189,6.0,4.080051392251756,2.0,2.0,5.0,8.0,15.612553841128221,1,1,Très Bien
4.856797481171872,3,9.720593604036674,5.794414508657972,9.0,4.561818549950283,3.0,4.0,1.0,8.0,17.96324114885143,1,0,Très Bien
4.925555526980316,3,9.869953671325343,6.295405305265604,5.0,2.069444369597087,3.0,9.0,5.0,2.0,20.0,1,0,Très Bien
6.4552590872739595,3,12.389994677404786,6.549145914122127,2.0,1.16573936185448,10.0,6.0,3.0,1.0,20.0,1,0,Très Bien
5.103891771614599,4,8.810891181438846,6.329533670790939,4.0,1.7885987280412072,4.0,6.0,2.0,2.0,20.0,1,0,Très Bien
6.465280154431158,2,13.26374213607294,7.328963369698081,2.0,2.0114733065440493,5.0,8.0,1.0,7.0,20.0,1,0,Très Bien
4.838566839782835,3,14.540519836407496,7.052943086117824,7.0,2.085727549608878,6.0,7.0,3.0,3.0,20.0,1,0,Très Bien
5.157270380632181,4,13.603041640361353,5.915747807232625,4.0,3.792208187440033,1.0,3.0,2.0,8.0,20.0,1,0,Très Bien
1.0035986309357847,5,6.694753723085783,3.7366768345186454,9.0,3.4847668192743075,8.0,4.0,2.0,4.0,10.526920547688484,1,0,Assez Bien
6.832655349404963,2,14.98550299547582,5.510696941931952,9.0,2.7365071020154104,6.0,4.0,3.0,10.0,20.0,1,0,Très Bien
5.692976951795986,2,14.81210224276104,6.176142020031137,5.0,2.828883534884477,10.0,9.0,2.0,10.0,20.0,1,0,Très Bien
6.996020219719305,1,14.490484117038914,6.629380844788421,1.0,4.642383422703601,9.0,1.0,4.0,8.0,20.0,1,0,Très Bien
0.0,2,13.118526745967475,5.3054988110341945,7.0,1.0622655613493412,5.0,6.0,1.0,2.0,16.07457052398297,1,0,Très Bien
9.176749409561456,4,12.660567942615398,6.26379030025537,8.0,4.18450960052356,7.0,6.0,1.0,5.0,20.0,1,0,Très Bien
4.720820743689653,2,15.09716819437919,5.303518917271621,2.0,0.0,4.0,8.0,2.0,6.0,20.0,1,0,Très Bien
7.216365633475033,2,17.770540462810363,6.811270972677501,5.0,2.151156505971611,6.0,8.0,3.0,1.0,20.0,1,0,Très Bien
2.9201881457489383,4,9.14087860990545,5.390363007456077,5.0,5.265880162211336,6.0,3.0,0.0,1.0,15.818404353440757,1,0,Très Bien
6.225547810125139,3,15.234376187384315,5.726643015444303,1.0,3.45126283847421,4.0,4.0,5.0,9.0,20.0,1,0,Très Bien
2.8931688736526877,4,11.741348705977641,5.036973803516291,9.0,2.3000374422831538,6.0,6.0,2.0,5.0,19.320455203425972,1,0,Très Bien
3.7524620786083895,1,11.610980843914199,6.769748956645325,7.0,4.3729805351600355,8.0,9.0,0.0,4.0,20.0,1,0,Très Bien
8.828062707733572,3,7.390407928853885,5.700328345071402,4.0,3.8926561151300283,5.0,6.0,2.0,1.0,20.0,1,0,Très Bien
4.6186351984733065,6,11.145631771453814,8.360176400013144,10.0,3.83192225317942,2.0,10.0,0.0,3.0,20.0,1,0,Très Bien
5.434865746359446,3,9.008205126094754,7.608775400039349,10.0,2.6979612418518535,9.0,9.0,2.0,4.0,20.0,1,0,Très Bien
6.740135461377508,1,10.608436711482163,6.895222197724536,7.0,4.439917574583962,4.0,10.0,3.0,5.0,20.0,1,0,Très Bien
5.991363775945209,3,8.70544084866555,5.803771753984317,7.0,2.034147531791101,4.0,7.0,5.0,10.0,20.0,1,0,Très Bien
5.3008378102871525,6,10.65327483806098,7.570780457974454,2.0,1.9632238939716815,7.0,7.0,0.0,5.0,18.707371691245523,1,0,Très Bien
5.729922004932451,4,10.78166892892979,8.036051334022956,4.0,5.811419480457378,10.0,1.0,4.0,10.0,20.0,1,0,Très Bien
9.80683117047655,4,12.2902647553164,7.214032618302445,6.0,2.250125468245772,10.0,8.0,3.0,8.0,20.0,1,0,Très Bien
4.884762405932829,1,7.1557504131260075,9.405552783200395,4.0,0.0,6.0,10.0,5.0,3.0,20.0,1,0,Très Bien
5.402198093429935,5,7.66344555676403,7.689455977112224,5.0,4.5937428953202755,4.0,3.0,2.0,7.0,19.24645442781415,1,1,Très Bien
7.1013087920152245,0,13.08574281219158,8.370410826352051,1.0,5.041953286786482,6.0,0.0,0.0,6.0,20.0,1,0,Très Bien
7.211051865915968,5,9.607685648789703,7.200348123303967,7.0,2.6463745454276233,3.0,0.0,5.0,10.0,20.0,1,0,Très Bien
7.37406061112076,2,15.223589370689794,8.013496679885465,4.0,0.0,7.0,4.0,1.0,10.0,20.0,1,0,Très Bien
6.277460444058369,0,12.67580916604514,5.8048281509962365,5.0,2.917173135490694,6.0,6.0,3.0,10.0,20.0,1,0,Très Bien
2.713990174539033,3,13.820286450619221,6.312402455180809,0.0,6.108451682140129,3.0,4.0,0.0,6.0,13.817056745272748,1,0,Bien
8.266863064602191,6,16.232076961262685,7.5240453302235695,9.0,3.303838675439851,1.0,2.0,3.0,10.0,20.0,1,0,Très Bien
2.707309213962624,3,11.070867564580283,7.5131492223360725,1.0,4.154037062321465,10.0,10.0,0.0,9.0,17.99293888433497,1,0,Très Bien
5.605270930478066,2,10.276539883751173,7.761417734414871,10.0,4.240218060460372,5.0,6.0,1.0,7.0,20.0,1,0,Très Bien
3.4914482999612844,2,14.61510775679644,8.650589338418094,3.0,4.456940219104064,10.0,0.0,4.0,7.0,20.0,1,0,Très Bien
4.871723306814015,2,13.528540691789058,4.862543242276882,10.0,5.793794927812907,2.0,10.0,1.0,1.0,20.0,1,0,Très Bien
5.657524820606961,3,11.438009070536097,5.538321178584556,8.0,4.6201815057087074,7.0,0.0,2.0,1.0,20.0,1,0,Très Bien
5.642714430900546,7,16.174373900867828,7.34435896161138,5.0,2.878924496731085,7.0,1.0,3.0,9.0,20.0,1,0,Très Bien
5.84384150847057,0,11.363267070480209,5.913454552294809,7.0,1.3261886474261604,4.0,0.0,4.0,9.0,20.0,1,0,Très Bien
8.227422538117294,3,12.098320912667344,12.0,1.0,3.6445714183688587,6.0,8.0,3.0,10.0,20.0,1,0,Très Bien
5.90706860302796,3,12.063667952502776,7.773579428755204,9.0,2.7098219141234607,1.0,3.0,5.0,3.0,20.0,1,0,Très Bien
4.511686729418702,4,9.196218315304588,6.882503726604764,4.0,4.075179561096667,2.0,6.0,0.0,8.0,16.095459952816107,1,1,Très Bien
6.928174336576714,3,12.232756168459172,6.2267960903742114,0.0,1.7056945356810829,6.0,4.0,2.0,9.0,20.0,1,0,Très Bien
7.378940977849281,3,16.190280532195473,6.279756575210433,3.0,2.5490817951370364,2.0,6.0,2.0,1.0,20.0,1,0,Très Bien
2.544784369726015,3,13.334904946128528,7.045210991972766,9.0,3.0167395360981324,4.0,6.0,3.0,3.0,20.0,1,0,Très Bien
6.194800139699716,3,12.093190279196794,7.167972898931887,0.0,1.5911883819445818,4.0,0.0,2.0,6.0,20.0,1,0,Très Bien
6.402345484621796,7,11.514698156502993,6.314951282959731,10.0,3.0597906026150357,10.0,0.0,3.0,4.0,20.0,1,0,Très Bien
4.404872993280016,2,12.992601085219054,6.590271630220148,10.0,4.18028370372405,9.0,10.0,0.0,8.0,20.0,1,0,Très Bien
7.751413626623239,2,14.249299885467554,9.016426862851894,8.0,5.8652076058462566,10.0,2.0,0.0,9.0,20.0,1,0,Très Bien
4.699888825934947,3,13.827716492669259,9.07675744397655,1.0,1.897035280222372,7.0,9.0,3.0,7.0,20.0,1,0,Très Bien
5.2511529069430845,3,11.004405414534062,7.378050969902316,6.0,4.358738974225561,7.0,1.0,1.0,1.0,20.0,1,0,Très Bien
4.65385635143226,4,12.974344782330343,4.988110409144893,2.0,0.03297529343485639,1.0,6.0,1.0,2.0,19.887206941864818,1,0,Très Bien
5.031158095162935,2,13.439819223444836,7.807754734958565,1.0,2.988690687320014,5.0,2.0,0.0,1.0,20.0,1,0,Très Bien
2.8074498262095964,3,8.978415037419065,9.331423662416539,3.0,3.1059741120908413,3.0,6.0,4.0,9.0,15.407157986248246,1,1,Très Bien
2.1198982348114113,3,12.504691623551084,9.054671652943568,6.0,4.221284211677979,3.0,8.0,1.0,4.0,16.23082552888224,1,0,Très Bien
8.189010126449944,3,5.516088341092914,8.1016387792145,6.0,2.2204798384511997,6.0,10.0,3.0,10.0,20.0,1,0,Très Bien
3.3060773033633444,2,13.447601129463555,9.133634432928734,8.0,3.3671367038401447,4.0,0.0,0.0,8.0,18.758818788220267,1,0,Très Bien
3.0172153010873854,3,13.981029163688046,7.080076408718533,2.0,4.662625673191371,8.0,2.0,2.0,5.0,17.054430560025963,1,0,Très Bien
0.6932197727925704,1,14.242638377359379,7.942154454750558,6.0,1.3091575512523144,4.0,10.0,2.0,5.0,16.7680731634535,1,0,Très Bien
3.7220765046209956,5,10.814859443491297,5.97883665051223,5.0,0.062217994226857254,8.0,5.0,1.0,5.0,18.524040337283736,1,0,Très Bien
2.3538204131850033,4,12.927140505072105,7.438398184233568,9.0,4.619276913072538,4.0,8.0,4.0,5.0,19.51109912567223,1,1,Très Bien
8.284030320272738,3,16.2718615366235,8.994301365955787,6.0,1.5037329391853467,3.0,4.0,5.0,3.0,20.0,1,0,Très Bien
7.019634178685268,4,16.241308944873776,6.115864882769664,6.0,3.685426389392287,5.0,2.0,1.0,6.0,20.0,1,0,Très Bien
3.6236993096445524,3,11.912481902320318,5.70783485580357,9.0,5.92513175175468,5.0,7.0,4.0,1.0,20.0,1,0,Très Bien
9.504871610688618,3,12.417958892188679,7.1462334085355455,4.0,4.254572634246963,10.0,4.0,1.0,8.0,20.0,1,0,Très Bien
6.963530973983189,4,15.332733434203298,6.660006694414001,8.0,1.542993326681826,10.0,5.0,2.0,4.0,20.0,1,0,Très Bien
4.350337232982755,3,7.4975939542134755,7.973721581605631,6.0,0.8066364614387656,1.0,1.0,4.0,6.0,17.637954342616297,1,0,Très Bien
0.0011885702528537934,4,11.030772771968927,6.320110711079437,6.0,1.832293629489396,8.0,3.0,2.0,2.0,14.172807102393284,1,0,Très Bien
9.581885145181484,2,16.00671136661027,9.577659423404072,2.0,3.25924425135457,8.0,0.0,3.0,2.0,20.0,1,0,Très Bien
2.220855066472808,5,14.925601625054298,5.065485853058417,0.0,2.625125422376085,8.0,3.0,3.0,8.0,15.081147298080367,1,0,Très Bien
1.7092025060862164,4,13.107791332949715,8.880602179329601,4.0,5.04278715067401,10.0,0.0,0.0,1.0,16.54679895938528,1,0,Très Bien
7.045140864019281,2,7.482502784008139,5.8527261575378455,7.0,4.000691045502029,4.0,3.0,2.0,8.0,20.0,1,0,Très Bien
9.879504812678546,3,11.850269300876514,4.3060258981239645,4.0,1.9040456423359897,9.0,1.0,2.0,10.0,20.0,1,0,Très Bien
7.768545637021036,4,10.2302538112502,7.356812734523301,9.0,4.269101567592403,10.0,5.0,0.0,10.0,20.0,1,0,Très Bien
6.12781824010472,4,12.993116708451641,6.618088020979175,2.0,5.259627337680462,3.0,5.0,3.0,1.0,20.0,1,0,Très Bien
6.189508683330572,4,9.571959945615358,5.335585948145454,8.0,2.527374108446536,7.0,7.0,3.0,9.0,20.0,1,0,Très Bien
6.706831117560616,5,8.922829815076177,4.477934662427104,1.0,3.719372766732194,6.0,8.0,4.0,1.0,20.0,1,0,Très Bien
6.5178571795735305,2,5.805404166949075,6.987458819092815,2.0,1.6881427999626126,9.0,7.0,4.0,4.0,20.0,1,0,Très Bien
5.562382847938752,3,15.665414054930103,8.463755337435726,3.0,2.7873795047890786,4.0,0.0,5.0,9.0,20.0,1,0,Très Bien
5.208402207903752,3,10.800688465670827,7.877430239629667,9.0,1.6619916444410285,4.0,2.0,3.0,1.0,20.0,1,0,Très Bien
4.874813744200956,3,12.471437351107603,7.085059973258899,0.0,4.85893532059257,6.0,5.0,5.0,9.0,18.995920631563617,1,0,Très Bien
3.4920708222666477,2,11.993285650577457,7.718271359826603,10.0,2.2473363743870616,8.0,0.0,1.0,8.0,20.0,1,0,Très Bien
4.438649846266452,3,8.797698201118502,6.9591788014332145,3.0,3.660054435747283,3.0,7.0,2.0,5.0,17.66021133252277,1,0,Très Bien
1.614086371609229,2,8.22280526565542,4.855413635454443,3.0,3.9528703625826185,8.0,5.0,4.0,6.0,13.637008480066502,1,0,Bien
4.8033207464105,6,8.984054622008294,4.868659022164835,8.0,7.663616335335126,8.0,0.0,1.0,5.0,17.88805624941051,1,0,Très Bien
3.022817785698165,4,9.830494683511821,6.695247206522982,7.0,2.6013983039381117,7.0,9.0,4.0,4.0,17.746078644880797,1,0,Très Bien
2.792821365568458,2,13.099818741041414,6.759020070450888,1.0,1.834282462233952,7.0,1.0,0.0,10.0,16.79733273607768,1,0,Très Bien
5.359788302306957,1,9.612847009438166,8.276474017760147,6.0,2.891670243054358,5.0,5.0,2.0,4.0,20.0,1,0,Très Bien
7.784004572689199,4,17.239471894783865,8.13595633566212,5.0,1.7242271459271543,2.0,9.0,5.0,10.0,20.0,1,0,Très Bien
6.836633212004626,4,15.081453107679453,7.907699523638424,6.0,2.2687974967251576,2.0,7.0,5.0,8.0,20.0,1,0,Très Bien
1.858998792753646,2,14.425078648997125,6.5795759303842285,10.0,4.091113441896981,10.0,4.0,4.0,8.0,20.0,1,0,Très Bien
3.020743726859325,6,11.641023292580549,4.929021744834791,3.0,1.9924682031323828,8.0,0.0,3.0,9.0,14.567472833222368,1,0,Très Bien
6.881542375976432,3,16.54284220716145,7.618106705599036,4.0,3.8429563614586546,6.0,9.0,5.0,3.0,20.0,1,0,Très Bien
3.035025212923381,0,11.345983106636627,7.787753969893252,5.0,3.894672282021436,8.0,1.0,0.0,10.0,20.0,1,0,Très Bien
4.550733700005951,3,11.906215757537261,3.417202806283471,8.0,3.3740597695199175,3.0,3.0,0.0,8.0,18.83126160139556,1,0,Très Bien
6.100104198049104,1,12.509923619247807,5.748492720126006,1.0,4.004263153509507,1.0,3.0,3.0,3.0,20.0,1,0,Très Bien
3.0633110902727294,2,14.105469121630032,5.9634184339091565,10.0,2.558398100276759,6.0,6.0,0.0,2.0,20.0,1,0,Très Bien
5.21075101229192,3,13.910724237008957,7.177525301685154,8.0,0.0,2.0,1.0,2.0,2.0,20.0,1,0,Très Bien
2.331949010163591,2,10.57462416466619,5.794959350851459,9.0,3.0888947434351555,9.0,6.0,4.0,9.0,18.248862229796202,1,0,Très Bien
3.7972647120975727,3,10.401018841722138,6.94279814676304,0.0,3.1174386472601565,5.0,6.0,0.0,4.0,15.775904286929537,1,0,Très Bien
5.639563868285074,3,13.919708871456253,6.684197589470512,3.0,2.4447656275962713,5.0,6.0,2.0,5.0,20.0,1,0,Très Bien
1.8140125329366614,2,14.145709751673698,6.761275792693408,4.0,3.97181734757965,10.0,2.0,3.0,2.0,20.0,1,0,Très Bien
5.880949475920798,5,10.819946625531381,5.925408559448881,8.0,4.146458868529348,8.0,5.0,4.0,9.0,20.0,1,0,Très Bien
4.960724402146638,1,7.238435790964639,6.041522418899984,5.0,3.3272359040130395,6.0,5.0,3.0,7.0,19.88487525077393,1,0,Très Bien
6.104979908834295,3,11.378051711975266,5.379599410328961,3.0,3.1479579088544827,3.0,3.0,4.0,3.0,20.0,1,0,Très Bien
5.447828268129323,3,13.870577396477575,7.570101160860748,1.0,4.828169861428645,9.0,0.0,0.0,6.0,19.047747296858788,1,0,Très Bien
7.728280859947688,3,17.41625053925934,7.8566539428870525,4.0,1.3889876708023463,10.0,8.0,0.0,7.0,20.0,1,0,Très Bien
5.250449005295814,4,8.406126112978015,5.844073074811992,7.0,2.502935863274698,4.0,1.0,4.0,6.0,18.2293149592791,1,0,Très Bien
4.141188917749494,4,10.72028624150828,9.280960144025567,7.0,4.4967288216146555,10.0,8.0,2.0,10.0,20.0,1,0,Très Bien
5.244595006064568,1,10.83178931542387,6.528097828836927,5.0,3.803662558465561,4.0,7.0,2.0,10.0,20.0,1,0,Très Bien
6.086596058072776,4,16.0674160182945,9.295278435694842,10.0,2.6474557446293763,2.0,0.0,2.0,6.0,20.0,1,0,Très Bien
5.0977201406514085,2,11.895175498624102,6.0368092392525945,0.0,3.5858597082198846,3.0,10.0,1.0,8.0,20.0,1,0,Très Bien
5.081183382407764,1,9.278020321883204,3.9601333351008465,7.0,2.1776877945970785,4.0,6.0,5.0,8.0,20.0,1,0,Très Bien
3.5960166243864893,3,13.676085848765457,7.603296737368527,3.0,3.2419206799694114,7.0,9.0,5.0,5.0,20.0,1,0,Très Bien
3.6741981648981037,4,10.786084439877161,7.372817657678481,1.0,4.032083733265902,3.0,2.0,5.0,4.0,15.39142986351732,1,0,Très Bien
2.194789456400613,0,8.326838179926137,7.0515906929613745,0.0,4.9378028258963695,8.0,9.0,2.0,5.0,16.05001829612514,1,0,Très Bien
8.499153486373878,4,9.321680078171548,6.036651282334016,6.0,3.9913588827250455,8.0,9.0,0.0,9.0,20.0,1,0,Très Bien
2.51227352921743,3,17.20212586326786,6.948141661771271,1.0,5.04544561155631,10.0,8.0,1.0,10.0,17.99259027114758,1,0,Très Bien
3.6141896044081854,4,13.152627664948387,6.233110813195709,3.0,0.8360422418669935,2.0,4.0,2.0,6.0,18.24092889198902,1,0,Très Bien
3.5631854688616054,0,12.323280166357629,6.546475650502374,3.0,0.0,4.0,10.0,0.0,3.0,20.0,1,0,Très Bien
6.789848753888883,2,11.250318792563862,8.262448383647612,9.0,0.0,8.0,2.0,1.0,3.0,20.0,1,0,Très Bien
4.410100643415944,6,12.876446526356396,7.27632584429514,0.0,4.674084982920677,1.0,7.0,0.0,1.0,16.463068672704047,1,0,Très Bien
7.495484145347468,4,12.840707838007482,7.914927080997966,1.0,3.90553116196977,1.0,2.0,4.0,5.0,20.0,1,0,Très Bien
3.653018751512263,4,12.876506484621979,6.652197240061315,0.0,1.9225283661632813,4.0,6.0,0.0,6.0,14.1922377508261,1,0,Très Bien
5.557988324447604,2,12.344535270833259,6.486973981292837,5.0,2.422659044489852,2.0,6.0,1.0,8.0,20.0,1,0,Très Bien
3.3293058934804853,1,14.606395014916648,5.269776203667035,2.0,3.5047161764556964,1.0,6.0,2.0,9.0,20.0,1,1,Très Bien
9.290298255546777,2,12.069313038002193,6.444945081147704,0.0,1.9150424262590695,8.0,0.0,5.0,7.0,20.0,1,0,Très Bien
2.6248031619409744,3,9.066183493342084,3.0,7.0,1.7742020414810677,2.0,10.0,1.0,1.0,18.01580797662528,1,0,Très Bien
5.619641420454055,2,10.162731327297395,6.114667050541548,3.0,2.0181361132505957,4.0,4.0,2.0,7.0,17.948478358119367,1,0,Très Bien
6.267553761864197,4,6.062943919530863,6.877188734213742,9.0,1.8892433590198932,3.0,10.0,2.0,10.0,20.0,1,0,Très Bien
5.827598194902997,3,18.080451348127177,7.845510481405234,6.0,3.066286495192592,2.0,0.0,3.0,9.0,20.0,1,0,Très Bien
4.629424682244584,3,14.58826377585806,6.596983183712565,9.0,5.494562468184446,8.0,6.0,4.0,4.0,20.0,1,0,Très Bien
4.740358600533147,1,9.50978851461229,7.521510313367499,1.0,1.4893333479803652,3.0,7.0,3.0,7.0,20.0,1,0,Très Bien
5.087622943958219,3,11.1544654518087,3.730317007914632,5.0,2.890160512689199,9.0,6.0,5.0,9.0,20.0,1,0,Très Bien
4.705995996743023,4,10.0893705773807,6.914744721689575,5.0,3.6909235613509495,10.0,0.0,1.0,1.0,20.0,1,0,Très Bien
6.927758233589819,3,16.62764163412235,4.4807458106298945,6.0,3.803331192524928,5.0,2.0,3.0,10.0,20.0,1,0,Très Bien
9.421046003182703,2,7.740368507187213,5.1875447265110015,0.0,2.241184661813429,9.0,9.0,5.0,9.0,20.0,1,0,Très Bien
3.885016429984333,2,12.343428176456339,6.719251678204209,0.0,3.928048820838389,3.0,2.0,2.0,4.0,19.957266227615186,1,0,Très Bien
2.2603940408418444,4,11.674416472305456,8.914395981810332,1.0,3.6300434566534134,5.0,6.0,1.0,8.0,14.867748789740684,1,0,Très Bien
4.82343590329749,1,14.480515892127343,7.556810145205088,10.0,2.3231112811937846,10.0,3.0,3.0,3.0,20.0,1,0,Très Bien
10.159418675308636,4,11.687972316825915,7.027346495705676,1.0,0.9709138322851167,6.0,2.0,0.0,2.0,20.0,1,0,Très Bien
3.3926508640605384,1,6.725373370033695,6.9707044157993465,4.0,1.2850265605087727,9.0,5.0,5.0,8.0,18.214761697696993,1,0,Très Bien
8.278233610888135,2,11.246646496072678,5.929556660193299,0.0,4.118783169220673,8.0,9.0,5.0,8.0,20.0,1,0,Très Bien
8.355401628152881,1,9.083513346170026,6.184024879940974,10.0,5.1405961014503205,2.0,5.0,4.0,3.0,20.0,1,0,Très Bien
3.892823516584011,1,12.238738639669682,7.641064068206195,1.0,3.0011326366167688,2.0,9.0,0.0,8.0,17.038271168921376,1,0,Très Bien
6.137966158370551,2,16.30253110956098,4.921959222333259,5.0,5.102858293243315,5.0,4.0,1.0,6.0,20.0,1,0,Très Bien
8.256793246257075,4,6.781724267303165,7.889581075424532,2.0,2.9214292883432056,5.0,5.0,3.0,10.0,20.0,1,0,Très Bien
4.241744518025026,3,9.599331793800289,6.417239399321721,3.0,1.2832761076385761,5.0,2.0,2.0,9.0,17.29087084654558,1,0,Très Bien
4.592839279795276,4,10.341921138649509,8.238335612304347,0.0,2.6857993277142174,4.0,9.0,3.0,10.0,18.59211073551191,1,0,Très Bien
3.8366381721027123,2,10.855106713760366,8.441640185848126,4.0,5.2377853992552765,8.0,4.0,1.0,6.0,19.885779222575206,1,0,Très Bien
2.9704865386142663,3,14.220376992315732,4.49037398124139,3.0,2.094801589641474,5.0,8.0,1.0,8.0,18.994811399278035,1,0,Très Bien
3.701444909867986,5,11.479366747315838,6.127628855159173,7.0,2.796071658567456,1.0,3.0,1.0,2.0,18.246425228484206,1,0,Très Bien
2.552119466475487,5,13.247408177161336,5.716708468089065,2.0,4.778452062363488,10.0,10.0,1.0,1.0,18.627605378476012,1,0,Très Bien
5.068166936518452,3,10.122680868804672,4.280908052390286,9.0,4.675187713361993,5.0,1.0,5.0,10.0,19.820162249610654,1,0,Très Bien
3.4600535378827164,4,12.689773036253813,5.451200085685884,0.0,3.458889536413283,1.0,4.0,3.0,10.0,13.237688874625514,1,1,Bien
5.467571823581496,4,14.333392892633144,10.66188376789801,9.0,3.801971868288249,4.0,2.0,0.0,2.0,20.0,1,0,Très Bien
1.8882087075927454,3,9.803101350788735,7.9142648443186605,4.0,4.594274597703825,1.0,2.0,2.0,4.0,12.575177807602598,1,0,Bien
5.661760464428914,2,14.344074359419544,9.875931952908632,0.0,3.4628387372094616,6.0,3.0,2.0,10.0,20.0,1,0,Très Bien
6.6670579232178495,3,12.157118306182705,8.243647660027504,10.0,4.92076525451312,6.0,3.0,4.0,9.0,20.0,1,0,Très Bien
1.0125287148570892,3,15.136380721446757,5.887235258487287,4.0,4.007909530932624,1.0,4.0,5.0,7.0,14.047561669914497,1,1,Très Bien
5.748113139695144,5,11.395740299769079,6.427343204988936,8.0,2.778155093842836,8.0,6.0,1.0,9.0,20.0,1,0,Très Bien
7.455337984946585,3,13.143733965486296,7.882654270360461,4.0,3.651780415241938,4.0,3.0,1.0,9.0,20.0,1,0,Très Bien
2.580717962617589,2,11.87818130496441,7.656259305209554,1.0,2.4218374183284404,2.0,10.0,1.0,9.0,16.031757045423696,1,0,Très Bien
8.345144773675408,4,11.711363213878263,6.133986976437499,1.0,1.55168691571967,1.0,6.0,5.0,8.0,20.0,1,0,Très Bien
5.838038018732091,4,12.776791284677069,4.73501024413119,9.0,1.2878371986889743,3.0,8.0,0.0,6.0,20.0,1,0,Très Bien
3.5899762884831823,1,13.610422407674712,11.931641781083108,8.0,2.690124453257994,7.0,2.0,1.0,10.0,20.0,1,0,Très Bien
4.8884618446845876,5,8.251305264227984,6.788275491485791,4.0,3.4694705143325746,10.0,4.0,4.0,7.0,19.372225401613118,1,0,Très Bien
6.116653825043445,2,16.300900826453635,6.51139166022607,10.0,5.701576356234242,10.0,3.0,4.0,2.0,20.0,1,0,Très Bien
5.152010782824823,1,6.421010878350605,7.170001695857953,7.0,3.6241197921678205,8.0,8.0,0.0,1.0,20.0,1,0,Très Bien
6.077511984892738,2,9.945563670783311,6.635907116033457,9.0,3.287238483367817,5.0,4.0,5.0,5.0,20.0,1,0,Très Bien
3.1586528138412673,5,11.717192787705297,7.184093361558226,3.0,2.850543593423042,7.0,9.0,1.0,8.0,18.570173218476306,1,0,Très Bien
5.3387216480721555,4,13.237067907257844,8.930420929174629,1.0,2.463946296420707,2.0,1.0,3.0,3.0,18.742136437232755,1,0,Très Bien
2.1725710061900396,5,16.728517583224136,6.813177280470365,3.0,3.196137103398578,4.0,9.0,3.0,7.0,17.17171360081099,1,0,Très Bien
4.7775478773026,4,6.425125535324678,5.255934341008357,10.0,2.586356609670566,6.0,0.0,2.0,5.0,20.0,1,0,Très Bien
3.1921847170704205,1,10.476917614830867,6.757534308282084,3.0,2.5127238613053504,5.0,6.0,0.0,10.0,16.546341735880922,1,0,Très Bien
3.528940114820467,2,5.619499536602204,6.303397327885134,10.0,4.231162085929018,6.0,10.0,3.0,8.0,18.56148761378963,1,0,Très Bien
7.472186350420875,1,12.094865921730744,9.135848405870277,8.0,1.6387965854362267,2.0,0.0,2.0,6.0,20.0,1,0,Très Bien
7.182620241188538,4,12.815050753500092,8.756678597106356,9.0,2.62511931732044,7.0,7.0,4.0,6.0,20.0,1,0,Très Bien
6.218276241814354,2,16.772387226513757,7.161287500646198,10.0,1.9685760312618295,8.0,8.0,2.0,7.0,20.0,1,0,Très Bien
2.815374470654842,2,12.361904282680362,5.081896217771115,5.0,3.1764069663011885,9.0,6.0,1.0,7.0,19.161303454902992,1,0,Très Bien
4.367183100610396,3,15.132075388327138,5.161161604840081,9.0,4.280639615734672,6.0,8.0,1.0,4.0,20.0,1,0,Très Bien
7.426195399958367,4,13.751511244617177,7.02268489237683,5.0,3.5249838969213507,7.0,9.0,4.0,10.0,20.0,1,0,Très Bien
5.28343382727981,2,10.694255408984494,7.504484453981921,4.0,2.668649309038832,1.0,5.0,0.0,10.0,20.0,1,0,Très Bien
9.63865907996339,3,7.773117759623882,6.438065771010917,5.0,4.410572182710789,9.0,6.0,5.0,10.0,20.0,1,0,Très Bien
5.786635678788744,4,12.825006894875433,6.2797456236891485,0.0,4.3240605700321995,6.0,2.0,1.0,8.0,20.0,1,0,Très Bien
5.3840982329800635,2,7.523693948563908,6.11080115023203,4.0,3.059248821501605,4.0,8.0,1.0,6.0,20.0,1,0,Très Bien
4.3817670715949975,3,15.885621218008932,6.96490905963408,5.0,5.389495619637654,10.0,2.0,2.0,8.0,20.0,1,0,Très Bien
5.267081809564565,2,11.513813693889528,3.4258564718904028,7.0,3.6290837070620086,9.0,5.0,2.0,7.0,19.467249113440175,1,0,Très Bien
4.695060327238912,5,15.585532234534249,5.348010056845435,3.0,3.588638947199019,1.0,3.0,2.0,1.0,18.647519384366127,1,0,Très Bien
6.416217353377181,7,10.559356697602801,6.059423731828974,4.0,1.1959842615973835,2.0,8.0,3.0,4.0,19.975592361053494,1,0,Très Bien
6.913404633589169,4,12.806552359202975,8.811254792427881,3.0,0.4744575480665034,3.0,0.0,4.0,7.0,20.0,1,0,Très Bien
3.4280210789841012,2,12.628046572004067,5.779279537106606,6.0,3.095154764801801,1.0,8.0,0.0,9.0,15.715524068701946,1,0,Très Bien
2.337534092884444,0,11.864867645967228,7.2707022127468095,9.0,4.4958819420873635,2.0,3.0,2.0,2.0,15.938976866671677,1,0,Très Bien
1.3275892537934069,3,10.702021459810224,7.339814126396494,5.0,3.4927596162462846,2.0,9.0,0.0,5.0,17.55558883937126,1,1,Très Bien
6.015982653825088,3,13.177368055411561,8.946874758491143,3.0,4.426328815608857,7.0,4.0,2.0,9.0,20.0,1,0,Très Bien
2.793266787652253,2,9.221510209550376,8.893866110446226,5.0,2.3797203708622843,10.0,10.0,1.0,9.0,19.657778784922773,1,0,Très Bien
0.6942188140950343,1,8.371694013122823,6.913745546807625,3.0,3.12374374529384,6.0,0.0,0.0,6.0,12.565018408654126,1,0,Bien
5.7771572090619285,7,15.728480679980482,6.286772888215836,7.0,3.0250342584618846,9.0,0.0,3.0,7.0,20.0,1,0,Très Bien
9.985999034865582,4,14.181503966676303,6.004250345761465,10.0,0.29776326345251025,5.0,5.0,2.0,9.0,20.0,1,0,Très Bien
4.987858176920214,7,12.19767482580672,6.638405166301329,2.0,5.683379026768927,9.0,9.0,5.0,10.0,18.181837204201948,1,0,Très Bien
6.676981548903283,4,16.995427147631347,6.3489499685146,7.0,4.796342350281418,10.0,0.0,4.0,8.0,20.0,1,0,Très Bien
5.16365871709513,2,11.196703443825466,7.830441114037348,1.0,4.39265053582658,9.0,1.0,1.0,10.0,20.0,1,0,Très Bien
4.8022206936177145,2,15.968109659966938,7.630464726227807,5.0,4.927390499521397,2.0,2.0,2.0,6.0,20.0,1,0,Très Bien
6.838152965975537,4,12.526722254777466,7.887701786717524,7.0,2.2996110109121273,9.0,6.0,0.0,6.0,20.0,1,0,Très Bien
4.419450911622698,2,8.92574774977083,8.888925567154253,0.0,4.1936620398197455,3.0,1.0,2.0,7.0,15.78972493415528,1,0,Très Bien
5.534784628143806,5,17.544120575312547,9.794303682100265,5.0,2.2961594181320324,3.0,4.0,1.0,7.0,20.0,1,0,Très Bien
5.643395612392027,4,14.972132539872256,7.186995090111335,8.0,3.2220002522893934,9.0,8.0,4.0,2.0,20.0,1,0,Très Bien
3.6638190927139025,0,11.636936906971307,8.649195657093479,9.0,0.3866484228637592,7.0,9.0,4.0,9.0,20.0,1,0,Très Bien
6.984084699073046,0,14.181513778601847,6.4725097242486775,9.0,2.7768204741425078,8.0,7.0,4.0,4.0,20.0,1,0,Très Bien
4.650080486609182,4,10.78888969800628,8.777510475374523,1.0,0.7046171728321724,7.0,7.0,5.0,10.0,18.84997201650213,1,0,Très Bien
3.4885096810143104,2,14.487447105178626,8.592263735763765,10.0,1.1187919984752845,9.0,10.0,1.0,9.0,20.0,1,0,Très Bien
6.073019687140807,2,4.826764304148122,8.512623954914487,0.0,2.9194467318528354,8.0,1.0,5.0,10.0,18.97769246758906,1,0,Très Bien
3.2030640364179255,5,8.94059599891622,7.141104761787286,1.0,1.9384021703338763,4.0,0.0,5.0,3.0,16.758487777172288,1,0,Très Bien
5.056362314738257,3,14.937779232860889,5.997462754013667,4.0,3.5084347717153475,2.0,8.0,2.0,5.0,20.0,1,0,Très Bien
4.981762006711593,4,11.251033385343241,4.908207343201785,5.0,5.512429516461407,5.0,9.0,1.0,5.0,16.740703220423725,1,0,Très Bien
7.171791131663156,0,12.622626884666225,6.939944188718351,0.0,2.0674325161328553,2.0,3.0,1.0,7.0,20.0,1,0,Très Bien
5.949396465759905,2,7.959643013653697,9.299518813373775,6.0,2.6028459897900493,4.0,8.0,2.0,4.0,18.87621977976643,1,0,Très Bien
4.949946082509713,3,17.54360098710631,6.53523264795389,10.0,3.99676584167791,2.0,10.0,3.0,4.0,20.0,1,0,Très Bien
6.635532598400574,3,15.57158893115303,8.177689878190082,3.0,1.9951407414924631,5.0,10.0,5.0,1.0,20.0,1,0,Très Bien
7.780415098034627,2,11.397944344874011,8.265927100778397,8.0,1.9269068785448624,6.0,6.0,4.0,6.0,20.0,1,0,Très Bien
6.115620612703724,3,10.785912429410022,6.574470668609241,5.0,2.3333326327371298,1.0,5.0,0.0,4.0,20.0,1,0,Très Bien
5.0207052396867615,2,15.08881308425908,8.97451725627928,8.0,4.321320798693354,8.0,9.0,5.0,10.0,20.0,1,0,Très Bien
2.376327535299681,2,17.947411350506783,3.0,0.0,0.34767751947254455,2.0,8.0,0.0,10.0,16.281825217602737,1,0,Très Bien
2.869772673849255,4,14.86128076743406,5.165874581892737,3.0,1.728773735978551,5.0,9.0,2.0,5.0,19.44683847932388,1,0,Très Bien
4.389550591290664,4,18.515408002189808,5.62655155546231,1.0,5.2963319024672915,8.0,3.0,0.0,9.0,19.78809419173099,1,0,Très Bien
3.7809755956814337,1,9.232946012814246,5.770427465698916,5.0,0.0,5.0,0.0,3.0,4.0,20.0,1,0,Très Bien
4.626057394029108,4,9.541839508503628,7.504394426778843,3.0,2.808945210916085,3.0,4.0,1.0,1.0,18.414610614853327,1,0,Très Bien
5.113299849794214,1,8.433176645839954,7.435056704580853,8.0,5.29489973715504,6.0,5.0,4.0,9.0,20.0,1,0,Très Bien
6.059385508713461,5,13.325281948948438,7.590985858262512,2.0,5.86497993960247,1.0,5.0,0.0,5.0,17.64233749894816,1,0,Très Bien
4.859002443881818,1,12.526810649413111,7.894122241198731,0.0,4.199032676745363,1.0,0.0,0.0,10.0,15.08192247899456,1,0,Très Bien
5.9730032876524035,4,11.544146629584043,5.574843146281526,10.0,4.757757087069679,8.0,6.0,2.0,7.0,20.0,1,0,Très Bien
5.12894882962024,3,14.427775884369897,5.172735899789021,10.0,1.5770806107956767,7.0,7.0,2.0,3.0,20.0,1,0,Très Bien
1.0490668672922574,2,15.696985815643991,7.5944795230117945,0.0,1.7003163046842396,10.0,4.0,1.0,4.0,17.728602700190336,1,0,Très Bien
3.1213292123624914,2,7.423012772139474,6.054651889530342,8.0,5.57124617085362,10.0,1.0,4.0,10.0,19.303376814010985,1,0,Très Bien
4.7118248885567695,1,10.209083916296654,4.644287431948044,8.0,2.60423918991356,3.0,1.0,0.0,9.0,18.988889732800395,1,0,Très Bien
2.580610514317785,2,14.46043078236918,8.457016426812222,4.0,0.18440216866388504,8.0,10.0,1.0,10.0,20.0,1,0,Très Bien
6.199857459992409,1,10.596783948424253,9.092652859753446,1.0,3.6276193716223997,8.0,4.0,4.0,1.0,20.0,1,0,Très Bien
8.061501664687395,3,9.605381770925538,9.33574133454799,8.0,2.7135042420071542,1.0,6.0,1.0,5.0,20.0,1,0,Très Bien
7.437523703394634,1,15.055612282951184,7.28051158221208,7.0,3.1216975819347765,10.0,6.0,0.0,8.0,20.0,1,0,Très Bien
4.573114258139584,1,8.131499790828059,7.938898143959354,10.0,0.0,7.0,3.0,2.0,10.0,20.0,1,0,Très Bien
7.9814522736999045,2,11.095260576626686,9.054802335042867,9.0,0.0,2.0,10.0,2.0,7.0,20.0,1,0,Très Bien
5.297334914404223,5,12.985932077414425,6.037876314964849,9.0,3.4538391111635534,2.0,2.0,2.0,4.0,20.0,1,0,Très Bien
4.325828057763921,6,10.278540258269643,8.666016526081139,5.0,2.545304160377625,2.0,8.0,3.0,7.0,18.221103867138254,1,1,Très Bien
3.7731946729181205,2,14.349466968039525,7.413094351214813,6.0,2.31470634876047,5.0,6.0,1.0,1.0,20.0,1,0,Très Bien
4.395060627023743,3,10.293369074407893,8.370567478513887,5.0,3.5857254097241684,7.0,1.0,0.0,6.0,19.02416295083283,1,0,Très Bien
4.223646362917543,5,16.225858480337756,7.279139531313903,4.0,1.8316789897402113,4.0,0.0,1.0,9.0,17.852909344744173,1,0,Très Bien
5.340832444750975,5,11.622761107512682,8.944385064622002,3.0,2.601838833191978,4.0,10.0,2.0,3.0,20.0,1,0,Très Bien
5.3211479620997295,0,14.013810410116061,7.3352856438123055,6.0,2.3268649920315267,9.0,1.0,5.0,4.0,20.0,1,0,Très Bien
5.006092040306829,3,14.238071858948448,4.774031410798873,3.0,4.328168984087386,10.0,2.0,5.0,8.0,20.0,1,0,Très Bien
5.8738763394927,3,10.117379991767782,9.177889948472084,9.0,0.18168842475863878,9.0,4.0,1.0,5.0,20.0,1,0,Très Bien
7.381292549572683,1,5.839540354032334,5.578703888541832,9.0,2.0289703882309995,7.0,2.0,4.0,5.0,20.0,1,0,Très Bien
6.899108270882648,1,13.082267263991504,8.879587315365871,9.0,4.634642546137278,10.0,9.0,5.0,1.0,20.0,1,0,Très Bien
2.030204063100193,0,12.216865041374609,6.864635677839517,8.0,1.7442914432099244,4.0,8.0,5.0,6.0,20.0,1,0,Très Bien
0.0,3,13.667478082725381,8.76401647779656,4.0,3.1799293953895353,8.0,9.0,1.0,2.0,15.347572903070676,1,0,Très Bien
6.868639822478547,2,11.320417582851485,8.702152922300147,7.0,5.504161003150769,10.0,3.0,3.0,1.0,20.0,1,0,Très Bien
2.266242603169158,1,10.708716903597853,7.645214461473057,5.0,3.2375865115057705,3.0,6.0,3.0,6.0,16.94762669675693,1,0,Très Bien
4.550469196214633,6,18.0254190329451,7.762802976440696,3.0,6.2107543065001884,3.0,3.0,2.0,5.0,18.656951077818817,1,0,Très Bien
2.659773947881281,0,7.582937815467667,7.633942925788849,2.0,5.099838859667663,7.0,2.0,0.0,5.0,13.934688680978288,1,0,Bien
1.3960391248399606,1,14.201851435092715,3.9792628655783835,10.0,2.022503986522456,9.0,9.0,4.0,9.0,18.16703326484128,1,0,Très Bien
6.082925456409576,3,10.276194425449827,7.1774953283473035,5.0,1.1039691227028987,4.0,0.0,0.0,10.0,20.0,1,0,Très Bien
6.518310320605294,2,10.992664146778734,5.325903735892157,0.0,2.0941231561706934,4.0,8.0,0.0,10.0,20.0,1,0,Très Bien
3.846979198546561,2,11.048691502278103,7.256780715618494,1.0,3.570080849982753,1.0,10.0,4.0,3.0,16.144213072896846,1,0,Très Bien
0.0,6,9.58969717748623,5.285586180425177,6.0,3.519390288910082,1.0,0.0,3.0,1.0,9.308026930691208,0,1,Passable
3.9075111034950343,3,13.713672630708718,5.222572088160888,3.0,3.996795443378632,3.0,10.0,5.0,8.0,19.56211216680162,1,0,Très Bien
5.783608010805093,1,16.171930787849874,9.407401752630854,4.0,1.6118952927900463,7.0,0.0,2.0,5.0,20.0,1,0,Très Bien
2.0421768624517425,3,13.410040983739984,8.604171082186284,10.0,1.8325609630538249,9.0,0.0,1.0,5.0,20.0,1,0,Très Bien
5.3667198395583116,4,12.310145988636286,6.993786122583768,9.0,3.83779994846782,4.0,4.0,3.0,8.0,20.0,1,0,Très Bien
4.969380301654009,0,9.04067850270226,7.277152975373536,0.0,5.986350698054422,2.0,6.0,2.0,8.0,17.511745887530484,1,0,Très Bien
6.158582999202177,2,13.550475797473354,6.628125961385487,1.0,1.354571584581644,6.0,6.0,5.0,2.0,20.0,1,0,Très Bien
5.239160736828307,1,18.469048895187896,7.854814563969285,3.0,2.891348389491501,6.0,9.0,3.0,3.0,20.0,1,0,Très Bien
3.0538621182368892,3,10.857916128614722,5.985918450176793,7.0,2.460280727798761,9.0,0.0,4.0,10.0,19.535631105734023,1,0,Très Bien
7.393143003328983,5,10.872049261944401,8.490610394301935,9.0,3.2180598372579086,4.0,5.0,0.0,10.0,20.0,1,0,Très Bien
4.68294085394606,4,10.316732607057007,6.620369738478834,3.0,1.204151908687368,8.0,8.0,4.0,1.0,20.0,1,0,Très Bien
4.945390920980136,2,10.531757296516739,6.370229506253157,2.0,3.132185654327067,3.0,5.0,5.0,3.0,20.0,1,0,Très Bien
3.133464081853608,3,3.7641013389828473,7.032569527727264,2.0,4.831174660115059,2.0,3.0,1.0,4.0,13.901847935285188,1,1,Bien
4.11343549761698,3,13.215106157567138,6.113279755111584,4.0,0.5640163638745914,9.0,9.0,4.0,7.0,20.0,1,0,Très Bien
3.2303945719461984,5,9.46334347093616,7.493023524244724,2.0,4.494048747212522,6.0,8.0,5.0,9.0,15.059249730471208,1,1,Très Bien
4.654107880153154,1,7.1692106436245995,6.1939561160299,7.0,1.2076400755131913,8.0,2.0,0.0,5.0,20.0,1,0,Très Bien
8.423416960284687,4,14.259569849197646,7.702785404228254,4.0,3.387214321579461,10.0,9.0,3.0,1.0,20.0,1,0,Très Bien
2.2561977141372873,0,8.75394664487419,8.824009808367215,6.0,3.7332167939122423,9.0,3.0,2.0,2.0,19.578922224266204,1,0,Très Bien
1.7728772042465177,2,10.983992838348726,5.921017469787739,10.0,3.5627641724997203,1.0,3.0,5.0,10.0,14.32190961958125,1,1,Très Bien
7.942340654987217,2,16.39932717356574,6.804136814057243,7.0,2.4997809182041406,1.0,3.0,5.0,2.0,20.0,1,0,Très Bien
4.581352645696268,1,7.77235260592646,7.691996069553133,4.0,3.9937356881122166,5.0,5.0,1.0,9.0,18.446866216040227,1,0,Très Bien
3.6618545226801666,4,7.402205296206714,6.3462139675278895,7.0,1.11414854565544,9.0,10.0,3.0,10.0,18.28742308241845,1,0,Très Bien
7.079809374792153,5,12.807918568687015,7.696480841239998,2.0,4.3718605250248,7.0,10.0,5.0,7.0,20.0,1,0,Très Bien
3.788768920526272,2,15.448462092031106,7.83309829097761,6.0,2.302450346768379,7.0,6.0,5.0,2.0,20.0,1,0,Très Bien
8.652019427093872,4,7.276974846804111,8.624892664441456,7.0,3.482998696400741,2.0,8.0,2.0,1.0,20.0,1,0,Très Bien
6.355851742678539,4,13.22306921051153,6.091014930872632,6.0,2.472862913450811,3.0,10.0,0.0,5.0,20.0,1,0,Très Bien
4.024177183708595,2,13.742998619885077,5.585837139654288,1.0,5.298157393702283,4.0,2.0,4.0,1.0,20.0,1,0,Très Bien
9.314616426531007,2,5.822518548923039,6.538633915654384,7.0,3.6579542188414553,2.0,7.0,3.0,9.0,20.0,1,0,Très Bien
3.788570153993323,3,14.395504013721661,5.54837149067935,5.0,3.9790919735213324,10.0,7.0,2.0,3.0,20.0,1,0,Très Bien
6.484190744018614,3,14.62981763952654,7.846747306071245,9.0,4.181342941366256,9.0,0.0,2.0,2.0,20.0,1,0,Très Bien
5.598585160812984,3,11.064643280231925,5.257373049735383,2.0,2.6385167632970288,5.0,4.0,4.0,6.0,20.0,1,0,Très Bien
7.603482578797596,4,15.757039086894025,10.499524627379031,3.0,3.4339098166287285,7.0,9.0,3.0,3.0,20.0,1,0,Très Bien
8.123022393453706,5,15.409366722974536,8.943891792360626,6.0,3.2479265917613684,9.0,4.0,3.0,5.0,20.0,1,0,Très Bien
5.064008298131533,4,12.309353777151614,7.018863654400471,2.0,3.967350939312259,5.0,7.0,0.0,10.0,20.0,1,0,Très Bien
3.4931642593076333,4,10.6456638290252,8.301091739496965,0.0,2.3315953112451826,6.0,7.0,3.0,8.0,18.56439580274029,1,0,Très Bien
5.919944285878233,2,9.08151632225113,4.544797203533813,5.0,1.9401430729555433,4.0,1.0,5.0,10.0,20.0,1,0,Très Bien
3.6445692604957878,2,11.887309471901427,10.785059997099337,2.0,4.772724561810113,8.0,2.0,4.0,2.0,18.78793200548079,1,0,Très Bien
9.026774495053246,5,13.709276759112537,6.114678081699266,10.0,4.180067714292008,1.0,1.0,3.0,5.0,20.0,1,0,Très Bien
5.273070662165475,2,11.027469416878077,6.819253879150961,9.0,1.740964794169524,1.0,0.0,0.0,8.0,20.0,1,0,Très Bien
4.269356897375783,1,5.4074969842139105,4.216100069217346,5.0,5.853351656319539,5.0,1.0,2.0,1.0,16.622541765972997,1,0,Très Bien
5.3693606117298165,2,15.806141683729711,7.729430957111342,9.0,2.1428800351994153,10.0,9.0,5.0,10.0,20.0,1,0,Très Bien
2.305747420940607,4,12.57066966553468,5.340483764384336,2.0,3.1779348138030996,9.0,5.0,3.0,10.0,17.22651823016047,1,0,Très Bien
3.056771922978697,2,10.861126509969498,7.152483642349043,5.0,4.753030131360887,2.0,0.0,4.0,4.0,15.44415419880399,1,0,Très Bien
7.400827815888851,4,14.571475165269865,6.183588350613193,10.0,4.738730712640867,3.0,5.0,3.0,5.0,20.0,1,0,Très Bien
3.6862114420572087,1,16.573915789448268,5.383384097604485,3.0,1.9418068293939212,8.0,0.0,1.0,10.0,20.0,1,0,Très Bien
2.906178034636121,3,3.594265291536326,5.793457747356074,3.0,3.775863106503654,5.0,1.0,0.0,3.0,11.940197406272365,1,0,Assez Bien
6.073305505054572,5,13.302790949766214,7.3386820511282815,9.0,2.53467738943023,3.0,7.0,2.0,2.0,20.0,1,0,Très Bien
7.371408309325994,4,7.720052367568958,5.077763540696763,9.0,3.6293433184035826,6.0,5.0,1.0,3.0,20.0,1,0,Très Bien
6.437906621330134,1,13.497331520396823,5.876782493464635,10.0,2.8115026733156356,6.0,8.0,4.0,5.0,20.0,1,0,Très Bien
6.992095371611633,2,12.383781607123737,7.994910071896717,1.0,2.395864342793718,5.0,0.0,3.0,7.0,20.0,1,0,Très Bien
3.4864098228610785,2,13.90717957932165,10.90371981231147,3.0,1.556440730877367,5.0,4.0,0.0,2.0,20.0,1,0,Très Bien
2.1563786665163125,7,10.502257156516034,7.716383229329507,10.0,4.777757082745163,6.0,6.0,5.0,7.0,16.31977385185411,1,1,Très Bien
8.002667303910973,2,6.380279664542544,5.624107536734069,3.0,1.8843298805368451,2.0,8.0,3.0,6.0,20.0,1,0,Très Bien
4.354640322315729,3,10.648895426229995,6.449328744891534,10.0,5.202554809783113,6.0,10.0,3.0,7.0,20.0,1,0,Très Bien
4.498333967089906,3,13.22054290541935,7.047383509228867,6.0,2.559298106449647,2.0,8.0,3.0,7.0,20.0,1,0,Très Bien
7.656388283698115,6,15.04617698602567,6.475862574046439,4.0,3.7269783056507038,3.0,3.0,5.0,9.0,20.0,1,0,Très Bien
6.11246001880132,2,8.484506098582425,8.3545872501054,7.0,5.308875402391044,2.0,3.0,3.0,7.0,20.0,1,0,Très Bien
5.911775544163215,2,15.081181280619052,7.326210224521337,6.0,2.3541120420089623,1.0,3.0,0.0,6.0,20.0,1,0,Très Bien
9.330004689802168,2,10.056383131060436,8.361778577364806,9.0,3.707770179545411,1.0,2.0,5.0,10.0,20.0,1,0,Très Bien
3.712963539239714,1,13.087349644783579,6.528334314553556,8.0,3.7410501461043646,9.0,7.0,5.0,8.0,20.0,1,0,Très Bien
6.855680256162474,3,10.470318141403101,8.988250329581884,7.0,2.0001391456810667,4.0,4.0,1.0,7.0,20.0,1,0,Très Bien
5.114026249794169,5,12.546511883136304,6.750271623577682,8.0,3.333388580097239,5.0,6.0,4.0,6.0,20.0,1,0,Très Bien
5.537184557726514,4,14.675632903710824,5.543215196293012,0.0,4.117179944586639,10.0,9.0,5.0,4.0,20.0,1,0,Très Bien
8.056936852825064,4,8.318957768134393,10.265980571563333,9.0,5.551422536398447,7.0,5.0,1.0,7.0,20.0,1,0,Très Bien
6.015671512579248,3,9.960282309759506,4.262533379558325,2.0,2.377649640269124,2.0,8.0,0.0,8.0,19.048010735018885,1,0,Très Bien
6.076592158099266,2,12.55488776202626,5.891891912042609,4.0,3.5188142054044222,10.0,2.0,4.0,8.0,20.0,1,0,Très Bien
7.145014674619604,4,19.204750983091056,6.059458222254408,8.0,2.8093975445208628,9.0,5.0,5.0,4.0,20.0,1,0,Très Bien
4.270094540914229,3,9.410430863499515,10.762459409584846,7.0,3.2900421234288992,4.0,2.0,2.0,10.0,19.767777516594666,1,0,Très Bien
3.3215806653219873,3,18.120401657990755,9.710288326219768,9.0,2.1123100849335716,10.0,1.0,1.0,9.0,20.0,1,0,Très Bien
2.910381611957933,1,18.01326991102551,9.240892215463298,6.0,2.746437833889184,10.0,2.0,0.0,3.0,20.0,1,0,Très Bien
1.0672868212479965,4,11.708066547895227,6.504012006435502,1.0,5.277317877770769,1.0,1.0,0.0,9.0,10.873702877183522,1,1,Assez Bien
9.112414259880644,3,11.1055424214003,10.639267005762662,10.0,3.1911428190583178,8.0,1.0,0.0,3.0,20.0,1,0,Très Bien
2.7935832685566337,1,9.923804404005924,7.552528005761457,5.0,3.1141583114399722,4.0,9.0,4.0,7.0,17.461966654425993,1,0,Très Bien
4.557492752828456,1,11.795392409001993,8.465895055454684,3.0,1.7214036427111465,7.0,10.0,3.0,4.0,20.0,1,0,Très Bien
4.446373400222159,1,7.779841702321326,7.26954307165931,4.0,4.636492607149794,3.0,6.0,2.0,5.0,17.6896333570338,1,0,Très Bien
5.614813395618201,2,11.771282948038207,6.925800143015123,4.0,4.27044098889571,9.0,9.0,4.0,3.0,20.0,1,0,Très Bien
6.6314744250785935,3,16.490640821552567,6.622331989110431,3.0,3.1908928520982056,5.0,2.0,4.0,2.0,20.0,1,0,Très Bien
6.720946976719491,3,10.166744812569847,6.685540009871256,3.0,5.851685707561209,5.0,7.0,5.0,8.0,20.0,1,0,Très Bien
3.8338451228621233,3,11.277827088032847,7.912737473017119,3.0,2.2011090196907395,3.0,1.0,1.0,7.0,17.55404031960025,1,0,Très Bien
4.665756572427177,1,6.896578577198275,7.5507996981630825,10.0,1.4365490908267893,9.0,10.0,2.0,7.0,20.0,1,0,Très Bien
5.5651599009765995,3,13.12218626439313,6.952792944694474,1.0,2.8576120365271622,3.0,10.0,0.0,8.0,20.0,1,0,Très Bien
4.502617747632906,2,12.793445054854121,9.264285989048282,0.0,1.729168424626349,2.0,6.0,4.0,1.0,20.0,1,0,Très Bien
8.214691152039986,1,12.191107079297312,3.0,1.0,3.3609970287859285,9.0,2.0,2.0,8.0,20.0,1,0,Très Bien
5.981949903276503,1,11.34951884933357,7.764830871881792,6.0,3.1097932299140654,9.0,8.0,1.0,10.0,20.0,1,0,Très Bien
6.4697555720996345,1,11.121726243682636,8.07660805998847,0.0,4.72934815826499,10.0,6.0,3.0,5.0,20.0,1,0,Très Bien
6.325762537334826,4,13.505700701102016,8.720444302382754,5.0,2.3164227391435164,4.0,8.0,2.0,8.0,20.0,1,0,Très Bien
7.34694771497065,3,11.91355019523413,6.902692838419958,3.0,3.4980299907062777,4.0,1.0,0.0,9.0,20.0,1,0,Très Bien
5.3620431174074135,2,12.944915614665996,7.3118801010759364,1.0,3.2778517141964887,10.0,5.0,4.0,2.0,20.0,1,0,Très Bien
2.406336104088307,2,12.644948452363645,8.478922574972081,2.0,4.248801147985482,6.0,4.0,3.0,3.0,18.805801662859086,1,0,Très Bien
5.799375903505283,3,15.370281861287285,9.23674960642027,6.0,1.3043756118349004,9.0,1.0,1.0,6.0,20.0,1,0,Très Bien
3.697286212416342,2,14.030982292125163,6.549196022231848,5.0,1.6533333033060675,8.0,3.0,0.0,9.0,20.0,1,0,Très Bien
3.9427666365004863,4,12.578585529450573,7.40046367469134,5.0,2.131617416062627,10.0,3.0,3.0,10.0,18.27746616459608,1,0,Très Bien
6.172728037510186,2,16.55526609195654,9.517860946523136,7.0,1.3734722958387042,3.0,7.0,5.0,10.0,20.0,1,0,Très Bien
7.476566142867272,3,13.260805587169685,3.8139593861817236,7.0,3.9184945848622927,6.0,6.0,5.0,8.0,20.0,1,0,Très Bien
5.042543153472123,5,15.914888066371256,5.964981100278122,5.0,3.9328409433119687,7.0,4.0,1.0,6.0,20.0,1,0,Très Bien
5.617666025197927,5,13.820827825159913,9.198753967904445,0.0,4.638095689125457,6.0,8.0,0.0,5.0,19.179021279306774,1,0,Très Bien
8.404429889270476,2,6.474242763205371,8.638806750412455,9.0,2.7814009581194887,3.0,0.0,4.0,3.0,20.0,1,0,Très Bien
5.4815063589771365,1,15.91450428995799,7.783667816390041,6.0,2.306410501986998,9.0,3.0,1.0,4.0,20.0,1,0,Très Bien
10.203366228360789,1,12.405528724028008,6.32710469033632,7.0,1.57925679886159,4.0,4.0,3.0,7.0,20.0,1,0,Très Bien
6.1310192912630885,4,11.844135687297666,5.67727225152187,4.0,4.955342838635573,2.0,7.0,0.0,7.0,19.276988537003128,1,0,Très Bien
1.4784744816883646,1,12.844045042468732,6.11317657113644,10.0,2.6666298418923673,9.0,2.0,5.0,3.0,17.758020969602057,1,0,Très Bien
6.506683242209065,4,10.965050514128798,9.322012331228038,3.0,1.9112479499789132,3.0,4.0,5.0,4.0,20.0,1,0,Très Bien
5.7623167697655555,1,12.681086581166836,6.05733596626698,6.0,4.1256365892558495,6.0,2.0,2.0,3.0,20.0,1,0,Très Bien
7.579505508165491,5,10.224371800970722,7.1521344463594865,10.0,2.4911751916203855,5.0,6.0,0.0,2.0,20.0,1,0,Très Bien
6.346362702539917,1,15.82281677620311,5.869438532707381,5.0,1.399547743849561,2.0,9.0,3.0,6.0,20.0,1,0,Très Bien
4.723088032032452,1,11.659235659136849,8.26416104514854,5.0,1.6989493093816093,1.0,2.0,3.0,7.0,19.120444464790268,1,0,Très Bien
2.5514035274212685,2,10.852248471832699,6.191910579480338,2.0,3.1357838481951577,9.0,6.0,2.0,4.0,17.877654348491525,1,0,Très Bien
4.58195348542795,4,9.225222552842178,6.853609164768379,10.0,1.391528752518992,3.0,1.0,3.0,5.0,20.0,1,0,Très Bien
3.2989590915813998,0,12.806327367445924,4.474926800435762,9.0,2.8716188184566778,7.0,6.0,0.0,8.0,20.0,1,0,Très Bien
3.8389531003905546,4,12.561321300375276,4.57994764569259,3.0,1.7028245419818704,9.0,8.0,5.0,9.0,17.70583033888682,1,0,Très Bien
6.177156808841219,0,13.16527384103252,7.011509789982259,4.0,1.5810158305406357,9.0,4.0,1.0,7.0,20.0,1,0,Très Bien
8.339809008702812,1,8.918244337484612,5.012264267203357,8.0,2.2680770262056265,10.0,5.0,5.0,10.0,20.0,1,0,Très Bien
5.7893430596459625,3,7.196456403565281,10.157629959001753,7.0,3.238922736225839,6.0,9.0,5.0,1.0,20.0,1,0,Très Bien
2.6082338759296313,1,13.876773907519679,3.907715331831626,2.0,3.4792448964919998,8.0,10.0,0.0,3.0,18.35921183247065,1,0,Très Bien
5.889205336440281,4,16.453925585629523,5.799737052003843,5.0,4.386489091332899,9.0,2.0,3.0,5.0,20.0,1,0,Très Bien
7.393262973291302,3,8.920939132830313,7.025051300901326,9.0,1.8254167966236552,3.0,9.0,2.0,3.0,20.0,1,0,Très Bien
3.780434191361236,2,16.768323850685096,6.452300593306323,0.0,5.087263433094613,6.0,4.0,2.0,1.0,20.0,1,0,Très Bien
4.7319656666541645,4,12.851733176209143,5.343781815004121,2.0,7.081427135153101,5.0,4.0,4.0,2.0,18.574219922992583,1,0,Très Bien
5.0293763894583945,7,11.978811286347511,5.5631082407570975,9.0,2.3700804476468886,7.0,2.0,2.0,8.0,20.0,1,0,Très Bien
3.43020337383552,4,10.807353910362666,5.514018883751142,6.0,0.3492270429786757,7.0,7.0,2.0,7.0,20.0,1,0,Très Bien
6.2965608676877185,4,7.84644594172501,6.569917457769906,6.0,0.387632360903468,9.0,5.0,3.0,10.0,20.0,1,0,Très Bien
4.758103702784437,3,14.963185547773799,9.927893634276135,1.0,2.254779045949487,1.0,2.0,1.0,3.0,20.0,1,0,Très Bien
5.839064887814056,3,9.67318091568719,7.116905944837314,2.0,1.9588238945322973,6.0,0.0,1.0,4.0,18.919260434307567,1,0,Très Bien
3.2250156443958,2,9.660579972787199,8.774350734081287,6.0,3.007708141135459,5.0,9.0,3.0,3.0,20.0,1,0,Très Bien
4.125083399353179,2,14.975778929660864,7.7604645187422125,5.0,3.762427766374526,4.0,0.0,2.0,4.0,18.09329921195625,1,0,Très Bien
6.444762715655543,3,6.35104965998482,8.670793596973331,6.0,1.0708803686271784,10.0,10.0,0.0,8.0,20.0,1,0,Très Bien
4.254333695816466,3,7.4292065679955,3.0,9.0,2.74271482038208,1.0,9.0,5.0,9.0,18.221074383213747,1,1,Très Bien
8.45392770246681,2,11.945597269475755,6.543312968277656,8.0,2.241031379861058,4.0,1.0,5.0,7.0,20.0,1,0,Très Bien
4.200727628770795,3,12.879853287014557,8.96070313472607,7.0,6.053326427676706,10.0,9.0,1.0,9.0,20.0,1,0,Très Bien
5.449369451503772,3,13.454203943906771,6.142396265875999,5.0,0.9276259262649926,7.0,4.0,3.0,9.0,20.0,1,0,Très Bien
6.8651816637461796,3,11.094604519811242,9.643709747304419,3.0,1.8617708479845034,4.0,6.0,0.0,7.0,20.0,1,0,Très Bien
2.1632685341339366,4,19.59110900592507,9.225835230651642,9.0,3.0502980743574373,1.0,0.0,2.0,7.0,20.0,1,0,Très Bien
1.4783823760384482,3,11.316322323702497,6.2963039258088065,8.0,1.871857019319758,10.0,0.0,3.0,8.0,15.138641705401232,1,0,Très Bien
1.9486873708598105,8,11.307641543691833,6.245254721430465,6.0,4.699673262536548,1.0,3.0,1.0,10.0,11.896057767903217,1,1,Assez Bien
7.525168206854364,3,9.609039993558367,5.479591236468297,4.0,1.4701878941258522,1.0,9.0,0.0,3.0,20.0,1,0,Très Bien
3.8962837082151065,2,12.371720449563213,6.055608652204303,1.0,1.626176149343478,10.0,5.0,0.0,8.0,19.67688092162986,1,0,Très Bien
10.116398571336504,4,13.844883696140323,5.151116403746627,8.0,4.829024235434775,5.0,8.0,1.0,1.0,20.0,1,0,Très Bien
3.871504802685223,0,15.61073416360038,7.643216770649508,6.0,1.2136388540394207,7.0,0.0,0.0,6.0,20.0,1,0,Très Bien
5.369102606394074,4,7.532147206679346,4.81593025998035,8.0,4.251884052228416,9.0,10.0,5.0,2.0,20.0,1,0,Très Bien
8.08421990513575,2,11.262013984932898,7.905599524285333,10.0,2.321145273102058,8.0,9.0,1.0,7.0,20.0,1,0,Très Bien
9.012185776318246,1,13.340110832427433,7.942118045350373,8.0,2.0724899241245245,2.0,4.0,5.0,3.0,20.0,1,0,Très Bien
9.123007153272795,2,13.761172603783606,4.508193392224117,9.0,2.2382343647099985,9.0,8.0,3.0,10.0,20.0,1,0,Très Bien
7.416732461186285,1,12.019645973413617,9.324727909492509,4.0,1.319180586330815,4.0,7.0,4.0,5.0,20.0,1,0,Très Bien
7.048125051622925,1,13.627271908596306,7.770413941622833,6.0,4.360596663840134,10.0,6.0,2.0,10.0,20.0,1,0,Très Bien
6.185053898402366,4,9.573108321222598,8.124547032167303,4.0,3.2041005072203346,5.0,9.0,3.0,2.0,20.0,1,0,Très Bien
6.5567221523332755,3,16.67371629695507,5.862002197685841,2.0,4.336444445628482,5.0,1.0,5.0,1.0,20.0,1,0,Très Bien
3.897628567342933,2,14.97788430893829,7.933568677709678,9.0,4.76452193844523,4.0,8.0,2.0,5.0,20.0,1,0,Très Bien
3.363602233155386,3,7.965216638804483,8.689590174583099,7.0,3.811540331260184,6.0,7.0,2.0,9.0,17.582777364256152,1,0,Très Bien
4.993251085178096,3,8.774690855649734,6.852087401492984,7.0,0.8208361830688888,1.0,10.0,5.0,9.0,20.0,1,0,Très Bien
4.659630754950143,3,8.859234749679281,10.002883688872542,8.0,1.546071845758444,2.0,9.0,5.0,7.0,20.0,1,0,Très Bien
4.093543901345449,5,14.033909912689586,7.066096952369406,10.0,4.276370743720207,4.0,9.0,1.0,9.0,20.0,1,1,Très Bien
6.392774894913431,4,8.145816700747599,8.711178700678712,5.0,3.0832563463186573,4.0,8.0,4.0,4.0,20.0,1,0,Très Bien
6.910610417141021,1,11.006926997375759,7.4395132108879825,1.0,3.9755689697652072,8.0,8.0,5.0,3.0,20.0,1,0,Très Bien
5.176813772583695,2,13.364113189250324,7.878282299285302,2.0,2.866607200086214,9.0,8.0,2.0,4.0,20.0,1,0,Très Bien
7.955060162110524,3,11.801502196360696,4.493001598547842,10.0,2.3554590203169945,4.0,2.0,2.0,7.0,20.0,1,0,Très Bien
2.71662177173299,3,12.776662547138118,7.556580607323045,9.0,3.977480585730685,6.0,6.0,3.0,8.0,20.0,1,0,Très Bien
4.612681081440564,5,8.802591865953726,5.897537348114101,10.0,0.40886261263947965,4.0,0.0,4.0,2.0,19.92235252355151,1,0,Très Bien
3.5663553587943904,2,13.784563120191734,5.7304025413334685,5.0,2.520398403962337,4.0,8.0,4.0,5.0,19.88144053187659,1,0,Très Bien
1.26692676585388,3,10.160364322572011,9.616154776698968,0.0,3.0997146437172085,9.0,8.0,2.0,5.0,14.752267071423246,1,0,Très Bien
4.834638628314601,4,11.026140976806175,6.6793446279064765,1.0,3.313038875315309,4.0,2.0,4.0,9.0,19.009505906783517,1,0,Très Bien
4.756504983233433,2,12.713195183717959,5.495047253536756,7.0,1.058254376165031,6.0,4.0,3.0,3.0,20.0,1,0,Très Bien
8.026899486484261,2,12.309234664592545,6.461302557836688,10.0,1.1203291199267977,9.0,7.0,1.0,6.0,20.0,1,0,Très Bien
6.2616233691095555,1,12.07194005704678,5.049324656617129,7.0,2.4102726315350385,3.0,5.0,2.0,10.0,20.0,1,0,Très Bien
2.95162635134159,3,9.748119534069733,9.150826702294404,5.0,2.9058549620797387,7.0,9.0,0.0,5.0,19.308819103042403,1,0,Très Bien
8.708185132668376,4,11.101351766402423,5.956478883750227,2.0,5.332587919689235,7.0,9.0,2.0,2.0,20.0,1,0,Très Bien
7.442067391050706,6,12.006550772511108,7.7939499009155035,1.0,1.683030383285462,1.0,8.0,2.0,2.0,20.0,1,0,Très Bien
6.164195406937232,2,7.874744300498746,9.034160071315487,5.0,2.260293110108645,2.0,2.0,1.0,4.0,20.0,1,0,Très Bien
4.547031802300336,5,10.612401101059863,6.2497709781779065,0.0,5.387251244097973,5.0,6.0,5.0,4.0,17.461755705590654,1,0,Très Bien
3.0811215265530407,4,13.163039637098539,7.798033648409179,9.0,4.596131341896989,8.0,5.0,5.0,7.0,18.52987309566499,1,0,Très Bien
4.255586447857894,7,8.167690188463972,5.454870917643355,5.0,1.3290029762357014,6.0,4.0,0.0,1.0,15.67249023294633,1,0,Très Bien
7.177497239408372,4,15.469744954782719,10.668654353670526,8.0,4.0131699605407185,7.0,3.0,0.0,6.0,20.0,1,0,Très Bien
8.769172611869218,3,15.808839787799528,8.404570201924933,6.0,4.248604502194522,3.0,4.0,0.0,9.0,20.0,1,0,Très Bien
8.086487056544378,2,8.264548272119743,6.711090341858791,8.0,3.293631145056983,6.0,3.0,5.0,2.0,20.0,1,0,Très Bien
4.022301156427452,5,16.072858899150418,5.840749403666554,1.0,1.2402076060086613,9.0,2.0,1.0,5.0,20.0,1,0,Très Bien
2.7607651334219776,6,11.569255233863597,6.829005170740561,10.0,2.106743409801794,3.0,6.0,4.0,10.0,15.552035899881448,1,1,Très Bien
5.281772493822408,2,13.255543677471165,6.490024416472721,4.0,2.0580571700471637,6.0,5.0,0.0,10.0,20.0,1,0,Très Bien
1.4631212688742967,2,10.51004684361526,9.92941683099926,8.0,3.7933635117173763,7.0,3.0,4.0,4.0,19.570088163988608,1,0,Très Bien
5.646335428369563,2,14.769134481680286,5.161697916677647,6.0,2.3558455552375945,5.0,8.0,3.0,4.0,20.0,1,0,Très Bien
4.7047948274026625,1,13.218282056546002,7.202202134935305,8.0,2.6028004765007067,10.0,0.0,1.0,8.0,20.0,1,0,Très Bien
4.067926996263515,4,9.55754023020719,6.972492900049435,10.0,2.0970082032477944,8.0,0.0,4.0,6.0,20.0,1,0,Très Bien
1.810593865466409,5,8.504394000104135,6.823884549482695,5.0,0.6623237250961571,8.0,8.0,5.0,7.0,16.84168655658956,1,0,Très Bien
6.027200213139433,5,7.619092694372332,6.837075017592486,6.0,6.892644680118489,6.0,6.0,5.0,9.0,20.0,1,1,Très Bien
3.9345983206761774,5,12.56382532929827,6.825893784819275,9.0,3.60418743283314,7.0,1.0,0.0,3.0,20.0,1,0,Très Bien
2.660166328579424,3,13.717414235339207,8.30959909949815,4.0,5.208019588209794,3.0,10.0,0.0,2.0,17.226693917970493,1,0,Très Bien
0.0,5,13.952897036338324,7.913476669738653,5.0,1.3265923576455458,7.0,9.0,4.0,3.0,14.771336697377981,1,0,Très Bien
4.9449701898987275,3,11.646056716177867,7.62836741705918,0.0,5.278071788731266,7.0,4.0,5.0,8.0,19.286311128551173,1,0,Très Bien
8.544503193339487,0,8.529010633006909,3.0,0.0,2.4052892798781835,4.0,3.0,4.0,9.0,20.0,1,0,Très Bien
8.32251842909574,2,9.953775605928652,7.449692311244746,1.0,3.7954119196132976,10.0,0.0,3.0,10.0,20.0,1,0,Très Bien
4.0858074868274565,2,15.457045916885777,4.5165409597448765,10.0,4.487625354213237,4.0,8.0,1.0,5.0,20.0,1,0,Très Bien
3.7955758792764387,3,10.546114306199756,7.969480244703738,3.0,5.2664155211442925,3.0,5.0,5.0,8.0,16.53058961570276,1,0,Très Bien
5.937548512150047,3,12.430252892044429,9.211746051355771,10.0,2.930431387103372,10.0,10.0,2.0,7.0,20.0,1,0,Très Bien
3.0032291216234173,4,8.773048549275337,5.610641331117174,8.0,1.4934811393794147,7.0,5.0,5.0,9.0,17.873623227110087,1,0,Très Bien
5.6035837996389315,4,13.009749136377105,6.6073289164859395,6.0,2.9778391103196666,5.0,3.0,3.0,4.0,20.0,1,0,Très Bien
6.53216055676938,3,10.626946314962767,6.100966442420504,5.0,3.8865717973515013,3.0,1.0,5.0,10.0,19.81998898965216,1,0,Très Bien
7.453866447768615,2,15.140138141327292,8.853147663635202,0.0,2.196179581748275,6.0,7.0,3.0,3.0,20.0,1,0,Très Bien
4.799691847040094,2,14.32067311862044,7.14254182790811,4.0,2.36533584631038,6.0,7.0,5.0,9.0,20.0,1,0,Très Bien
4.592652499646068,4,10.5128821602753,9.5924940708495,10.0,0.6775900563427535,6.0,2.0,3.0,8.0,20.0,1,0,Très Bien
3.244034826486878,3,11.62000791795701,7.620631304421082,3.0,1.5327522764559565,2.0,6.0,0.0,7.0,15.360246279658432,1,0,Très Bien
3.3462392919202797,0,10.346651279878113,7.363675270953729,4.0,3.666447924913643,10.0,6.0,4.0,1.0,19.500616026733482,1,0,Très Bien
4.547042216196947,4,7.74170041036497,7.102310173904255,10.0,4.322913802266266,7.0,4.0,5.0,2.0,20.0,1,0,Très Bien
5.734731013632356,3,9.427672711358351,8.226988148886004,8.0,4.652634097453976,7.0,4.0,1.0,9.0,20.0,1,0,Très Bien
6.827169252466499,2,12.59465198316246,4.393470702631985,2.0,6.413932025209968,10.0,7.0,0.0,5.0,20.0,1,0,Très Bien
3.3936420986393103,1,12.975778494688745,7.128015933280765,3.0,5.232244641520339,4.0,3.0,3.0,1.0,17.935565617174184,1,0,Très Bien
7.985377137919043,3,12.445643710777917,6.894930334408053,7.0,2.7719685204228477,6.0,0.0,1.0,9.0,20.0,1,0,Très Bien
4.457752797914862,3,11.094800838124092,8.08812824073665,2.0,1.596483234414215,4.0,0.0,0.0,1.0,18.73204165750647,1,0,Très Bien
4.957265411303128,2,14.799199817162956,6.718447591188944,2.0,2.615781435956147,4.0,8.0,2.0,8.0,20.0,1,0,Très Bien
3.5055766417043532,1,12.190625713682811,5.441898348755995,8.0,2.173260822126126,6.0,3.0,5.0,5.0,20.0,1,0,Très Bien
0.1515194794541168,3,14.10976148428784,7.011026012379549,4.0,3.248824614852366,9.0,0.0,5.0,6.0,15.722537639133563,1,0,Très Bien
6.7680907927220995,5,6.6786746033924445,5.375739206697485,9.0,4.3364144609822,7.0,1.0,3.0,1.0,20.0,1,0,Très Bien
6.473687794184867,4,0.23279924514497274,4.112106681118772,0.0,3.719648794691372,2.0,9.0,0.0,2.0,16.273967574419572,1,0,Très Bien
4.437344885763573,3,12.851364083514241,8.09068372222824,6.0,5.363932954125652,6.0,6.0,0.0,7.0,19.178732682588866,1,0,Très Bien
5.133981434449744,4,7.7257030388355314,7.868592359042006,6.0,3.5932889038730274,5.0,1.0,3.0,2.0,20.0,1,0,Très Bien
6.031878435408199,6,11.362644891860832,7.7006364159903615,5.0,1.0866030875598156,6.0,0.0,2.0,5.0,20.0,1,0,Très Bien
1.8749082862269146,4,11.093708876926183,8.954392632918717,5.0,2.145011924871734,8.0,9.0,5.0,9.0,15.111775282199062,1,0,Très Bien
3.9418946453074106,2,16.762201807246612,6.0024521645441125,2.0,3.603862781170787,8.0,8.0,4.0,5.0,20.0,1,0,Très Bien
6.588529359243655,2,13.19998965883082,4.853328785843118,2.0,3.3430045044279812,3.0,4.0,2.0,3.0,20.0,1,0,Très Bien
2.491421153661501,2,12.497577080396018,6.894955334787933,9.0,4.962378643535341,9.0,3.0,3.0,6.0,17.723559898028704,1,0,Très Bien
5.587115864333258,2,14.51097346390102,6.478749550441134,10.0,3.0105572101167084,6.0,3.0,4.0,7.0,20.0,1,0,Très Bien
2.28683639075319,2,13.105492760517116,5.736556424844897,8.0,2.7353957850294064,7.0,10.0,0.0,10.0,20.0,1,0,Très Bien
5.932859964867053,2,10.6269690210347,6.880226269768306,0.0,0.6390260045170288,9.0,0.0,2.0,10.0,20.0,1,0,Très Bien
4.9287170354050325,2,15.21442779076368,6.082592280693123,6.0,1.7899156353768255,7.0,2.0,2.0,8.0,20.0,1,0,Très Bien
1.769736368188981,1,8.670749616335177,4.245992074964754,10.0,3.4631582901679954,10.0,0.0,5.0,3.0,16.62749574838444,1,0,Très Bien
7.329478708914342,2,12.969741562600687,6.338234963809359,9.0,3.314480767859677,9.0,4.0,5.0,4.0,20.0,1,0,Très Bien
3.5308168464039014,1,7.357290617591067,5.295437249944214,6.0,3.892329756599638,1.0,4.0,4.0,10.0,17.095089085622206,1,1,Très Bien
3.3794951259712382,4,12.611831572547985,7.347472107416384,7.0,3.6758699497239427,1.0,8.0,0.0,4.0,20.0,1,0,Très Bien
5.401138394461886,1,12.578968925318788,6.015947862639018,5.0,2.8299451570208314,3.0,7.0,2.0,2.0,20.0,1,0,Très Bien
7.29727469885743,4,17.029364885743988,8.667447211211577,7.0,1.4974576485953839,9.0,4.0,4.0,7.0,20.0,1,0,Très Bien
2.968356362043206,2,7.305078319674662,9.405799100901799,0.0,3.0008583093575085,1.0,4.0,2.0,4.0,15.298902663856577,1,1,Très Bien
5.123359699695944,1,10.197338472438563,8.019072059517859,0.0,2.9336320041022685,1.0,6.0,5.0,4.0,17.14996607428521,1,0,Très Bien
5.857633000661146,4,14.46804727972243,4.67346072702502,8.0,5.05773255667142,5.0,1.0,0.0,8.0,20.0,1,0,Très Bien
6.386211214526288,4,13.005951769191924,9.25779399831856,3.0,4.992280072052639,8.0,6.0,0.0,6.0,20.0,1,0,Très Bien
5.35288311055445,4,12.54091515401251,9.363580675560648,2.0,2.281830959721236,2.0,0.0,1.0,6.0,18.476686150942633,1,0,Très Bien
4.265944321833356,2,9.131592891124383,7.028185766961911,5.0,2.0671172064305376,4.0,4.0,4.0,9.0,20.0,1,0,Très Bien
3.344819558702561,2,10.227544955725712,8.984389240503297,9.0,0.969473643243127,6.0,5.0,5.0,4.0,20.0,1,0,Très Bien
5.172287766092749,2,15.73512302466977,6.172487292929983,8.0,2.7526680957419964,1.0,10.0,5.0,9.0,20.0,1,0,Très Bien
2.855721976028786,2,11.845472418738217,4.200631097725616,9.0,2.288689212863652,4.0,9.0,5.0,1.0,20.0,1,0,Très Bien
0.0,2,13.12607908843342,5.859573342067609,10.0,6.91098989500134,4.0,0.0,3.0,9.0,15.19049101375166,1,1,Très Bien
5.873119608315336,5,11.654435013670563,9.593951299067134,3.0,1.3269309593908463,9.0,8.0,2.0,1.0,20.0,1,0,Très Bien
6.807869682172391,1,8.450743454250704,4.763380114582789,8.0,3.0878714826904856,9.0,8.0,0.0,7.0,20.0,1,0,Très Bien
0.2741351289163232,1,14.801431278224989,6.999281922897242,4.0,2.0357089366108774,6.0,0.0,2.0,6.0,16.670136470342676,1,0,Très Bien
2.980538590580125,5,13.50969715359749,7.051215840010318,6.0,3.0369255844385377,8.0,3.0,2.0,7.0,19.042405512283484,1,0,Très Bien
6.238308522010396,3,18.916910512101566,6.2305386340482825,2.0,2.4999057373329774,10.0,7.0,3.0,9.0,20.0,1,0,Très Bien
9.114990939423397,2,8.953255861048365,6.3347176002443275,2.0,4.217245532217438,4.0,1.0,0.0,10.0,20.0,1,0,Très Bien
5.041587415350816,4,14.467718763601441,7.108373701354304,2.0,3.660477182141925,10.0,10.0,1.0,4.0,20.0,1,0,Très Bien
3.543994117541731,2,8.065368101888996,6.156756487097909,7.0,4.167097640726002,8.0,7.0,5.0,9.0,19.290958658614013,1,0,Très Bien
4.63420711779032,3,12.472039703019233,4.866912254248104,5.0,1.8719947397148482,3.0,9.0,4.0,3.0,20.0,1,0,Très Bien
7.74975283829637,3,14.929519767189493,7.322547914415184,8.0,4.618954800637901,2.0,8.0,2.0,10.0,20.0,1,0,Très Bien
3.708071641750929,4,5.783594651710539,8.610049873667458,8.0,2.277449548473565,6.0,8.0,3.0,9.0,17.58060369647487,1,0,Très Bien
3.401615986699493,4,11.385202577275177,8.30435877798013,7.0,0.8906293431277303,5.0,0.0,3.0,1.0,19.797316450062205,1,0,Très Bien
4.034512955635935,2,10.310370797872139,5.785396798915283,0.0,2.7271644144476266,8.0,8.0,4.0,5.0,18.781615319096268,1,0,Très Bien
3.0933427834825755,2,9.894128105114635,5.123158126933486,5.0,3.1700482913207275,1.0,3.0,4.0,10.0,13.40971680904728,1,1,Bien
5.245340631989591,1,13.155637956778062,6.573718176767832,3.0,1.12538802320016,10.0,7.0,0.0,5.0,20.0,1,0,Très Bien
8.24935691693912,6,15.362057119267785,9.351687264693496,3.0,4.310393479646253,3.0,8.0,2.0,1.0,20.0,1,0,Très Bien
5.6461585462320585,4,11.600163854312534,7.968397118439318,2.0,1.7832598197861171,7.0,2.0,2.0,1.0,20.0,1,0,Très Bien
4.495292995747425,3,12.616459282680061,8.05594701519135,8.0,1.7190632544450297,10.0,5.0,4.0,3.0,20.0,1,0,Très Bien
4.416377462168912,2,12.342926259177743,8.334785427678241,1.0,2.9999387305395646,4.0,2.0,5.0,9.0,19.33140854599374,1,0,Très Bien
1.873618382606686,2,12.005410519069242,7.631149843777879,0.0,4.285955685984168,10.0,0.0,1.0,7.0,15.32278049017499,1,0,Très Bien
6.766219554294318,2,8.731972086863681,7.180912821420368,9.0,1.1762650464049815,5.0,9.0,2.0,6.0,20.0,1,0,Très Bien
4.8443256059743955,5,15.325333805168679,7.993460344971952,2.0,4.4109424063386795,8.0,5.0,3.0,9.0,19.41626337052241,1,0,Très Bien
4.639040172818749,1,12.885586104476507,6.18075084367297,3.0,0.0,1.0,4.0,5.0,4.0,20.0,1,0,Très Bien
11.38621513568972,3,13.184644470007733,4.878305482950519,3.0,3.496001947258599,1.0,2.0,4.0,4.0,20.0,1,0,Très Bien
5.597505816731372,1,9.580471112923252,8.084495401936485,5.0,1.3054587467713286,7.0,3.0,2.0,3.0,20.0,1,0,Très Bien
3.4964178998096314,1,10.622338806032278,8.856607158623838,0.0,1.802174071417557,9.0,1.0,0.0,5.0,16.764311968314164,1,0,Très Bien
4.147284807588913,7,11.471597406867666,5.322652090965953,0.0,5.606831274435966,4.0,9.0,4.0,5.0,15.878482971916796,1,0,Très Bien
7.29689141839351,6,7.3976259196534455,8.23288222362385,1.0,1.517756053335949,8.0,9.0,3.0,10.0,20.0,1,0,Très Bien
5.226540821075529,1,6.935897024406966,9.521148570082286,3.0,2.915634597371682,10.0,3.0,0.0,7.0,20.0,1,0,Très Bien
2.1234440433652666,5,10.197756208084297,6.996630697364319,6.0,1.3999333387936614,7.0,3.0,4.0,7.0,16.821801777864103,1,0,Très Bien
6.838457869150407,3,13.56756229932717,5.772996722887381,5.0,4.1537832240143775,2.0,2.0,4.0,6.0,20.0,1,0,Très Bien
3.663711828922012,2,10.040587830210178,7.184528010290133,10.0,3.6134141503514297,5.0,5.0,2.0,4.0,19.29808686516241,1,0,Très Bien
8.74659555243509,3,8.94358440722786,6.174199047698948,8.0,3.8247027941560034,9.0,0.0,0.0,7.0,20.0,1,0,Très Bien
7.160096131429297,3,9.555943040286989,6.074904835065397,6.0,4.696304037821648,9.0,8.0,4.0,2.0,20.0,1,0,Très Bien
4.1053562086824975,4,10.633972730564063,7.649776100907314,4.0,2.4932853417769216,3.0,10.0,5.0,9.0,19.79015041018588,1,0,Très Bien
7.562032723470226,6,10.938423111539688,4.594405787455157,5.0,4.611761354704555,3.0,9.0,3.0,7.0,20.0,1,0,Très Bien
5.1357110210548065,3,18.496564356619672,4.834106616261659,9.0,5.234859122925087,2.0,2.0,0.0,2.0,20.0,1,0,Très Bien
6.705547350244439,3,15.163861885461955,7.0289363205609146,8.0,3.4266680074968217,7.0,2.0,5.0,10.0,20.0,1,0,Très Bien
5.96946563458895,5,15.074322336845185,6.966537191631353,0.0,1.340574563394639,6.0,2.0,2.0,2.0,20.0,1,0,Très Bien
3.3072866900182527,0,15.505741092820145,7.5153318655599035,10.0,1.1925633542739416,5.0,6.0,1.0,6.0,20.0,1,0,Très Bien
3.712900335365076,5,9.003537391997853,9.812838082725083,8.0,3.6634104460502988,7.0,7.0,4.0,7.0,18.25879014649022,1,0,Très Bien
7.059921635162322,2,8.332906155038282,7.156771054113731,5.0,1.339612750549049,4.0,1.0,1.0,9.0,20.0,1,0,Très Bien
4.330449335786918,1,8.67938912539783,7.897258225502192,3.0,0.9849048155644695,5.0,0.0,4.0,4.0,18.817026400426357,1,0,Très Bien
4.1927030735160065,4,16.003518400013512,5.5367005965780525,4.0,4.325613017667547,9.0,4.0,5.0,8.0,19.581007934340416,1,0,Très Bien
3.089754841301294,4,10.358424633352527,8.151906495274806,0.0,2.311803525454761,9.0,7.0,2.0,10.0,18.497175444561307,1,0,Très Bien
5.847198131186922,5,8.24593145328214,6.210413702333984,6.0,6.629100234715296,4.0,2.0,2.0,2.0,20.0,1,0,Très Bien
9.12504983848629,2,10.707011399340562,7.10713124887164,7.0,2.013801459929873,6.0,5.0,2.0,6.0,20.0,1,0,Très Bien
2.8649341714914542,2,11.284183404856117,6.836727062396258,10.0,2.253962019117497,2.0,2.0,2.0,4.0,18.463339975152437,1,0,Très Bien
5.0484389133455165,4,12.805239821083687,8.549461352371047,4.0,3.538817550224202,3.0,5.0,0.0,8.0,17.7943086231858,1,0,Très Bien
7.8244411108308585,4,12.75285306213613,5.035035168437501,1.0,3.3068475831398025,9.0,3.0,0.0,9.0,20.0,1,0,Très Bien
4.84071721750857,3,9.515458308379475,3.5751420480774407,7.0,2.8737220934675944,6.0,10.0,4.0,2.0,20.0,1,0,Très Bien
5.904743592499468,1,14.056969177541133,6.6798509543681135,9.0,2.838055451275779,8.0,6.0,0.0,7.0,20.0,1,0,Très Bien
2.8752129437062406,1,10.082419398749526,7.702796885357686,6.0,7.864248107652382,5.0,10.0,4.0,7.0,17.560900428734975,1,0,Très Bien
5.856614194415297,1,11.53117098988487,7.22840406371125,9.0,5.491156286121006,2.0,9.0,0.0,8.0,20.0,1,0,Très Bien
4.625711469990902,1,14.060322211510066,8.848306356120867,8.0,4.265285653720985,7.0,0.0,0.0,5.0,20.0,1,0,Très Bien
6.971459991359726,4,10.074535788166976,7.656059011269503,3.0,1.1618697026765785,6.0,0.0,0.0,3.0,20.0,1,0,Très Bien
7.374772103129502,3,10.291945729256588,6.15422750221021,10.0,2.8891339172032633,2.0,4.0,3.0,1.0,20.0,1,0,Très Bien
10.179127284037229,4,13.775004149079393,3.511869768790479,8.0,3.9908164335804095,6.0,8.0,2.0,4.0,20.0,1,0,Très Bien
6.1592663464271515,3,9.426800470184942,6.644031648707172,3.0,4.12232867277038,8.0,4.0,3.0,3.0,20.0,1,0,Très Bien
5.6515926331643325,3,10.845623929187788,8.541938503386698,2.0,4.916411074069071,1.0,3.0,0.0,2.0,17.529358860439952,1,0,Très Bien
5.388768603154672,3,13.667226534128677,6.4119283259993285,10.0,2.03827075146301,4.0,7.0,0.0,6.0,20.0,1,0,Très Bien
4.293667414378623,0,18.162277324307926,7.042480395516646,2.0,2.9421961079090737,1.0,4.0,3.0,7.0,20.0,1,0,Très Bien
5.6769676869233825,6,13.81621351428824,7.632040381460063,9.0,1.8674776715828172,2.0,0.0,5.0,10.0,20.0,1,0,Très Bien
4.409197179721941,4,13.417919288970035,5.477061438625276,1.0,5.002120287501665,1.0,6.0,4.0,7.0,16.469040930231188,1,0,Très Bien
5.336921952539228,1,13.592404751018188,7.934853844958226,9.0,4.048240628004311,6.0,10.0,2.0,8.0,20.0,1,0,Très Bien
7.63519507121592,6,8.780429177798851,9.455682685002559,2.0,2.238986319451848,6.0,3.0,4.0,2.0,20.0,1,0,Très Bien
2.9869148694407177,1,12.346790216039723,6.74077997215989,7.0,3.337316844598851,1.0,9.0,5.0,10.0,20.0,1,0,Très Bien
7.279757122258091,3,11.910700534990795,5.306403367251548,10.0,3.075464103367487,4.0,4.0,2.0,6.0,20.0,1,0,Très Bien
7.634230134679731,6,12.964753621118268,6.900098459467039,7.0,1.6801019874745327,4.0,5.0,1.0,6.0,20.0,1,0,Très Bien
4.763862946017842,3,12.349524157427613,3.6634238370866967,1.0,4.395249343322399,8.0,6.0,2.0,10.0,18.795660115068877,1,0,Très Bien
0.7562902019828108,1,13.139099032251337,7.505354895964924,10.0,3.1154631404294366,6.0,10.0,4.0,1.0,20.0,1,0,Très Bien
3.7843560258111353,4,11.065598415302395,7.678411566472868,1.0,2.2060198184886044,2.0,1.0,2.0,2.0,15.900366666428813,1,0,Très Bien
7.593989093122218,1,12.175826752115379,9.513454440768344,1.0,1.6543358969417385,5.0,0.0,1.0,9.0,20.0,1,0,Très Bien
4.954263875402236,4,8.316514301829024,6.709007811150062,9.0,4.2818945414600895,4.0,2.0,1.0,8.0,18.251950773923504,1,0,Très Bien
3.0013955354101785,5,11.040278165991259,7.612728007219705,6.0,3.402212049145827,10.0,9.0,0.0,4.0,19.524857210387765,1,0,Très Bien
3.990450157543565,1,16.17250064452993,5.708067846421148,5.0,1.9580196538429755,4.0,0.0,1.0,6.0,20.0,1,0,Très Bien
6.681240053009106,2,12.956425018884767,6.465359319212382,10.0,2.2532470062329275,8.0,3.0,3.0,2.0,20.0,1,0,Très Bien
6.093467136402759,5,11.93723688785077,4.712221845006703,0.0,3.008280092365342,5.0,5.0,4.0,5.0,18.705774105556458,1,0,Très Bien
4.522135801660611,9,17.68836982876304,6.707815568075147,1.0,3.095715581829703,3.0,4.0,3.0,2.0,17.538637814035408,1,0,Très Bien
4.266351176370625,5,7.917495065096762,6.542036269722153,0.0,3.2880816304170595,10.0,10.0,5.0,5.0,17.645598040715683,1,0,Très Bien
4.216483701912356,4,8.67163333366134,7.448799649133344,10.0,0.34621481680017574,4.0,3.0,3.0,7.0,20.0,1,0,Très Bien
3.155179631002995,4,17.13813423382882,6.064604679501041,6.0,3.1806187278865803,1.0,6.0,4.0,7.0,17.739961267043384,1,0,Très Bien
8.230751378938884,4,12.137882808146802,7.125018026462638,5.0,1.1712738885867897,6.0,10.0,5.0,9.0,20.0,1,0,Très Bien
4.35535906157732,3,11.272250891130618,6.499929916588502,1.0,5.128506294376741,10.0,10.0,3.0,3.0,19.61170935756118,1,0,Très Bien
7.434317041650993,2,8.40238702471307,6.5027509175507285,1.0,4.564389489655396,4.0,5.0,3.0,4.0,20.0,1,0,Très Bien
8.042632103844902,2,13.343088799185036,7.120543488944545,1.0,4.7350956228838665,6.0,2.0,5.0,9.0,20.0,1,0,Très Bien
6.996621796295921,7,13.633379608582388,7.060784413475515,7.0,0.0,2.0,8.0,3.0,8.0,20.0,1,0,Très Bien
4.136759374563903,4,8.716516917495312,8.141761058577458,6.0,2.551227252819269,5.0,4.0,1.0,7.0,20.0,1,0,Très Bien
5.807460180673219,3,11.579173243348714,6.819035448805248,0.0,2.8829888072209466,9.0,9.0,4.0,8.0,20.0,1,0,Très Bien
4.951608787218167,1,10.993452503900802,6.475171976315496,3.0,3.8624947184645544,8.0,0.0,4.0,9.0,18.658459887954265,1,0,Très Bien
3.1925962785397437,1,12.767931439256314,6.728788832369161,10.0,4.351311841756147,3.0,5.0,4.0,4.0,19.25357495651371,1,0,Très Bien
5.6487185634432056,2,8.642249273338068,5.928003824738511,3.0,4.926938460603593,1.0,4.0,3.0,5.0,16.150354219812797,1,0,Très Bien
2.641920417680395,2,15.755842363539472,6.460133359649992,6.0,0.0,10.0,9.0,1.0,9.0,20.0,1,0,Très Bien
7.375358776923127,4,14.747471344792814,10.046738069609846,1.0,1.7980492776809651,3.0,7.0,4.0,7.0,20.0,1,0,Très Bien
4.070765405403214,3,10.91047332380155,5.630981858956199,3.0,3.086698257281735,8.0,3.0,2.0,4.0,20.0,1,0,Très Bien
5.4023193117456785,4,11.350743865084887,6.582015499181036,0.0,4.244248572680018,3.0,0.0,4.0,6.0,17.691640916118686,1,0,Très Bien
5.566575743092284,6,11.590733549167151,6.418767005095464,10.0,4.2027175747890855,5.0,10.0,0.0,1.0,20.0,1,0,Très Bien
4.482190052591846,2,9.665074340980489,6.629242581633401,10.0,3.7123537387564505,2.0,1.0,2.0,1.0,20.0,1,0,Très Bien
6.17338760295055,5,10.669711745294894,6.503141036682408,3.0,2.044408737301999,1.0,7.0,4.0,9.0,18.92450493362319,1,0,Très Bien
4.050192686754951,1,11.189188896976173,7.4188601518315,10.0,2.2352989650711645,10.0,9.0,3.0,8.0,20.0,1,0,Très Bien
6.742594594914488,4,16.838605112121385,4.434737347912309,0.0,2.0558267945167956,5.0,7.0,4.0,1.0,20.0,1,0,Très Bien
2.308040639506503,2,14.839854924991311,8.555757208798006,1.0,1.5284197046029548,5.0,4.0,1.0,2.0,16.987876687851568,1,0,Très Bien
5.2527591590928235,5,14.803964122009871,7.948874199463296,1.0,1.5074127885568978,6.0,5.0,1.0,4.0,20.0,1,0,Très Bien
8.87785799811657,2,13.109776839013172,5.1356926209052975,9.0,1.3639601329478985,2.0,1.0,4.0,1.0,20.0,1,0,Très Bien
2.9993373507888506,4,8.648018973206296,3.596384090571398,2.0,3.503925205559182,9.0,10.0,3.0,2.0,14.283170415619077,1,0,Très Bien
3.644510058950297,2,11.875526686267863,5.534391780787898,7.0,3.186495726131926,2.0,8.0,3.0,5.0,20.0,1,0,Très Bien
6.02781569931783,6,14.91146537884014,6.636000307859316,10.0,1.609819900055585,2.0,5.0,3.0,8.0,20.0,1,0,Très Bien
5.359163563879196,2,8.225206111898135,10.870437848036163,5.0,0.4327760171381687,5.0,8.0,4.0,6.0,20.0,1,0,Très Bien
5.701260198547119,0,13.909659620619793,7.8148854474614105,5.0,2.4460001109864535,9.0,10.0,4.0,6.0,20.0,1,0,Très Bien
5.978374260295327,2,18.9678276757883,4.288615526227813,8.0,5.220083284480843,4.0,9.0,0.0,4.0,20.0,1,0,Très Bien
6.269442937123539,3,15.185449937969196,5.965516742648584,7.0,3.009064891437756,6.0,2.0,1.0,2.0,20.0,1,0,Très Bien
7.219399683912446,2,16.24208740668596,6.9201813455905254,1.0,4.200115145738884,2.0,5.0,2.0,3.0,20.0,1,0,Très Bien
5.819637313857025,4,12.655016251326483,7.380525331447146,5.0,3.2700689238536613,4.0,9.0,2.0,6.0,20.0,1,0,Très Bien
4.517484690762915,2,14.903795846294969,5.0278767095343655,0.0,2.912797957763127,9.0,4.0,1.0,6.0,20.0,1,0,Très Bien
6.345147402405463,2,9.846440356937894,6.797514658034408,8.0,0.790422167609734,2.0,8.0,5.0,5.0,20.0,1,0,Très Bien
8.799763869790432,4,14.38759143702368,5.923541293584189,3.0,2.3899724994649123,1.0,9.0,0.0,6.0,20.0,1,0,Très Bien
4.7347325072348525,1,13.96316440218229,5.344362156096525,3.0,2.1978178491608613,4.0,0.0,1.0,6.0,20.0,1,0,Très Bien
3.050941390658717,1,12.86973352211299,7.3893934700484305,8.0,5.221827915373316,4.0,8.0,0.0,1.0,19.417572231459673,1,0,Très Bien
7.214161338573946,4,15.948022259155495,8.160815760164233,2.0,3.2748309829549087,1.0,4.0,5.0,6.0,20.0,1,0,Très Bien
4.759237672092803,3,10.383645486457834,8.26156191544243,4.0,4.916303681738084,4.0,0.0,0.0,5.0,18.403417328740883,1,0,Très Bien
0.6546609079719277,8,11.438827450579012,7.861579526700814,0.0,4.691169641228441,3.0,9.0,3.0,8.0,11.416060565387175,1,1,Assez Bien
6.694843354300843,1,12.28638612407489,6.253945700289606,5.0,1.7311289394928324,2.0,7.0,1.0,9.0,20.0,1,0,Très Bien
3.9293436280921545,4,8.911167086731798,8.071824642195258,2.0,3.001739345654544,10.0,6.0,2.0,6.0,18.00954648300217,1,0,Très Bien
4.818933435391679,2,12.680795831400744,7.463581657156432,0.0,5.527317895774072,4.0,5.0,4.0,10.0,17.367956702022674,1,0,Très Bien
5.663960661138029,2,6.8432087611384596,7.20091282442802,9.0,3.8447688403104485,8.0,1.0,5.0,4.0,20.0,1,0,Très Bien
5.380999359558133,3,15.140863603284627,6.082460317447302,5.0,3.754078444742556,7.0,4.0,5.0,3.0,20.0,1,0,Très Bien
6.418903634278079,4,12.139912099697897,6.254685808987707,9.0,4.370371622414045,9.0,2.0,4.0,10.0,20.0,1,0,Très Bien
4.129027258860313,3,10.437321288288711,7.110830404186831,1.0,3.7205716770318067,8.0,1.0,1.0,1.0,18.99911418522701,1,0,Très Bien
6.026211596352166,4,9.496879163114635,10.659811700478253,7.0,3.819532693817491,1.0,9.0,4.0,7.0,20.0,1,0,Très Bien
4.4809066448321655,5,11.296262911142437,7.451863720137085,10.0,3.4531657067623307,2.0,0.0,0.0,5.0,18.346145085262677,1,0,Très Bien
6.477620961775006,5,14.064779132317241,6.083217246624571,1.0,2.4903643457425915,2.0,8.0,4.0,4.0,20.0,1,0,Très Bien
6.230734968026107,2,13.643216936212681,5.7514158325458355,3.0,1.4128636136696766,8.0,1.0,0.0,9.0,20.0,1,0,Très Bien
3.1291225959108093,5,9.883386158164617,6.262350081015696,2.0,0.2145730840897473,4.0,10.0,0.0,7.0,16.01163392449032,1,0,Très Bien
7.1719642323500645,3,9.461880982117098,10.2659401713236,8.0,2.505937355266176,9.0,0.0,2.0,10.0,20.0,1,0,Très Bien
3.928073109771904,5,13.970696118958942,6.401115031081057,1.0,3.6549065678602335,2.0,6.0,4.0,8.0,17.99350096390979,1,1,Très Bien
6.61611559656229,3,9.832957786154912,8.360305801915427,2.0,3.3578566384334128,4.0,8.0,2.0,4.0,20.0,1,0,Très Bien
5.734574626802681,6,12.179729322238511,6.436107631792965,6.0,3.9538671265065135,1.0,5.0,4.0,10.0,20.0,1,1,Très Bien
8.676367353590244,1,12.371263927572832,7.391776811919443,3.0,2.8109344982029154,3.0,7.0,0.0,10.0,20.0,1,0,Très Bien
4.553068035256295,1,12.936186395180215,8.187617911013083,5.0,7.08300014018769,6.0,10.0,4.0,8.0,20.0,1,0,Très Bien
4.301366407763605,4,14.574811290545615,6.142145725285114,2.0,6.040885815853372,9.0,6.0,5.0,4.0,20.0,1,0,Très Bien
4.961160788224535,3,8.211111189398032,6.038332518770845,0.0,0.7236071890093294,1.0,8.0,5.0,1.0,18.975759509463728,1,0,Très Bien
4.3936404343314495,7,6.266522024218537,9.488304541682995,10.0,3.9847632011479623,5.0,6.0,2.0,8.0,19.207874674189377,1,1,Très Bien
6.5998838038841,2,10.297658156314945,8.476889342343696,5.0,4.453163138214704,2.0,5.0,3.0,1.0,20.0,1,0,Très Bien
1.7673787831268242,0,17.404585223496557,8.186008478036092,3.0,0.0,7.0,0.0,5.0,3.0,20.0,1,0,Très Bien
2.892635161707292,2,18.066522300262136,8.180914439684372,1.0,3.2503262863576774,4.0,8.0,2.0,7.0,20.0,1,0,Très Bien
2.864394156841614,3,17.493531406697663,7.689363232466598,6.0,3.775372731903693,5.0,9.0,3.0,3.0,20.0,1,0,Très Bien
6.900615183947151,2,11.421055896717931,10.026663719762597,9.0,2.9915674595990356,8.0,4.0,1.0,8.0,20.0,1,0,Très Bien
8.42122674516385,3,6.6536547540455135,7.065862452815735,4.0,3.5789606624427766,2.0,1.0,2.0,5.0,20.0,1,0,Très Bien
4.791101562925057,3,4.9708826950444776,7.865893550801379,5.0,3.1185952013053715,3.0,10.0,5.0,3.0,18.991299017596642,1,0,Très Bien
4.662356553619979,1,10.157885515351767,4.823630607108981,5.0,4.053869189221013,5.0,7.0,5.0,5.0,20.0,1,0,Très Bien
5.140104326226362,4,11.40577910955192,5.762558970113139,8.0,5.322513492912819,10.0,3.0,4.0,5.0,20.0,1,0,Très Bien
7.323756605216381,4,15.901876203167877,5.198771500247439,1.0,4.155872556070688,4.0,2.0,3.0,8.0,20.0,1,0,Très Bien
3.145293731618852,4,14.603416378627337,8.911095375274224,5.0,4.762968645135976,5.0,0.0,5.0,9.0,16.447368263460184,1,0,Très Bien
5.47673796546957,3,12.682215236974862,3.1711897719688755,8.0,1.4138713130574274,3.0,4.0,4.0,6.0,20.0,1,0,Très Bien
6.95039525956486,2,9.330465687176575,6.3965349658709165,3.0,6.041135077733994,9.0,2.0,3.0,10.0,20.0,1,0,Très Bien
6.002188339879691,2,9.11766132526533,3.0,10.0,3.472390078068492,8.0,3.0,2.0,3.0,20.0,1,0,Très Bien
5.379163233197486,2,12.762383061214306,5.753068156777164,5.0,2.414150912260056,6.0,8.0,2.0,2.0,20.0,1,0,Très Bien
7.002092185134282,0,14.09115293651918,6.2635765754022,6.0,3.6230708035425354,1.0,10.0,4.0,3.0,20.0,1,0,Très Bien
0.0,4,13.175643786736753,9.077306640691067,0.0,2.183082072625022,4.0,6.0,2.0,9.0,10.02427927792516,1,1,Assez Bien
6.3557506390618155,2,8.896206121180036,7.594941908832186,4.0,3.2071089988391877,7.0,10.0,4.0,7.0,20.0,1,0,Très Bien
3.6918486337451526,4,13.952002886376258,5.75028771500655,3.0,3.4516852650726406,10.0,4.0,0.0,9.0,19.42925486594908,1,0,Très Bien
1.3387342062870862,2,13.277732901304233,8.59894557959774,9.0,1.9706489978934227,5.0,7.0,3.0,6.0,20.0,1,0,Très Bien
6.022405199049961,7,8.788000781429465,7.026748381794636,1.0,3.2336756739848123,4.0,5.0,4.0,8.0,19.596450348902437,1,1,Très Bien
7.747317090325915,5,9.647037089099232,7.056350288060878,1.0,1.94857626099528,9.0,9.0,3.0,10.0,20.0,1,0,Très Bien
4.725102970744616,3,14.0654879236847,5.195992738342012,1.0,1.9389174644061196,8.0,1.0,0.0,9.0,16.558219794028258,1,0,Très Bien
6.905749094405878,1,11.296477394562327,5.514979429145291,6.0,1.4835797069695325,3.0,6.0,3.0,3.0,20.0,1,0,Très Bien
8.22455651597729,4,16.767441904909372,5.762354050081713,10.0,2.4394413588695687,6.0,0.0,4.0,7.0,20.0,1,0,Très Bien
7.629828907168095,1,13.503387828193729,7.069691909731285,10.0,2.173960997249548,4.0,2.0,2.0,9.0,20.0,1,0,Très Bien
8.279929058742786,2,10.540106435432193,7.1168285904710125,3.0,3.7108168592084865,7.0,0.0,3.0,2.0,20.0,1,0,Très Bien
6.484254982143785,2,11.969383198827202,9.316138995286067,5.0,4.644457368136932,1.0,0.0,3.0,7.0,20.0,1,0,Très Bien
5.150867277803186,4,12.190150177913155,7.577582751906752,6.0,3.9931304252625135,1.0,4.0,5.0,5.0,19.29134034826555,1,0,Très Bien
1.796068376205663,5,9.814829060274871,3.0,8.0,4.458747036357578,6.0,5.0,5.0,8.0,16.578960605579915,1,1,Très Bien
4.507875023740103,2,9.26223540546712,7.393962981807536,10.0,4.332252196373201,10.0,2.0,0.0,4.0,20.0,1,0,Très Bien
3.3135068093676168,2,14.104169681428498,4.8249754657487,1.0,1.6099562123839104,7.0,2.0,1.0,1.0,19.991098579762532,1,0,Très Bien
9.341885434995628,2,14.535819891126287,5.551043613082696,9.0,2.498901115432562,9.0,2.0,2.0,10.0,20.0,1,0,Très Bien
4.648228375135327,3,13.811344408658876,5.781745792410505,8.0,5.6691127488278,7.0,0.0,4.0,8.0,20.0,1,0,Très Bien
5.2464096135689715,4,16.545954282971405,6.004992514731548,10.0,2.183041883893897,9.0,4.0,0.0,6.0,20.0,1,0,Très Bien
6.102970752080935,1,10.374680291965195,4.937275911939546,4.0,5.780822424508166,10.0,0.0,4.0,8.0,20.0,1,0,Très Bien
5.087204892744907,4,17.022812298213392,7.305223005178432,5.0,2.3741890068338445,9.0,9.0,4.0,3.0,20.0,1,0,Très Bien
8.390102080861507,5,9.297236644337541,4.883796572363561,5.0,0.0,8.0,9.0,3.0,8.0,20.0,1,0,Très Bien
3.754701276531096,1,8.961943309894522,7.53500141087477,10.0,2.629079251576202,7.0,2.0,0.0,8.0,20.0,1,0,Très Bien
5.389214910474485,2,6.72012335355225,10.355456615592445,2.0,4.269853919407617,3.0,5.0,0.0,1.0,20.0,1,0,Très Bien
3.5150588286039035,3,10.662614058519548,5.005961411598904,10.0,5.495177585653105,3.0,10.0,5.0,4.0,20.0,1,0,Très Bien
2.3599549775585884,1,10.48883298951164,6.573234543491167,10.0,0.7831370327699592,5.0,5.0,2.0,7.0,20.0,1,0,Très Bien
3.7764618181894294,3,13.577811840763951,3.2148139562312954,9.0,4.24240046791277,7.0,2.0,1.0,1.0,20.0,1,0,Très Bien
4.9259264059031755,4,12.731672824861352,6.5485970605448,6.0,4.339721737630462,10.0,8.0,4.0,3.0,20.0,1,0,Très Bien
4.1413955509654805,4,8.42107988694259,7.9640757289472255,6.0,4.952103585461538,7.0,7.0,2.0,3.0,19.36896241474443,1,0,Très Bien
3.615158040252288,3,10.821821284722548,8.0809588470359,7.0,0.0,1.0,10.0,5.0,6.0,20.0,1,0,Très Bien
2.1873650726563323,5,10.885613936736943,7.1160455954261455,4.0,5.485244431020947,8.0,2.0,2.0,5.0,13.8636821182632,1,0,Bien
4.83378885474261,1,6.672053259114322,8.333895137138464,1.0,3.661353003462394,1.0,4.0,4.0,7.0,16.179358549679602,1,0,Très Bien
1.9905592519379955,4,9.057159818959892,10.819081803914187,2.0,3.6879706963764236,4.0,4.0,3.0,3.0,12.311930445736756,1,0,Bien
6.520111927379205,2,9.687559108157732,9.568457031156399,8.0,4.558497957459858,2.0,4.0,3.0,1.0,20.0,1,0,Très Bien
5.164879505869006,1,16.30087505946284,6.216218605885545,5.0,0.0,5.0,2.0,4.0,3.0,20.0,1,0,Très Bien
2.084897001070139,4,12.574352147872057,4.823344020299892,7.0,4.522498166826033,6.0,4.0,5.0,8.0,15.455279139121203,1,0,Très Bien
4.381581845900273,3,13.986506261842498,6.3907728751392945,7.0,6.56237597528074,4.0,4.0,5.0,5.0,20.0,1,0,Très Bien
3.4956871888188337,2,7.504093508552364,5.579525851573978,4.0,0.9470247214250338,4.0,3.0,0.0,3.0,16.747689764949435,1,0,Très Bien
5.638349020838361,2,15.582643449041974,7.677021321796949,0.0,2.9034093267733097,7.0,3.0,1.0,8.0,20.0,1,0,Très Bien
7.680900892046289,1,15.903306189072278,5.228209690855753,5.0,3.056190715305419,4.0,1.0,3.0,6.0,20.0,1,0,Très Bien
1.2496550607085108,2,6.004965098566122,6.890766351114487,6.0,3.5346793710704874,2.0,8.0,1.0,3.0,15.382932066255274,1,1,Très Bien
5.230052158294835,4,9.884049828252454,8.257021081804465,8.0,3.6390592979625866,4.0,6.0,2.0,5.0,20.0,1,0,Très Bien
4.679734408866719,4,13.487296719046531,6.848956190774235,1.0,1.9927621793812444,7.0,0.0,2.0,1.0,19.97687224451844,1,0,Très Bien
6.342680152900932,6,13.933165360614547,5.5805292658783054,1.0,3.059925722892562,1.0,4.0,4.0,6.0,20.0,1,0,Très Bien
5.426393256475379,1,9.964515808538334,8.762221086378538,9.0,5.616047258479819,4.0,1.0,4.0,9.0,20.0,1,0,Très Bien
3.496061336522362,4,11.083501610839042,4.181528582869259,0.0,3.609229068981664,6.0,9.0,4.0,7.0,18.15042802915361,1,0,Très Bien
4.361892128666764,0,10.207856816864572,6.508307416183805,4.0,3.5523735112254036,8.0,5.0,5.0,8.0,20.0,1,0,Très Bien
3.407948286393022,2,12.33125414083836,6.937509964927998,1.0,1.9281784866769522,8.0,6.0,3.0,6.0,20.0,1,0,Très Bien
7.152014277197196,2,15.59153559438574,7.023862987599447,2.0,5.008711280007024,9.0,1.0,1.0,5.0,20.0,1,0,Très Bien
5.0426232973438845,2,9.686873528576387,7.270744084117122,1.0,2.674617275085122,5.0,10.0,2.0,6.0,20.0,1,0,Très Bien
8.802381371506016,1,15.002461493305242,7.91565972971424,10.0,0.0,2.0,5.0,1.0,7.0,20.0,1,0,Très Bien
4.878678372370758,3,9.654983782959338,6.946888841431973,3.0,3.6303017248269462,3.0,2.0,3.0,9.0,18.430236893386887,1,0,Très Bien
3.5831864661790744,5,9.457118362509348,6.4479125767844785,10.0,4.060399988374481,2.0,8.0,1.0,8.0,16.686691339281072,1,1,Très Bien
1.9725712147743457,1,14.45578385502964,6.388615983010457,2.0,2.5517932427270367,9.0,3.0,1.0,5.0,19.508467117196744,1,0,Très Bien
1.3937206474881099,2,14.76580913402285,6.082726296942468,8.0,0.0,6.0,2.0,5.0,7.0,18.728312607538108,1,0,Très Bien
1.8317281139890205,5,14.554229810287962,8.181314986490298,9.0,1.325694826380655,1.0,10.0,4.0,8.0,18.141896112469468,1,1,Très Bien
5.534253302022967,2,8.052607775345576,6.030207280785228,1.0,2.827315988162173,3.0,2.0,5.0,1.0,20.0,1,0,Très Bien
6.017450046459867,2,10.602147065783848,8.270156663512367,6.0,2.414363459774069,7.0,1.0,5.0,8.0,20.0,1,0,Très Bien
1.8376185959357332,4,14.468965776009965,7.028498623389806,10.0,3.662507065233763,7.0,8.0,1.0,7.0,19.86726283310586,1,0,Très Bien
6.790076628152231,2,12.124625521691684,6.218117789715806,2.0,3.887514747536014,5.0,7.0,1.0,2.0,20.0,1,0,Très Bien
4.033877896633121,2,8.778921461407608,7.927610823616202,9.0,2.346266658082153,3.0,4.0,5.0,2.0,19.77422261862816,1,0,Très Bien
5.293586023971098,3,13.374953817376324,5.908819112915323,7.0,0.9015268170575208,7.0,8.0,1.0,6.0,20.0,1,0,Très Bien
8.224441256510849,4,9.855578223025589,7.957276061092319,3.0,5.179815107990532,5.0,1.0,5.0,3.0,20.0,1,0,Très Bien
6.793678631731064,4,17.383574545176636,7.319089181787677,3.0,3.8408681112423606,6.0,5.0,0.0,1.0,20.0,1,0,Très Bien
4.4629387041883355,4,16.634524387254775,6.105512966362119,8.0,4.007099287551157,3.0,6.0,5.0,8.0,20.0,1,0,Très Bien
3.217615549169425,5,13.812292279066702,7.792952223001839,10.0,3.5762180031251947,6.0,5.0,2.0,7.0,19.229945892636522,1,0,Très Bien
0.6963691973413901,2,16.08302011430932,7.819884588532958,2.0,4.646128134084302,7.0,2.0,2.0,4.0,16.893126734950336,1,0,Très Bien
3.56169336151516,0,12.194374050370143,8.736279408714937,6.0,2.4283561376060256,8.0,9.0,1.0,1.0,20.0,1,0,Très Bien
4.577739522344611,3,14.296312483125048,8.449220518613943,0.0,4.242490087130789,2.0,9.0,5.0,2.0,20.0,1,0,Très Bien
3.0256409456976323,3,16.433160885906226,7.7369110310894245,6.0,4.002751729196235,2.0,9.0,5.0,9.0,20.0,1,0,Très Bien
4.737486065815391,2,12.736496045382939,5.308613573186856,9.0,3.9531278519117734,6.0,8.0,4.0,4.0,20.0,1,0,Très Bien
5.153703765917537,3,11.234438485457149,10.672880482261085,10.0,1.208060566469386,8.0,7.0,4.0,3.0,20.0,1,0,Très Bien
4.550288036383843,5,6.886134125468653,4.894575683392285,1.0,3.208685106873539,5.0,7.0,4.0,8.0,16.514960481187444,1,0,Très Bien
3.6999948383530805,1,11.750599422835519,8.423894761423464,5.0,3.580581996945241,1.0,7.0,5.0,4.0,20.0,1,0,Très Bien
5.337309343933455,2,14.470269553686935,7.646925725329448,8.0,5.668480252216583,1.0,8.0,5.0,7.0,20.0,1,0,Très Bien
5.883881299138818,4,14.836900282702889,5.238786441278328,5.0,3.1497743150843345,10.0,0.0,2.0,5.0,20.0,1,0,Très Bien
2.819201845114308,2,13.513095197155229,6.813548591682252,2.0,4.622951612520305,9.0,7.0,3.0,5.0,19.445702387311325,1,0,Très Bien
7.82186475949254,0,10.37610271511328,6.881870670633039,0.0,0.7702971599426354,4.0,1.0,1.0,6.0,20.0,1,0,Très Bien
4.802823735431477,5,6.069535293157228,8.958374073715785,3.0,1.9252218127981122,10.0,3.0,2.0,4.0,19.575020094365037,1,0,Très Bien
5.037699245889695,0,10.514354705985795,5.930033649579682,3.0,3.6586473006675355,1.0,0.0,4.0,2.0,20.0,1,0,Très Bien
6.4164288465131145,2,11.086965386838145,6.607082490363469,7.0,3.6455840433438196,8.0,5.0,2.0,6.0,20.0,1,0,Très Bien
5.466432262527003,3,11.061213098429958,3.4958955924681057,9.0,1.9249175930063638,2.0,9.0,2.0,5.0,20.0,1,0,Très Bien
6.90627326782649,2,13.855669070933773,9.602144189685365,9.0,4.43362849636531,2.0,0.0,2.0,3.0,20.0,1,0,Très Bien
5.574248330403648,6,17.95702923304452,5.3942976354698935,6.0,2.7487199800050695,1.0,4.0,4.0,4.0,20.0,1,0,Très Bien
3.775125250719124,5,12.37058760552328,7.490366296358762,9.0,2.7137915904861853,1.0,8.0,3.0,3.0,20.0,1,0,Très Bien
5.723007050412203,3,11.349804632530615,6.847888255417204,6.0,2.8823682493320577,9.0,0.0,0.0,3.0,20.0,1,0,Très Bien
2.7125475853586765,4,11.222334560987722,6.85299854982499,6.0,5.00793865579903,1.0,8.0,1.0,4.0,16.176061546246896,1,1,Très Bien
5.217119411553046,5,12.373154300723142,8.214792977306313,1.0,4.6334299607151,6.0,3.0,1.0,2.0,18.32746781552236,1,0,Très Bien
4.933540018711079,2,9.515118718954803,9.506893690455453,8.0,5.824706945679633,7.0,2.0,2.0,4.0,20.0,1,0,Très Bien
4.583766285454921,2,12.360595676238166,7.377240504912987,5.0,3.8257154067611348,4.0,7.0,3.0,10.0,20.0,1,0,Très Bien
4.742924977122138,4,13.3524370089954,7.982617026445789,1.0,5.896363480780604,5.0,5.0,4.0,2.0,19.62585966569741,1,0,Très Bien
1.2363019090047218,4,12.629058190723464,7.493337305090561,0.0,3.357162487881321,4.0,6.0,0.0,10.0,12.549905928525192,1,0,Bien
3.902550184518077,7,13.372625802014344,8.52629713589594,10.0,2.810355943005768,4.0,8.0,0.0,8.0,20.0,1,1,Très Bien
5.185689802282229,6,13.301242828045606,6.305625430770509,0.0,2.3427976279088067,10.0,4.0,2.0,10.0,18.12637259922988,1,0,Très Bien
5.319712783994801,4,6.684309953260669,8.613085831624621,0.0,2.7356914620302497,1.0,1.0,2.0,5.0,16.965201063784818,1,0,Très Bien
2.9446497181480837,3,13.91061047518621,8.665749798471076,3.0,2.8092374746972553,6.0,2.0,4.0,7.0,16.789016756793494,1,0,Très Bien
7.531415681729401,5,9.986955463012638,8.623805513024365,3.0,1.9714977500079593,10.0,2.0,4.0,4.0,20.0,1,0,Très Bien
3.2676503035709983,2,8.712482510988126,6.009778198995286,8.0,2.114040397992017,10.0,3.0,5.0,10.0,17.979356254021603,1,0,Très Bien
6.938914401053474,6,8.686644516435011,6.747493548644214,0.0,3.9113200854538985,7.0,9.0,4.0,6.0,20.0,1,0,Très Bien
5.854388723743369,2,13.300624831417588,7.359200483170652,2.0,2.2678376832927705,7.0,6.0,2.0,10.0,20.0,1,0,Très Bien
3.7075453803123937,6,11.33227521832544,4.943736932756492,2.0,0.44942625804559455,8.0,9.0,3.0,4.0,18.807109081584223,1,0,Très Bien
8.550621785219024,3,6.954093648043768,9.392380312129022,7.0,0.3731300642764075,7.0,5.0,2.0,6.0,20.0,1,0,Très Bien
2.61272633648704,2,13.43411344557685,6.981585199746736,1.0,0.0,6.0,2.0,2.0,1.0,20.0,1,0,Très Bien
6.8383083472200035,5,7.681175607603518,7.425891831407083,5.0,0.8737586328638924,8.0,6.0,0.0,6.0,20.0,1,0,Très Bien
7.0011646360859565,3,12.419464075554632,6.134493340409196,10.0,1.2000977215351643,3.0,3.0,4.0,6.0,20.0,1,0,Très Bien
3.6587595818467102,2,12.715496777019162,5.009683660949466,3.0,1.538966496592939,9.0,9.0,1.0,2.0,20.0,1,0,Très Bien
7.784930600128657,2,14.656731245085135,6.093955171787844,9.0,3.429048635239591,3.0,10.0,4.0,10.0,20.0,1,0,Très Bien
4.499906970802094,1,17.345054359400557,7.328806281450382,5.0,1.0920039237251995,4.0,10.0,5.0,10.0,20.0,1,0,Très Bien
5.577387258559714,4,7.905971022298375,8.01014321913054,4.0,1.6208640569164754,10.0,7.0,3.0,9.0,19.936950868762228,1,0,Très Bien
5.5206436775424415,2,11.842578431810852,7.24268731090408,8.0,0.25227058810568126,6.0,6.0,3.0,6.0,20.0,1,0,Très Bien
4.731382517058904,3,11.170994114867348,7.520086024362925,8.0,2.0093956506785497,8.0,6.0,4.0,7.0,20.0,1,0,Très Bien
6.621616546319564,2,13.301249057882886,6.494460437977935,0.0,4.085833375724151,3.0,8.0,4.0,2.0,20.0,1,0,Très Bien
6.586977441104426,3,12.647006312800857,7.744372849368142,2.0,2.9649419187806747,10.0,7.0,2.0,2.0,20.0,1,0,Très Bien
1.5029360535236385,2,10.94236127179014,9.22424929957886,0.0,3.122982327994998,6.0,0.0,1.0,2.0,13.861179199093367,1,0,Bien
7.608680485756305,0,10.677293434167433,8.05718416365848,5.0,2.997069001698831,5.0,6.0,2.0,10.0,20.0,1,0,Très Bien
1.6750160239286513,2,8.650647434447858,8.21431283237941,2.0,1.072770872852402,5.0,2.0,0.0,9.0,13.202320706647603,1,0,Bien
7.065092408683315,3,14.963584747219528,7.441024598959946,0.0,2.386866263491775,5.0,3.0,0.0,3.0,20.0,1,0,Très Bien
7.253410273655167,1,13.377612544798588,4.745267395600598,5.0,3.3314630524307605,9.0,5.0,3.0,4.0,20.0,1,0,Très Bien
2.8180671395696035,2,14.753304593385412,5.433000204053135,4.0,4.45433533790157,7.0,4.0,3.0,1.0,19.718439256403695,1,0,Très Bien
4.17837142409083,3,11.068811590573459,7.682313700995765,7.0,3.5454069982373424,9.0,7.0,1.0,1.0,20.0,1,0,Très Bien
2.7885906630281285,1,10.029493593916708,6.983591422059871,1.0,4.320914203919694,9.0,1.0,3.0,4.0,15.922444984431495,1,0,Très Bien
4.570157939422529,4,8.765054800112317,7.659764329709242,7.0,1.370645249723831,6.0,4.0,5.0,2.0,20.0,1,0,Très Bien
4.383931431628517,1,13.076752751221978,9.51463512676611,4.0,0.7449900095007722,6.0,4.0,0.0,8.0,20.0,1,0,Très Bien
6.55932106453868,5,8.880620326415297,8.089053998844001,7.0,0.3713688270758988,4.0,2.0,1.0,4.0,20.0,1,0,Très Bien
7.620617492239217,1,17.54598920689965,8.888329308614232,9.0,4.225599805097463,8.0,9.0,0.0,3.0,20.0,1,0,Très Bien
7.791367621579912,1,8.077072256719678,7.142022084206095,3.0,0.8404527531221859,2.0,4.0,4.0,3.0,20.0,1,0,Très Bien
3.875663946843396,5,12.820980357637506,5.789176483773341,3.0,4.592557789332096,5.0,3.0,4.0,6.0,19.733934550347982,1,0,Très Bien
4.581556252510945,0,16.700564121641357,6.913200761178489,9.0,2.3310223237804175,1.0,10.0,1.0,6.0,20.0,1,0,Très Bien
1.6331236155580995,2,13.797269277791427,5.792872279421293,3.0,5.503139401412892,10.0,4.0,2.0,6.0,15.617375862136337,1,0,Très Bien
3.3882598670076227,2,12.527021137475337,9.337442435158671,10.0,2.3270717197922215,2.0,9.0,5.0,6.0,20.0,1,0,Très Bien
6.929703266194915,4,9.094549059114314,8.185586614803205,5.0,2.409304715757763,1.0,8.0,5.0,8.0,20.0,1,0,Très Bien
8.231165647096464,2,7.854692434296888,7.780768744942419,3.0,3.1004547601036445,6.0,6.0,3.0,8.0,20.0,1,0,Très Bien
2.531302256240156,4,14.310150326752758,8.853914803342155,8.0,2.3780730831342742,2.0,0.0,1.0,9.0,17.185071383953552,1,1,Très Bien
3.8150714816942113,5,16.518441722324837,3.9699153782151617,8.0,3.6271005245714996,4.0,2.0,5.0,1.0,20.0,1,0,Très Bien
4.947188486082146,2,10.683450028565485,7.882206927013989,2.0,1.4329200807631663,5.0,8.0,3.0,10.0,18.502627309209643,1,0,Très Bien
5.560322317639214,3,8.582815477150946,5.0340313235434415,6.0,3.2795015514300965,7.0,3.0,0.0,8.0,18.520478482330546,1,0,Très Bien
3.3807929601567075,4,4.6254917083529445,6.989116452301508,4.0,1.8737323031526185,10.0,3.0,2.0,5.0,15.917724154800911,1,0,Très Bien
5.8481220889281795,5,9.057705469012387,6.532438611299178,8.0,2.691685934791159,1.0,9.0,3.0,3.0,20.0,1,0,Très Bien
4.052321305858168,2,11.65902947250288,7.992604918145422,1.0,0.9372502655938542,5.0,5.0,4.0,10.0,17.519113209720977,1,0,Très Bien
4.9710954582434415,4,16.797369722510204,7.342280933441433,2.0,4.308444080055878,4.0,2.0,4.0,3.0,20.0,1,0,Très Bien
6.092568496007399,4,14.019401076698905,9.017675760417683,9.0,2.4662458134896084,7.0,2.0,0.0,6.0,20.0,1,0,Très Bien
5.0128445396218755,2,12.915256214120259,6.09715425860108,4.0,4.37411264714535,10.0,8.0,1.0,8.0,20.0,1,0,Très Bien
4.127228218946863,3,10.799641016096608,8.063671584449926,4.0,1.8945611147824508,7.0,4.0,3.0,10.0,20.0,1,0,Très Bien
4.780780392148339,0,10.25050284823213,7.2433348253482475,9.0,2.9864094972163646,8.0,6.0,0.0,2.0,20.0,1,0,Très Bien
4.82327408158933,7,16.21694279252389,4.547064594892671,6.0,4.388908733256107,4.0,4.0,4.0,9.0,18.620640808793887,1,1,Très Bien
4.2599779402357445,0,12.602215622275168,5.6220753122154505,7.0,1.236769897677158,4.0,5.0,4.0,5.0,20.0,1,0,Très Bien
4.482407874665795,0,5.692197924236934,6.775182949716748,7.0,1.6765100828450072,10.0,7.0,4.0,5.0,20.0,1,0,Très Bien
8.197294341009433,1,9.979381056308272,8.668438674837592,0.0,4.215855223493025,5.0,7.0,2.0,1.0,20.0,1,0,Très Bien
6.121838895882478,1,9.425351904685119,7.695584586335672,0.0,5.021150247525998,5.0,1.0,2.0,6.0,18.797845880819427,1,0,Très Bien
4.409039363941679,0,10.361207972467605,5.248748764178929,2.0,3.024315707495679,3.0,10.0,4.0,5.0,20.0,1,0,Très Bien
6.393908809021472,1,13.688731980855255,6.789525657929261,0.0,1.5456456630937085,5.0,8.0,5.0,7.0,20.0,1,0,Très Bien
4.33236102048798,5,11.677665354617252,10.026709673189545,0.0,2.5231035613505357,5.0,9.0,1.0,7.0,20.0,1,0,Très Bien
7.346249275173283,0,11.769403778989014,7.166835002261287,9.0,5.954527263581171,8.0,5.0,2.0,4.0,20.0,1,0,Très Bien
5.739284384396187,6,15.94041948397571,6.509011637391406,7.0,0.9996674855726604,7.0,6.0,3.0,5.0,20.0,1,0,Très Bien
4.7853957119915425,3,9.910616730639935,7.737609461134331,0.0,3.7919790008322543,8.0,2.0,2.0,10.0,18.333860734694476,1,0,Très Bien
5.895433851620555,4,17.59259857766205,8.145089619372955,8.0,3.188282062640156,5.0,3.0,3.0,8.0,20.0,1,0,Très Bien
1.8582476958630014,0,9.986077225886742,6.315747478779912,1.0,1.2654237155741122,2.0,5.0,2.0,2.0,13.489126897784137,1,0,Bien
2.7464650621803894,7,12.267594589837714,7.753862161557156,8.0,2.529328943643156,8.0,6.0,4.0,1.0,19.46422490543076,1,0,Très Bien
2.612149987201889,4,11.1563892137917,6.5066657549937865,6.0,0.2931537948024383,9.0,5.0,3.0,6.0,18.07550730208453,1,0,Très Bien
5.285886189527414,0,12.370257400502883,8.078991402744158,8.0,3.4323307176325772,2.0,4.0,1.0,4.0,20.0,1,0,Très Bien
8.465029998970184,2,13.333775985219386,7.254539736956926,2.0,3.6495286876508075,1.0,1.0,2.0,10.0,20.0,1,0,Très Bien
9.462600292385265,8,13.30150572026663,7.722951740579338,0.0,0.9507490720380196,6.0,6.0,2.0,3.0,20.0,1,0,Très Bien
6.276102202881514,3,9.74064800813826,5.861224680748744,0.0,3.834945238174702,3.0,4.0,4.0,7.0,17.489628902843695,1,0,Très Bien
6.001688949888914,2,8.631255967657289,5.768070423890711,10.0,2.0022985098202915,1.0,8.0,3.0,8.0,20.0,1,0,Très Bien
1.397884531694522,3,19.509515372717132,8.418245956989093,9.0,1.866445327252158,6.0,10.0,5.0,4.0,20.0,1,0,Très Bien
3.9146524005319563,4,10.54804698119834,6.88090542792176,5.0,1.5369779446545255,8.0,3.0,4.0,10.0,20.0,1,0,Très Bien
3.424432496183522,1,14.097637316015959,7.4275521131490425,6.0,3.9924387099543157,9.0,9.0,3.0,6.0,20.0,1,0,Très Bien
3.7583048034977677,5,7.177076068430409,6.54040685937022,8.0,0.4892393439467435,6.0,1.0,2.0,2.0,18.083141111921016,1,0,Très Bien
4.663712362830421,1,11.16116184028597,8.348090161020465,5.0,0.615976161650583,6.0,6.0,2.0,8.0,20.0,1,0,Très Bien
4.055818844605746,5,11.61840184805267,6.088285029955514,4.0,2.1117600501433382,1.0,6.0,2.0,6.0,19.751730364716693,1,0,Très Bien
1.0414003792484245,2,13.418445209783497,6.796598140148676,1.0,2.163626680668701,5.0,0.0,2.0,9.0,14.09827611342366,1,0,Très Bien
6.495820512235068,1,3.832637577024183,8.178989219054698,1.0,3.9399206349478217,3.0,10.0,0.0,6.0,19.93278547100344,1,0,Très Bien
2.854513948520387,0,12.498421839234991,8.759451548746398,7.0,2.863291136063082,7.0,4.0,2.0,6.0,20.0,1,0,Très Bien
5.478493728222299,2,8.550775633896322,6.214361063459975,0.0,2.8658601628723623,9.0,2.0,2.0,2.0,20.0,1,0,Très Bien
9.148165339499947,1,12.973037133584771,9.939525972933824,7.0,0.5702819903005905,6.0,8.0,5.0,5.0,20.0,1,0,Très Bien
3.1612308168271532,2,8.891012409485512,7.469862540540425,10.0,2.654451133832665,5.0,8.0,5.0,9.0,20.0,1,0,Très Bien
0.0,0,9.433551912223257,5.435607607286894,9.0,0.0,7.0,6.0,3.0,1.0,17.81861875381614,1,0,Très Bien
4.427991556239778,3,11.179117168820195,7.553578072884952,10.0,3.3561865079051487,9.0,8.0,2.0,4.0,20.0,1,0,Très Bien
7.201919269997142,6,8.843011591190415,6.425501178274813,6.0,4.015937597839589,5.0,1.0,2.0,10.0,20.0,1,0,Très Bien
8.916694908441187,2,10.573396659793936,7.651102730774765,6.0,1.8307045796813137,5.0,10.0,3.0,10.0,20.0,1,0,Très Bien
2.5409008110951663,0,8.419872694370055,6.935715628509493,4.0,3.5630072206333154,10.0,9.0,2.0,3.0,19.404616131313404,1,0,Très Bien
5.993398446473043,2,6.500488644903817,7.111410535285217,2.0,2.3414314825452993,4.0,7.0,2.0,1.0,20.0,1,0,Très Bien
4.069379086439893,1,15.053871157288079,5.632609935120781,6.0,4.848172892928391,5.0,9.0,4.0,1.0,20.0,1,0,Très Bien
4.788103291391729,6,8.111853921528215,8.485091846074539,6.0,3.342020593809103,7.0,9.0,0.0,1.0,20.0,1,0,Très Bien
10.28868669403407,4,11.46395733717605,5.265808949273452,6.0,1.4420404341104203,3.0,9.0,3.0,1.0,20.0,1,0,Très Bien
1.9940593432096936,1,14.258673244481354,5.336852656892507,10.0,4.7564585925772125,4.0,0.0,4.0,2.0,20.0,1,0,Très Bien
5.5074793229891466,2,10.15516769245187,7.55104052372123,1.0,4.240525851569159,9.0,2.0,5.0,5.0,20.0,1,0,Très Bien
5.935386343530866,5,9.524502300763386,9.404266370766955,2.0,2.3817846977957293,2.0,7.0,1.0,2.0,18.926903135078817,1,0,Très Bien
7.171572649878694,2,12.678714266002265,6.47111035440339,2.0,3.743268535824635,8.0,10.0,1.0,4.0,20.0,1,0,Très Bien
5.1959663069417905,3,15.353801468181455,8.05145848405595,3.0,3.7192912630031554,9.0,7.0,5.0,9.0,20.0,1,0,Très Bien
5.616101079008205,2,8.492054204740594,8.610010265295319,8.0,2.3615922990572127,5.0,9.0,0.0,3.0,20.0,1,0,Très Bien
4.216702865156417,1,11.549556503947683,8.222026655941104,9.0,3.09847106272867,7.0,7.0,1.0,2.0,20.0,1,0,Très Bien
5.538253882490214,5,6.802516215098018,6.533187566239478,0.0,3.3667838210292818,6.0,10.0,0.0,4.0,19.165491214197896,1,0,Très Bien
4.313615449005179,3,10.82039698895343,5.363429924208888,6.0,1.9865491043519405,1.0,10.0,1.0,9.0,16.965792474071367,1,0,Très Bien
6.243143779712102,3,12.102614053614227,3.6886786514929675,6.0,5.019816694915656,8.0,6.0,1.0,4.0,20.0,1,0,Très Bien
4.260779327912732,2,9.436126074734803,6.60573925080641,10.0,0.034179853391111514,9.0,1.0,4.0,5.0,20.0,1,0,Très Bien
5.754200787804373,5,10.629024498524306,8.767131052843261,3.0,4.015411519691353,10.0,2.0,1.0,4.0,20.0,1,0,Très Bien
4.941474372630044,2,7.77531969507765,5.313751022857099,10.0,1.1724531843684889,1.0,8.0,5.0,8.0,20.0,1,0,Très Bien
7.252100501544336,2,12.231235834144481,8.050314771278147,0.0,2.6347021993616964,8.0,1.0,0.0,4.0,20.0,1,0,Très Bien
4.897212552823028,2,15.167082746649449,5.574771204922191,2.0,0.6026917707408996,3.0,6.0,2.0,2.0,20.0,1,0,Très Bien
1.4539350635862371,0,8.708568390688608,7.159108864580257,4.0,1.0214631977259978,6.0,0.0,2.0,4.0,14.38303615228237,1,0,Très Bien
7.523843001427983,3,10.131984700342851,8.061687421232527,1.0,2.8693784922475274,10.0,2.0,2.0,2.0,20.0,1,0,Très Bien
3.1885353982747624,5,13.507638739362545,6.0107568447423585,6.0,3.109109227560118,8.0,0.0,0.0,9.0,19.370661978007,1,0,Très Bien
3.6924673227023606,2,15.636272157968207,7.255727021045371,9.0,4.589700049220473,5.0,5.0,0.0,8.0,20.0,1,0,Très Bien
3.808677411913016,2,7.520430563373206,6.377362994912007,9.0,2.401387266502263,8.0,3.0,2.0,9.0,18.95198453353226,1,0,Très Bien
7.748876186341635,4,11.493645787752152,8.057722988407265,6.0,3.924608186366518,7.0,0.0,5.0,4.0,20.0,1,0,Très Bien
0.728651572042609,5,12.849392466958575,7.352975752726956,9.0,2.9846080139158158,7.0,4.0,1.0,1.0,17.214412170662392,1,0,Très Bien
11.275497067319987,4,11.693830828113455,7.084761511643901,4.0,3.8668923391279955,7.0,3.0,2.0,3.0,20.0,1,0,Très Bien
7.112113618132104,2,4.569623799368738,9.337524940212965,9.0,1.3620881905521154,9.0,10.0,3.0,7.0,20.0,1,0,Très Bien
5.4464778282583195,2,13.503270027926316,7.993459213552454,5.0,3.1332117027954127,6.0,9.0,0.0,1.0,20.0,1,0,Très Bien
4.890211998767427,2,16.55800905327193,5.964472200810566,0.0,3.5598285228715385,6.0,10.0,3.0,8.0,20.0,1,0,Très Bien
5.571108149715314,2,12.34998525350851,6.871204148803357,3.0,2.2550547199338116,9.0,9.0,3.0,9.0,20.0,1,0,Très Bien
6.042244856758677,2,8.90668184011721,6.8861518223805085,3.0,3.5714050883342567,6.0,1.0,0.0,8.0,20.0,1,0,Très Bien
6.290431171900114,3,10.46061826090715,7.120479358937818,10.0,3.713927314103896,7.0,6.0,2.0,5.0,20.0,1,0,Très Bien
6.111208932006897,5,17.309739202966778,10.786763914911242,7.0,2.223254713193421,7.0,7.0,5.0,9.0,20.0,1,0,Très Bien
5.179161362510498,3,14.729887622581675,7.556277839066495,1.0,4.163140997635283,2.0,3.0,4.0,4.0,20.0,1,0,Très Bien
4.605323159385348,3,13.920079855152988,3.946146144842836,0.0,0.0,8.0,8.0,3.0,9.0,20.0,1,0,Très Bien
4.697453432692977,5,13.069237750603127,6.185801542424552,6.0,0.12694818600421254,6.0,2.0,2.0,1.0,20.0,1,0,Très Bien
4.610183439294638,4,10.016588663427083,4.101441868756288,5.0,1.4486712290783792,4.0,5.0,4.0,3.0,19.168535452391396,1,0,Très Bien
7.2675401937341295,1,11.398286458032695,6.5053026144312405,4.0,3.422024839648401,7.0,10.0,3.0,4.0,20.0,1,0,Très Bien
6.1871134445617235,2,11.766231792964453,4.0190346554103575,7.0,1.867543901146795,8.0,6.0,2.0,10.0,20.0,1,0,Très Bien
0.0,1,13.648722948193331,5.692614293397358,10.0,0.9933755974434106,1.0,6.0,3.0,1.0,16.783911241174003,1,0,Très Bien
6.311801553059522,5,16.52675668280071,4.7189177055488205,1.0,2.867130595427815,10.0,5.0,2.0,6.0,20.0,1,0,Très Bien
5.389472389437549,0,15.355014410379384,7.576240266951216,1.0,3.150556459087424,4.0,8.0,5.0,4.0,20.0,1,0,Très Bien
4.962582487108206,5,7.741846932611878,7.000809043943318,8.0,2.045149468166963,4.0,0.0,1.0,4.0,17.88686735042038,1,0,Très Bien
4.222963093822228,4,12.671984906703146,7.454443461248097,0.0,1.2232894605979858,10.0,8.0,1.0,1.0,19.872838191438948,1,0,Très Bien
7.2482254399720265,3,14.210290035503691,6.843172917147211,5.0,3.010647600266339,9.0,8.0,0.0,5.0,20.0,1,0,Très Bien
6.895052924245716,3,13.856580990433907,4.908553374693373,2.0,4.1924083934634595,6.0,3.0,4.0,9.0,20.0,1,0,Très Bien
3.4542446643527818,3,10.112298709837741,7.770282053882103,4.0,1.1786275646150837,4.0,4.0,3.0,6.0,17.788001839487677,1,0,Très Bien
5.81410457424907,1,20.0,9.88333684040418,7.0,5.37143950482273,1.0,2.0,3.0,8.0,20.0,1,0,Très Bien
3.0566865309174283,1,8.168746313006643,7.61381886790982,6.0,2.15006185862962,8.0,6.0,2.0,4.0,18.32473861149892,1,0,Très Bien
2.240763670422139,2,8.75043466000185,6.361113101023651,3.0,2.0449586897195577,9.0,1.0,4.0,9.0,17.580931854091858,1,0,Très Bien
3.74656555082007,3,12.700785243784729,4.857899235841833,7.0,3.201424187476491,5.0,7.0,3.0,7.0,20.0,1,0,Très Bien
6.724786944765517,3,18.35040916489156,5.637899543860052,10.0,3.1549379607896837,5.0,8.0,4.0,7.0,20.0,1,0,Très Bien
6.906250090752174,3,9.491415447887487,7.679559484858088,10.0,0.0,10.0,5.0,4.0,8.0,20.0,1,0,Très Bien
6.026170840194586,4,11.202514903059024,8.609677040199063,9.0,2.837748017720468,8.0,8.0,1.0,2.0,20.0,1,0,Très Bien
6.450191573695994,5,15.231881019047078,7.391299262082964,10.0,3.866998115601701,8.0,5.0,3.0,6.0,20.0,1,0,Très Bien
6.032356574229917,2,11.946413535336799,8.199830934558975,1.0,4.541886421241468,5.0,2.0,3.0,7.0,20.0,1,0,Très Bien
3.7170368095540955,2,10.996188436409113,8.061517366040864,6.0,2.826355746411029,4.0,9.0,0.0,3.0,19.507873926290237,1,0,Très Bien
5.8638450893478815,3,13.69689870566016,7.759801587078877,4.0,2.465864427120023,6.0,2.0,4.0,8.0,20.0,1,0,Très Bien
6.600819050455365,2,12.81755397068878,6.012289607108116,10.0,4.0870216400376975,10.0,1.0,2.0,1.0,20.0,1,0,Très Bien
6.508582659627148,4,15.091316356910374,7.2608852679627285,5.0,5.687655436599159,5.0,4.0,1.0,1.0,20.0,1,0,Très Bien
7.377826742949286,5,15.87440666719609,5.727433294176793,2.0,3.1403110814902475,8.0,3.0,0.0,10.0,20.0,1,0,Très Bien
6.416607694402128,4,12.921009180016085,7.026143429437153,10.0,2.726385924806821,9.0,5.0,1.0,3.0,20.0,1,0,Très Bien
5.702896415083166,4,12.875198176134926,7.496295296600368,9.0,4.8852954891702876,1.0,4.0,2.0,6.0,20.0,1,0,Très Bien
7.140300476632855,5,12.642332946858401,9.518175711080282,6.0,1.3053156931390804,9.0,5.0,0.0,7.0,20.0,1,0,Très Bien
4.9469574815018795,2,13.467391669947864,5.035402038448552,6.0,3.0939729742168076,9.0,3.0,1.0,2.0,20.0,1,0,Très Bien
3.2362506975445644,5,12.165511913614392,7.722261446486958,1.0,6.611477738785252,6.0,2.0,2.0,6.0,16.525260727847925,1,0,Très Bien
4.673866072112472,1,11.998174553033131,9.221854887435391,0.0,3.6800680304726763,10.0,0.0,5.0,5.0,20.0,1,0,Très Bien
3.510194710387102,2,15.589881362481727,8.138271648758195,9.0,4.15017427349485,5.0,4.0,0.0,6.0,20.0,1,0,Très Bien
